-- phpMyAdmin SQL Dump
-- version 5.2.1
-- https://www.phpmyadmin.net/
--
-- Hôte : 127.0.0.1
-- Généré le : mar. 04 juin 2024 à 01:27
-- Version du serveur : 10.4.32-MariaDB
-- Version de PHP : 8.2.12

SET SQL_MODE = "NO_AUTO_VALUE_ON_ZERO";
START TRANSACTION;
SET time_zone = "+00:00";


/*!40101 SET @OLD_CHARACTER_SET_CLIENT=@@CHARACTER_SET_CLIENT */;
/*!40101 SET @OLD_CHARACTER_SET_RESULTS=@@CHARACTER_SET_RESULTS */;
/*!40101 SET @OLD_COLLATION_CONNECTION=@@COLLATION_CONNECTION */;
/*!40101 SET NAMES utf8mb4 */;

--
-- Base de données : `medicodentetl`
--

-- --------------------------------------------------------

--
-- Structure de la table `faits_patient`
--

CREATE TABLE `faits_patient` (
  `id_D` int(8) NOT NULL,
  `id_patient` int(8) NOT NULL,
  `nb_patient` int(8) NOT NULL
) ENGINE=InnoDB DEFAULT CHARSET=utf8mb4 COLLATE=utf8mb4_general_ci;

--
-- Déchargement des données de la table `faits_patient`
--

INSERT INTO `faits_patient` (`id_D`, `id_patient`, `nb_patient`) VALUES
(20170001, 2, 30),
(20170001, 1, 2),
(20170002, 2, 17),
(20170002, 1, 0),
(20170003, 2, 17),
(20170003, 1, 7),
(20170004, 2, 30),
(20170004, 1, 2),
(20170005, 2, 26),
(20170005, 1, 5),
(20170006, 2, 32),
(20170006, 1, 1),
(20170007, 2, 19),
(20170007, 1, 4),
(20170008, 2, 20),
(20170008, 1, 8),
(20170011, 2, 16),
(20170011, 1, 6),
(20170012, 2, 18),
(20170012, 1, 5),
(20170013, 2, 23),
(20170013, 1, 2),
(20170014, 2, 32),
(20170014, 1, 3),
(20170015, 2, 23),
(20170015, 1, 8),
(20170016, 2, 26),
(20170016, 1, 7),
(20170017, 2, 16),
(20170017, 1, 3),
(20170018, 2, 22),
(20170018, 1, 10),
(20170019, 2, 31),
(20170019, 1, 6),
(20170020, 2, 25),
(20170020, 1, 4),
(20170021, 2, 20),
(20170021, 1, 3),
(20170022, 2, 19),
(20170022, 1, 5),
(20170023, 2, 14),
(20170023, 1, 3),
(20170024, 2, 30),
(20170024, 1, 6),
(20170025, 2, 23),
(20170025, 1, 3),
(20170026, 2, 27),
(20170026, 1, 7),
(20170027, 2, 22),
(20170027, 1, 2),
(20170028, 2, 20),
(20170028, 1, 8),
(20170029, 2, 33),
(20170029, 1, 8),
(20170030, 2, 27),
(20170030, 1, 2),
(20170031, 2, 21),
(20170031, 1, 4),
(20170032, 2, 20),
(20170032, 1, 2),
(20170033, 2, 18),
(20170033, 1, 7),
(20170034, 2, 28),
(20170034, 1, 4),
(20170035, 2, 20),
(20170035, 1, 6),
(20170036, 2, 30),
(20170036, 1, 4),
(20170037, 2, 31),
(20170037, 1, 5),
(20170038, 2, 24),
(20170038, 1, 5),
(20170039, 2, 32),
(20170039, 1, 4),
(20170040, 2, 21),
(20170040, 1, 5),
(20170041, 2, 31),
(20170041, 1, 5),
(20170042, 2, 35),
(20170042, 1, 6),
(20170043, 2, 22),
(20170043, 1, 5),
(20170044, 2, 35),
(20170044, 1, 3),
(20170045, 2, 19),
(20170045, 1, 10),
(20170046, 2, 27),
(20170046, 1, 6),
(20170047, 2, 21),
(20170047, 1, 3),
(20170048, 2, 23),
(20170048, 1, 5),
(20170049, 2, 33),
(20170049, 1, 4),
(20170050, 2, 25),
(20170050, 1, 2),
(20170051, 2, 20),
(20170051, 1, 3),
(20170052, 2, 20),
(20170052, 1, 3),
(20170053, 2, 17),
(20170053, 1, 4),
(20170054, 2, 30),
(20170054, 1, 5),
(20170055, 2, 24),
(20170055, 1, 6),
(20170056, 2, 22),
(20170056, 1, 9),
(20170057, 2, 17),
(20170057, 1, 4),
(20170058, 2, 23),
(20170058, 1, 7),
(20170059, 2, 34),
(20170059, 1, 1),
(20170060, 2, 11),
(20170060, 1, 4),
(20170061, 2, 15),
(20170061, 1, 4),
(20170062, 2, 17),
(20170062, 1, 4),
(20170063, 2, 25),
(20170063, 1, 7),
(20170064, 2, 26),
(20170064, 1, 3),
(20170065, 2, 17),
(20170065, 1, 5),
(20170066, 2, 25),
(20170066, 1, 6),
(20170067, 2, 30),
(20170067, 1, 5),
(20170068, 2, 24),
(20170068, 1, 4),
(20170069, 2, 15),
(20170069, 1, 5),
(20170070, 2, 19),
(20170070, 1, 5),
(20170071, 2, 19),
(20170071, 1, 8),
(20170072, 2, 30),
(20170072, 1, 3),
(20170073, 2, 21),
(20170073, 1, 2),
(20170075, 2, 31),
(20170075, 1, 6),
(20170076, 2, 22),
(20170076, 1, 6),
(20170077, 2, 38),
(20170077, 1, 5),
(20170078, 2, 20),
(20170078, 1, 10),
(20170079, 2, 31),
(20170079, 1, 5),
(20170080, 2, 31),
(20170080, 1, 5),
(20170081, 2, 16),
(20170081, 1, 6),
(20170082, 2, 12),
(20170082, 1, 1),
(20170084, 2, 18),
(20170084, 1, 6),
(20170085, 2, 22),
(20170085, 1, 10),
(20170086, 2, 30),
(20170086, 1, 4),
(20170087, 2, 21),
(20170087, 1, 6),
(20170089, 2, 15),
(20170089, 1, 2),
(20170090, 2, 17),
(20170090, 1, 8),
(20170091, 2, 34),
(20170091, 1, 2),
(20170092, 2, 19),
(20170092, 1, 7),
(20170093, 2, 29),
(20170093, 1, 3),
(20170094, 2, 17),
(20170094, 1, 4),
(20170095, 2, 19),
(20170095, 1, 9),
(20170096, 2, 27),
(20170096, 1, 9),
(20170097, 2, 22),
(20170097, 1, 4),
(20170098, 2, 20),
(20170098, 1, 4),
(20170099, 2, 15),
(20170099, 1, 2),
(20170100, 2, 21),
(20170100, 1, 7),
(20170102, 2, 14),
(20170102, 1, 2),
(20170103, 2, 24),
(20170103, 1, 3),
(20170104, 2, 19),
(20170104, 1, 1),
(20170105, 2, 21),
(20170105, 1, 6),
(20170106, 2, 33),
(20170106, 1, 6),
(20170107, 2, 20),
(20170107, 1, 4),
(20170109, 2, 19),
(20170109, 1, 2),
(20170110, 2, 16),
(20170110, 1, 7),
(20170111, 2, 31),
(20170111, 1, 3),
(20170112, 2, 19),
(20170112, 1, 3),
(20170113, 2, 30),
(20170113, 1, 3),
(20170114, 2, 14),
(20170114, 1, 4),
(20170115, 2, 23),
(20170115, 1, 3),
(20170116, 2, 31),
(20170116, 1, 3),
(20170117, 2, 17),
(20170117, 1, 2),
(20170118, 2, 16),
(20170118, 1, 3),
(20170119, 2, 19),
(20170119, 1, 1),
(20170120, 2, 19),
(20170120, 1, 5),
(20170121, 2, 29),
(20170121, 1, 2),
(20170123, 2, 11),
(20170123, 1, 2),
(20170124, 2, 18),
(20170124, 1, 4),
(20170125, 2, 22),
(20170125, 1, 5),
(20170126, 2, 28),
(20170126, 1, 6),
(20170127, 2, 18),
(20170127, 1, 7),
(20170128, 2, 18),
(20170128, 1, 2),
(20170129, 2, 13),
(20170129, 1, 7),
(20170130, 2, 17),
(20170130, 1, 5),
(20170131, 2, 29),
(20170131, 1, 3),
(20170132, 2, 27),
(20170132, 1, 3),
(20170133, 2, 26),
(20170133, 1, 7),
(20170134, 2, 23),
(20170134, 1, 1),
(20170135, 2, 17),
(20170135, 1, 6),
(20170136, 2, 32),
(20170136, 1, 3),
(20170138, 2, 16),
(20170138, 1, 2),
(20170139, 2, 17),
(20170139, 1, 1),
(20170140, 2, 15),
(20170140, 1, 0),
(20170141, 2, 29),
(20170141, 1, 3),
(20170142, 2, 24),
(20170142, 1, 3),
(20170143, 2, 22),
(20170143, 1, 6),
(20170144, 2, 16),
(20170144, 1, 2),
(20170145, 2, 17),
(20170145, 1, 4),
(20170146, 2, 23),
(20170146, 1, 8),
(20170147, 2, 20),
(20170147, 1, 4),
(20170148, 2, 19),
(20170148, 1, 1),
(20170149, 2, 23),
(20170149, 1, 6),
(20170150, 2, 13),
(20170150, 1, 8),
(20170151, 2, 22),
(20170151, 1, 9),
(20170152, 2, 15),
(20170152, 1, 6),
(20170153, 2, 19),
(20170153, 1, 5),
(20170154, 2, 20),
(20170154, 1, 10),
(20170155, 2, 14),
(20170155, 1, 6),
(20170156, 2, 11),
(20170156, 1, 5),
(20170164, 2, 25),
(20170164, 1, 1),
(20170165, 2, 11),
(20170165, 1, 2),
(20170166, 2, 24),
(20170166, 1, 7),
(20170167, 2, 13),
(20170167, 1, 3),
(20170168, 2, 21),
(20170168, 1, 4),
(20170171, 2, 25),
(20170171, 1, 7),
(20170172, 2, 13),
(20170172, 1, 5),
(20170173, 2, 23),
(20170173, 1, 4),
(20170174, 2, 26),
(20170174, 1, 2),
(20170175, 2, 19),
(20170175, 1, 5),
(20170176, 2, 13),
(20170176, 1, 3),
(20170177, 2, 12),
(20170177, 1, 5),
(20170178, 2, 18),
(20170178, 1, 4),
(20170179, 2, 24),
(20170179, 1, 5),
(20170180, 2, 24),
(20170180, 1, 3),
(20170181, 2, 22),
(20170181, 1, 8),
(20170182, 2, 16),
(20170182, 1, 2),
(20170186, 2, 18),
(20170186, 1, 2),
(20170187, 2, 21),
(20170187, 1, 8),
(20170188, 2, 18),
(20170188, 1, 8),
(20170189, 2, 27),
(20170189, 1, 12),
(20170190, 2, 23),
(20170190, 1, 8),
(20170191, 2, 27),
(20170191, 1, 7),
(20170192, 2, 17),
(20170192, 1, 4),
(20170193, 2, 24),
(20170193, 1, 6),
(20170194, 2, 27),
(20170194, 1, 4),
(20170195, 2, 15),
(20170195, 1, 5),
(20170196, 2, 15),
(20170196, 1, 3),
(20170197, 2, 21),
(20170197, 1, 3),
(20170198, 2, 21),
(20170198, 1, 6),
(20170199, 2, 26),
(20170199, 1, 2),
(20170200, 2, 21),
(20170200, 1, 2),
(20170201, 2, 25),
(20170201, 1, 4),
(20170202, 2, 15),
(20170202, 1, 4),
(20170203, 2, 24),
(20170203, 1, 7),
(20170204, 2, 26),
(20170204, 1, 3),
(20170205, 2, 19),
(20170205, 1, 3),
(20170206, 2, 29),
(20170206, 1, 3),
(20170207, 2, 28),
(20170207, 1, 4),
(20170208, 2, 21),
(20170208, 1, 4),
(20170209, 2, 19),
(20170209, 1, 7),
(20170210, 2, 13),
(20170210, 1, 8),
(20170211, 2, 32),
(20170211, 1, 8),
(20170212, 2, 15),
(20170212, 1, 8),
(20170216, 2, 11),
(20170216, 1, 6),
(20170217, 2, 19),
(20170217, 1, 2),
(20170218, 2, 17),
(20170218, 1, 7),
(20170219, 2, 26),
(20170219, 1, 4),
(20170220, 2, 19),
(20170220, 1, 3),
(20170221, 2, 24),
(20170221, 1, 6),
(20170222, 2, 8),
(20170222, 1, 2),
(20170226, 2, 11),
(20170226, 1, 6),
(20170227, 2, 12),
(20170227, 1, 7),
(20170228, 2, 20),
(20170228, 1, 6),
(20170229, 2, 25),
(20170229, 1, 9),
(20170230, 2, 9),
(20170230, 1, 9),
(20170231, 2, 25),
(20170231, 1, 5),
(20170232, 2, 15),
(20170232, 1, 2),
(20170233, 2, 26),
(20170233, 1, 6),
(20170234, 2, 16),
(20170234, 1, 12),
(20170235, 2, 23),
(20170235, 1, 2),
(20170236, 2, 14),
(20170236, 1, 4),
(20170237, 2, 15),
(20170237, 1, 3),
(20170238, 2, 20),
(20170238, 1, 8),
(20170239, 2, 20),
(20170239, 1, 7),
(20170240, 2, 12),
(20170240, 1, 1),
(20170241, 2, 24),
(20170241, 1, 3),
(20170242, 2, 13),
(20170242, 1, 5),
(20170243, 2, 23),
(20170243, 1, 5),
(20170244, 2, 23),
(20170244, 1, 6),
(20170245, 2, 13),
(20170245, 1, 0),
(20170246, 2, 4),
(20170246, 1, 6),
(20170247, 2, 14),
(20170247, 1, 4),
(20170248, 2, 15),
(20170248, 1, 4),
(20170249, 2, 24),
(20170249, 1, 6),
(20170250, 2, 7),
(20170250, 1, 2),
(20180005, 2, 25),
(20180005, 1, 5),
(20180006, 2, 25),
(20180006, 1, 5),
(20180007, 2, 20),
(20180007, 1, 2),
(20180008, 2, 17),
(20180008, 1, 14),
(20180009, 2, 31),
(20180009, 1, 5),
(20180010, 2, 21),
(20180010, 1, 3),
(20180011, 2, 13),
(20180011, 1, 4),
(20180012, 2, 17),
(20180012, 1, 1),
(20180013, 2, 20),
(20180013, 1, 6),
(20180016, 2, 28),
(20180016, 1, 5),
(20180017, 2, 17),
(20180017, 1, 6),
(20180018, 2, 21),
(20180018, 1, 3),
(20180019, 2, 27),
(20180019, 1, 8),
(20180020, 2, 13),
(20180020, 1, 11),
(20180021, 2, 13),
(20180021, 1, 6),
(20180022, 2, 16),
(20180022, 1, 6),
(20180023, 2, 15),
(20180023, 1, 8),
(20180024, 2, 30),
(20180024, 1, 4),
(20180025, 2, 23),
(20180025, 1, 2),
(20180026, 2, 22),
(20180026, 1, 5),
(20180027, 2, 16),
(20180027, 1, 3),
(20180028, 2, 18),
(20180028, 1, 9),
(20180029, 2, 29),
(20180029, 1, 3),
(20180030, 2, 14),
(20180030, 1, 8),
(20180031, 2, 12),
(20180031, 1, 5),
(20180032, 2, 28),
(20180032, 1, 2),
(20180033, 2, 18),
(20180033, 1, 8),
(20180034, 2, 27),
(20180034, 1, 2),
(20180035, 2, 22),
(20180035, 1, 2),
(20180036, 2, 29),
(20180036, 1, 4),
(20180037, 2, 27),
(20180037, 1, 4),
(20180038, 2, 23),
(20180038, 1, 4),
(20180039, 2, 26),
(20180039, 1, 8),
(20180040, 2, 21),
(20180040, 1, 6),
(20180041, 2, 10),
(20180041, 1, 4),
(20180042, 2, 15),
(20180042, 1, 6),
(20180043, 2, 15),
(20180043, 1, 9),
(20180044, 2, 20),
(20180044, 1, 7),
(20180045, 2, 23),
(20180045, 1, 2),
(20180046, 2, 31),
(20180046, 1, 5),
(20180047, 2, 19),
(20180047, 1, 3),
(20180048, 2, 16),
(20180048, 1, 10),
(20180049, 2, 27),
(20180049, 1, 6),
(20180050, 2, 20),
(20180050, 1, 4),
(20180051, 2, 18),
(20180051, 1, 3),
(20180052, 2, 13),
(20180052, 1, 5),
(20180053, 2, 9),
(20180053, 1, 11),
(20180054, 2, 26),
(20180054, 1, 5),
(20180055, 2, 14),
(20180055, 1, 2),
(20180056, 2, 28),
(20180056, 1, 3),
(20180057, 2, 16),
(20180057, 1, 2),
(20180058, 2, 23),
(20180058, 1, 8),
(20180059, 2, 26),
(20180059, 1, 7),
(20180060, 2, 19),
(20180060, 1, 7),
(20180061, 2, 13),
(20180061, 1, 6),
(20180062, 2, 16),
(20180062, 1, 2),
(20180063, 2, 14),
(20180063, 1, 5),
(20180065, 2, 17),
(20180065, 1, 3),
(20180066, 2, 15),
(20180066, 1, 7),
(20180067, 2, 25),
(20180067, 1, 5),
(20180068, 2, 20),
(20180068, 1, 6),
(20180069, 2, 26),
(20180069, 1, 4),
(20180070, 2, 26),
(20180070, 1, 4),
(20180071, 2, 23),
(20180071, 1, 2),
(20180074, 2, 32),
(20180074, 1, 4),
(20180075, 2, 30),
(20180075, 1, 6),
(20180076, 2, 20),
(20180076, 1, 6),
(20180077, 2, 29),
(20180077, 1, 3),
(20180078, 2, 20),
(20180078, 1, 2),
(20180079, 2, 16),
(20180079, 1, 4),
(20180080, 2, 16),
(20180080, 1, 4),
(20180081, 2, 19),
(20180081, 1, 8),
(20180082, 2, 29),
(20180082, 1, 7),
(20180083, 2, 23),
(20180083, 1, 5),
(20180084, 2, 27),
(20180084, 1, 5),
(20180089, 2, 30),
(20180089, 1, 4),
(20180091, 2, 22),
(20180091, 1, 10),
(20180093, 2, 20),
(20180093, 1, 3),
(20180094, 2, 27),
(20180094, 1, 5),
(20180095, 2, 18),
(20180095, 1, 3),
(20180096, 2, 16),
(20180096, 1, 10),
(20180101, 2, 25),
(20180101, 1, 5),
(20180102, 2, 24),
(20180102, 1, 10),
(20180103, 2, 20),
(20180103, 1, 4),
(20180104, 2, 32),
(20180104, 1, 3),
(20180105, 2, 15),
(20180105, 1, 2),
(20180106, 2, 18),
(20180106, 1, 4),
(20180107, 2, 30),
(20180107, 1, 3),
(20180108, 2, 20),
(20180108, 1, 4),
(20180109, 2, 14),
(20180109, 1, 4),
(20180110, 2, 19),
(20180110, 1, 0),
(20180111, 2, 18),
(20180111, 1, 4),
(20180112, 2, 25),
(20180112, 1, 3),
(20180113, 2, 22),
(20180113, 1, 1),
(20180114, 2, 29),
(20180114, 1, 3),
(20180115, 2, 9),
(20180115, 1, 3),
(20180116, 2, 17),
(20180116, 1, 7),
(20180117, 2, 25),
(20180117, 1, 1),
(20180118, 2, 14),
(20180118, 1, 2),
(20180119, 2, 15),
(20180119, 1, 3),
(20180120, 2, 14),
(20180120, 1, 4),
(20180121, 2, 16),
(20180121, 1, 4),
(20180122, 2, 28),
(20180122, 1, 5),
(20180124, 2, 29),
(20180124, 1, 1),
(20180125, 2, 16),
(20180125, 1, 2),
(20180126, 2, 21),
(20180126, 1, 9),
(20180127, 2, 25),
(20180127, 1, 5),
(20180128, 2, 15),
(20180128, 1, 7),
(20180129, 2, 34),
(20180129, 1, 6),
(20180130, 2, 7),
(20180130, 1, 5),
(20180137, 2, 22),
(20180137, 1, 7),
(20180138, 2, 21),
(20180138, 1, 3),
(20180139, 2, 14),
(20180139, 1, 3),
(20180140, 2, 13),
(20180140, 1, 2),
(20180141, 2, 19),
(20180141, 1, 3),
(20180142, 2, 21),
(20180142, 1, 8),
(20180146, 2, 22),
(20180146, 1, 6),
(20180147, 2, 19),
(20180147, 1, 8),
(20180148, 2, 16),
(20180148, 1, 10),
(20180149, 2, 24),
(20180149, 1, 6),
(20180150, 2, 15),
(20180150, 1, 1),
(20180151, 2, 17),
(20180151, 1, 9),
(20170151, 2, 26),
(20170151, 1, 6),
(20170152, 2, 12),
(20170152, 1, 6),
(20170153, 2, 27),
(20170153, 1, 6),
(20170154, 2, 22),
(20170154, 1, 6),
(20170155, 2, 12),
(20170155, 1, 4),
(20170156, 2, 28),
(20170156, 1, 3),
(20170157, 2, 8),
(20170157, 1, 2),
(20180152, 2, 28),
(20180152, 1, 6),
(20180153, 2, 15),
(20180153, 1, 3),
(20180154, 2, 17),
(20180154, 1, 7),
(20180155, 2, 19),
(20180155, 1, 8),
(20180156, 2, 16),
(20180156, 1, 5),
(20180157, 2, 13),
(20180157, 1, 6),
(20180158, 2, 21),
(20180158, 1, 2),
(20180159, 2, 14),
(20180159, 1, 1),
(20180160, 2, 24),
(20180160, 1, 3),
(20180161, 2, 15),
(20180161, 1, 3),
(20180162, 2, 27),
(20180162, 1, 8),
(20180163, 2, 12),
(20180163, 1, 4),
(20180164, 2, 15),
(20180164, 1, 7),
(20180165, 2, 26),
(20180165, 1, 5),
(20180166, 2, 19),
(20180166, 1, 3),
(20180167, 2, 14),
(20180167, 1, 7),
(20180168, 2, 20),
(20180168, 1, 1),
(20180169, 2, 17),
(20180169, 1, 10),
(20180170, 2, 23),
(20180170, 1, 5),
(20180171, 2, 13),
(20180171, 1, 4),
(20180172, 2, 26),
(20180172, 1, 7),
(20180173, 2, 22),
(20180173, 1, 7),
(20180177, 2, 12),
(20180177, 1, 6),
(20180178, 2, 10),
(20180178, 1, 6),
(20180179, 2, 18),
(20180179, 1, 7),
(20180180, 2, 20),
(20180180, 1, 6),
(20180181, 2, 20),
(20180181, 1, 4),
(20180182, 2, 27),
(20180182, 1, 4),
(20180183, 2, 16),
(20180183, 1, 5),
(20180184, 2, 20),
(20180184, 1, 8),
(20180185, 2, 26),
(20180185, 1, 6),
(20180186, 2, 19),
(20180186, 1, 4),
(20180187, 2, 28),
(20180187, 1, 7),
(20180188, 2, 26),
(20180188, 1, 6),
(20180189, 2, 21),
(20180189, 1, 6),
(20180190, 2, 27),
(20180190, 1, 4),
(20180191, 2, 14),
(20180191, 1, 14),
(20180196, 2, 17),
(20180196, 1, 3),
(20180197, 2, 16),
(20180197, 1, 7),
(20180198, 2, 21),
(20180198, 1, 7),
(20180199, 2, 26),
(20180199, 1, 3),
(20180200, 2, 12),
(20180200, 1, 5),
(20180201, 2, 29),
(20180201, 1, 3),
(20180202, 2, 12),
(20180202, 1, 1),
(20180203, 2, 17),
(20180203, 1, 7),
(20180204, 2, 21),
(20180204, 1, 13),
(20180205, 2, 18),
(20180205, 1, 8),
(20180206, 2, 14),
(20180206, 1, 5),
(20180207, 2, 16),
(20180207, 1, 5),
(20180208, 2, 18),
(20180208, 1, 5),
(20180209, 2, 19),
(20180209, 1, 5),
(20180210, 2, 25),
(20180210, 1, 5),
(20180211, 2, 23),
(20180211, 1, 8),
(20180212, 2, 14),
(20180212, 1, 6),
(20180213, 2, 20),
(20180213, 1, 7),
(20180214, 2, 25),
(20180214, 1, 5),
(20180215, 2, 22),
(20180215, 1, 2),
(20180216, 2, 13),
(20180216, 1, 2),
(20180217, 2, 16),
(20180217, 1, 0),
(20180218, 2, 10),
(20180218, 1, 12),
(20180219, 2, 25),
(20180219, 1, 5),
(20180220, 2, 19),
(20180220, 1, 4),
(20180221, 2, 33),
(20180221, 1, 4),
(20180222, 2, 19),
(20180222, 1, 4),
(20180223, 2, 16),
(20180223, 1, 9),
(20180224, 2, 24),
(20180224, 1, 4),
(20180225, 2, 19),
(20180225, 1, 7),
(20180226, 2, 17),
(20180226, 1, 1),
(20180227, 2, 17),
(20180227, 1, 2),
(20180228, 2, 17),
(20180228, 1, 5),
(20180229, 2, 24),
(20180229, 1, 4),
(20180230, 2, 20),
(20180230, 1, 4),
(20190005, 2, 28),
(20190005, 1, 4),
(20190006, 2, 21),
(20190006, 1, 2),
(20190007, 2, 24),
(20190007, 1, 3),
(20190008, 2, 8),
(20190008, 1, 3),
(20190010, 2, 22),
(20190010, 1, 3),
(20190011, 2, 21),
(20190011, 1, 0),
(20190012, 2, 16),
(20190012, 1, 3),
(20190013, 2, 29),
(20190013, 1, 7),
(20190014, 2, 20),
(20190014, 1, 3),
(20190015, 2, 35),
(20190015, 1, 2),
(20190016, 2, 11),
(20190016, 1, 8),
(20190017, 2, 19),
(20190017, 1, 4),
(20190018, 2, 29),
(20190018, 1, 5),
(20190019, 2, 24),
(20190019, 1, 3),
(20190020, 2, 19),
(20190020, 1, 3),
(20190021, 2, 21),
(20190021, 1, 6),
(20190021, 2, 17),
(20190021, 1, 5),
(20190022, 2, 26),
(20190022, 1, 6),
(20190023, 2, 32),
(20190023, 1, 4),
(20190024, 2, 16),
(20190024, 1, 5),
(20190025, 2, 16),
(20190025, 1, 9),
(20190026, 2, 30),
(20190026, 1, 8),
(20190027, 2, 19),
(20190027, 1, 4),
(20190028, 2, 20),
(20190028, 1, 2),
(20190029, 2, 19),
(20190029, 1, 3),
(20190030, 2, 13),
(20190030, 1, 9),
(20190031, 2, 23),
(20190031, 1, 8),
(20190032, 2, 17),
(20190032, 1, 5),
(20190033, 2, 29),
(20190033, 1, 5),
(20190034, 2, 27),
(20190034, 1, 5),
(20190035, 2, 23),
(20190035, 1, 5),
(20190036, 2, 26),
(20190036, 1, 6),
(20190037, 2, 18),
(20190037, 1, 7),
(20190039, 2, 30),
(20190039, 1, 5),
(20190040, 2, 15),
(20190040, 1, 9),
(20190041, 2, 34),
(20190041, 1, 4),
(20190023, 2, 32),
(20190023, 1, 4),
(20190024, 2, 16),
(20190024, 1, 5),
(20190025, 2, 16),
(20190025, 1, 9),
(20190026, 2, 30),
(20190026, 1, 8),
(20190027, 2, 19),
(20190027, 1, 4),
(20190028, 2, 20),
(20190028, 1, 2),
(20190029, 2, 19),
(20190029, 1, 3),
(20190030, 2, 13),
(20190030, 1, 9),
(20190031, 2, 23),
(20190031, 1, 8),
(20190032, 2, 17),
(20190032, 1, 5),
(20190033, 2, 29),
(20190033, 1, 5),
(20190034, 2, 27),
(20190034, 1, 5),
(20190035, 2, 23),
(20190035, 1, 5),
(20190036, 2, 26),
(20190036, 1, 6),
(20190037, 2, 18),
(20190037, 1, 7),
(20190039, 2, 30),
(20190039, 1, 5),
(20190040, 2, 15),
(20190040, 1, 9),
(20190041, 2, 34),
(20190041, 1, 4),
(20190042, 2, 26),
(20190042, 1, 7),
(20190043, 2, 21),
(20190043, 1, 5),
(20190044, 2, 17),
(20190044, 1, 3),
(20190045, 2, 35),
(20190045, 1, 3),
(20190046, 2, 21),
(20190046, 1, 5),
(20190047, 2, 19),
(20190047, 1, 2),
(20190048, 2, 18),
(20190048, 1, 2),
(20190049, 2, 14),
(20190049, 1, 6),
(20190050, 2, 26),
(20190050, 1, 7),
(20190051, 2, 14),
(20190051, 1, 7),
(20190052, 2, 26),
(20190052, 1, 6),
(20190053, 2, 23),
(20190053, 1, 6),
(20190054, 2, 14),
(20190054, 1, 10),
(20190055, 2, 26),
(20190055, 1, 6),
(20190056, 2, 21),
(20190056, 1, 6),
(20190058, 2, 27),
(20190058, 1, 5),
(20190059, 2, 15),
(20190059, 1, 10),
(20190060, 2, 26),
(20190060, 1, 7),
(20190061, 2, 23),
(20190061, 1, 3),
(20190062, 2, 30),
(20190062, 1, 2),
(20190063, 2, 14),
(20190063, 1, 6),
(20190065, 2, 29),
(20190065, 1, 6),
(20190066, 2, 21),
(20190066, 1, 4),
(20190067, 2, 19),
(20190067, 1, 2),
(20190068, 2, 15),
(20190068, 1, 3),
(20190070, 2, 32),
(20190070, 1, 1),
(20190071, 2, 12),
(20190071, 1, 2),
(20190072, 2, 32),
(20190072, 1, 5),
(20190073, 2, 17),
(20190073, 1, 5),
(20190074, 2, 16),
(20190074, 1, 10),
(20190075, 2, 30),
(20190075, 1, 4),
(20190076, 2, 19),
(20190076, 1, 3),
(20190077, 2, 14),
(20190077, 1, 6),
(20190078, 2, 16),
(20190078, 1, 3),
(20190079, 2, 12),
(20190079, 1, 9),
(20190080, 2, 33),
(20190080, 1, 7),
(20190081, 2, 19),
(20190081, 1, 4),
(20190082, 2, 28),
(20190082, 1, 7),
(20190083, 2, 20),
(20190083, 1, 4),
(20190084, 2, 22),
(20190084, 1, 10),
(20190093, 2, 32),
(20190093, 1, 4),
(20190094, 2, 26),
(20190094, 1, 5),
(20190095, 2, 29),
(20190095, 1, 5),
(20190096, 2, 19),
(20190096, 1, 5),
(20190097, 2, 15),
(20190097, 1, 6),
(20190098, 2, 21),
(20190098, 1, 4),
(20190099, 2, 13),
(20190099, 1, 6),
(20190100, 2, 35),
(20190100, 1, 0),
(20190101, 2, 23),
(20190101, 1, 3),
(20190102, 2, 24),
(20190102, 1, 8),
(20190103, 2, 16),
(20190103, 1, 5),
(20190104, 2, 8),
(20190104, 1, 1),
(20190108, 2, 25),
(20190108, 1, 4),
(20190109, 2, 25),
(20190109, 1, 4),
(20190110, 2, 29),
(20190110, 1, 5),
(20190111, 2, 21),
(20190111, 1, 2),
(20190112, 2, 26),
(20190112, 1, 3),
(20190113, 2, 14),
(20190113, 1, 5),
(20190114, 2, 24),
(20190114, 1, 4),
(20190115, 2, 28),
(20190115, 1, 6),
(20190116, 2, 18),
(20190116, 1, 5),
(20190117, 2, 16),
(20190117, 1, 4),
(20190118, 2, 14),
(20190118, 1, 6),
(20190119, 2, 19),
(20190119, 1, 6),
(20190120, 2, 33),
(20190120, 1, 2),
(20190121, 2, 11),
(20190121, 1, 3),
(20190122, 2, 27),
(20190122, 1, 6),
(20190123, 2, 14),
(20190123, 1, 2),
(20190124, 2, 8),
(20190124, 1, 9),
(20190125, 2, 28),
(20190125, 1, 0),
(20190126, 2, 17),
(20190126, 1, 1),
(20190127, 2, 21),
(20190127, 1, 5),
(20190128, 2, 22),
(20190128, 1, 1),
(20190129, 2, 15),
(20190129, 1, 2),
(20190130, 2, 21),
(20190130, 1, 5),
(20190131, 2, 12),
(20190131, 1, 3),
(20190147, 2, 24),
(20190147, 1, 4),
(20190148, 2, 26),
(20190148, 1, 2),
(20190149, 2, 16),
(20190149, 1, 1),
(20190150, 2, 24),
(20190150, 1, 6),
(20190151, 2, 24),
(20190151, 1, 0),
(20190152, 2, 30),
(20190152, 1, 4),
(20190153, 2, 24),
(20190153, 1, 5),
(20190154, 2, 21),
(20190154, 1, 2),
(20190155, 2, 29),
(20190155, 1, 5),
(20190156, 2, 20),
(20190156, 1, 3),
(20190157, 2, 17),
(20190157, 1, 3),
(20190158, 2, 15),
(20190158, 1, 2),
(20190159, 2, 17),
(20190159, 1, 8),
(20190160, 2, 27),
(20190160, 1, 5),
(20190161, 2, 21),
(20190161, 1, 3),
(20190162, 2, 24),
(20190162, 1, 6),
(20190163, 2, 16),
(20190163, 1, 3),
(20190164, 2, 14),
(20190164, 1, 5),
(20190165, 2, 25),
(20190165, 1, 7),
(20190166, 2, 22),
(20190166, 1, 2),
(20190167, 2, 16),
(20190167, 1, 5),
(20190168, 2, 16),
(20190168, 1, 3),
(20190169, 2, 20),
(20190169, 1, 5),
(20190170, 2, 30),
(20190170, 1, 7),
(20190152, 2, 30),
(20190152, 1, 4),
(20190153, 2, 24),
(20190153, 1, 5),
(20190154, 2, 21),
(20190154, 1, 2),
(20190155, 2, 29),
(20190155, 1, 5),
(20190156, 2, 20),
(20190156, 1, 3),
(20190157, 2, 17),
(20190157, 1, 3),
(20190158, 2, 15),
(20190158, 1, 2),
(20190159, 2, 17),
(20190159, 1, 8),
(20190160, 2, 27),
(20190160, 1, 5),
(20190161, 2, 21),
(20190161, 1, 3),
(20190162, 2, 24),
(20190162, 1, 6),
(20190163, 2, 16),
(20190163, 1, 3),
(20190164, 2, 14),
(20190164, 1, 5),
(20190165, 2, 25),
(20190165, 1, 7),
(20190166, 2, 22),
(20190166, 1, 2),
(20190167, 2, 16),
(20190167, 1, 5),
(20190168, 2, 16),
(20190168, 1, 3),
(20190169, 2, 20),
(20190169, 1, 5),
(20190170, 2, 30),
(20190170, 1, 7),
(20190171, 2, 15),
(20190171, 1, 3),
(20190172, 2, 14),
(20190172, 1, 4),
(20190173, 2, 13),
(20190173, 1, 8),
(20190174, 2, 26),
(20190174, 1, 5),
(20190175, 2, 18),
(20190175, 1, 5),
(20190177, 2, 18),
(20190177, 1, 2),
(20190178, 2, 19),
(20190178, 1, 8),
(20190179, 2, 21),
(20190179, 1, 5),
(20190180, 2, 16),
(20190180, 1, 6),
(20190181, 2, 18),
(20190181, 1, 4),
(20190182, 2, 18),
(20190182, 1, 5),
(20190183, 2, 15),
(20190183, 1, 10),
(20190184, 2, 30),
(20190184, 1, 2),
(20190185, 2, 20),
(20190185, 1, 4),
(20190186, 2, 17),
(20190186, 1, 5),
(20190187, 2, 16),
(20190187, 1, 5),
(20190188, 2, 7),
(20190188, 1, 4),
(20190189, 2, 28),
(20190189, 1, 4),
(20190196, 2, 24),
(20190196, 1, 4),
(20190197, 2, 15),
(20190197, 1, 7),
(20190198, 2, 18),
(20190198, 1, 7),
(20190199, 2, 28),
(20190199, 1, 4),
(20190200, 2, 21),
(20190200, 1, 0),
(20190201, 2, 19),
(20190201, 1, 1),
(20190202, 2, 18),
(20190202, 1, 1),
(20190203, 2, 22),
(20190203, 1, 7),
(20190204, 2, 23),
(20190204, 1, 6),
(20190205, 2, 13),
(20190205, 1, 6),
(20190206, 2, 33),
(20190206, 1, 5),
(20190207, 2, 16),
(20190207, 1, 2),
(20200002, 2, 20),
(20200002, 1, 5),
(20200003, 2, 25),
(20200003, 1, 6),
(20200004, 2, 27),
(20200004, 1, 7),
(20200005, 2, 21),
(20200005, 1, 2),
(20200006, 2, 15),
(20200006, 1, 4),
(20200007, 2, 31),
(20200007, 1, 2),
(20200008, 2, 23),
(20200008, 1, 3),
(20200009, 2, 15),
(20200009, 1, 7),
(20200010, 2, 19),
(20200010, 1, 2),
(20200011, 2, 14),
(20200011, 1, 7),
(20200014, 2, 29),
(20200014, 1, 8),
(20200015, 2, 15),
(20200015, 1, 5),
(20200016, 2, 18),
(20200016, 1, 5),
(20200017, 2, 21),
(20200017, 1, 7),
(20200018, 2, 18),
(20200018, 1, 5),
(20200019, 2, 18),
(20200019, 1, 2),
(20200020, 2, 11),
(20200020, 1, 6),
(20200021, 2, 15),
(20200021, 1, 2),
(20200022, 2, 25),
(20200022, 1, 6),
(20200023, 2, 19),
(20200023, 1, 4),
(20200024, 2, 26),
(20200024, 1, 7),
(20200025, 2, 17),
(20200025, 1, 4),
(20200026, 2, 17),
(20200026, 1, 5),
(20200027, 2, 30),
(20200027, 1, 4),
(20200028, 2, 20),
(20200028, 1, 5),
(20200029, 2, 19),
(20200029, 1, 3),
(20200030, 2, 15),
(20200030, 1, 2),
(20200031, 2, 12),
(20200031, 1, 6),
(20200032, 2, 22),
(20200032, 1, 8),
(20200033, 2, 19),
(20200033, 1, 5),
(20200034, 2, 29),
(20200034, 1, 2),
(20200035, 2, 16),
(20200035, 1, 2),
(20200036, 2, 19),
(20200036, 1, 2),
(20200037, 2, 30),
(20200037, 1, 3),
(20200038, 2, 19),
(20200038, 1, 5),
(20200039, 2, 19),
(20200039, 1, 11),
(20200040, 2, 14),
(20200040, 1, 5),
(20200041, 2, 19),
(20200041, 1, 5),
(20200042, 2, 32),
(20200042, 1, 4),
(20200043, 2, 21),
(20200043, 1, 4),
(20200044, 2, 29),
(20200044, 1, 6),
(20200045, 2, 26),
(20200045, 1, 5),
(20200046, 2, 13),
(20200046, 1, 6),
(20200047, 2, 26),
(20200047, 1, 5),
(20200048, 2, 16),
(20200048, 1, 7),
(20200049, 2, 17),
(20200049, 1, 3),
(20200050, 2, 16),
(20200050, 1, 4),
(20200051, 2, 19),
(20200051, 1, 4),
(20200052, 2, 19),
(20200052, 1, 5),
(20200053, 2, 17),
(20200053, 1, 5),
(20200054, 2, 18),
(20200054, 1, 2),
(20200059, 2, 4),
(20200059, 1, 2),
(20200060, 2, 4),
(20200060, 1, 0),
(20200065, 2, 8),
(20200065, 1, 0),
(20200068, 2, 12),
(20200068, 1, 0),
(20200071, 2, 9),
(20200071, 1, 2),
(20200072, 2, 6),
(20200072, 1, 1),
(20200073, 2, 14),
(20200073, 1, 2),
(20200074, 2, 12),
(20200074, 1, 0),
(20200075, 2, 13),
(20200075, 1, 2),
(20200076, 2, 11),
(20200076, 1, 2),
(20200078, 2, 8),
(20200078, 1, 3),
(20200079, 2, 8),
(20200079, 1, 1),
(20200080, 2, 12),
(20200080, 1, 1),
(20200081, 2, 12),
(20200081, 1, 3),
(20200082, 2, 1),
(20200082, 1, 4),
(20200083, 2, 20),
(20200083, 1, 2),
(20200085, 2, 11),
(20200085, 1, 3),
(20200086, 2, 10),
(20200086, 1, 1),
(20200087, 2, 7),
(20200087, 1, 2),
(20200088, 2, 27),
(20200088, 1, 3),
(20200090, 2, 22),
(20200090, 1, 1),
(20200091, 2, 24),
(20200091, 1, 1),
(20200092, 2, 17),
(20200092, 1, 3),
(20200093, 2, 30),
(20200093, 1, 2),
(20200094, 2, 16),
(20200094, 1, 5),
(20200095, 2, 23),
(20200095, 1, 8),
(20200096, 2, 28),
(20200096, 1, 3),
(20200097, 2, 12),
(20200097, 1, 2),
(20200099, 2, 18),
(20200099, 1, 2),
(20200100, 2, 34),
(20200100, 1, 3),
(20200101, 2, 23),
(20200101, 1, 7),
(20200102, 2, 14),
(20200102, 1, 7),
(20200103, 2, 28),
(20200103, 1, 6),
(20200104, 2, 19),
(20200104, 1, 4),
(20200106, 2, 17),
(20200106, 1, 4),
(20200107, 2, 15),
(20200107, 1, 3),
(20200108, 2, 26),
(20200108, 1, 9),
(20200109, 2, 17),
(20200109, 1, 4),
(20200110, 2, 26),
(20200110, 1, 2),
(20200111, 2, 17),
(20200111, 1, 4),
(20200112, 2, 20),
(20200112, 1, 6),
(20200113, 2, 19),
(20200113, 1, 7),
(20200114, 2, 17),
(20200114, 1, 6),
(20200115, 2, 17),
(20200115, 1, 3),
(20200116, 2, 14),
(20200116, 1, 6),
(20200117, 2, 14),
(20200117, 1, 5),
(20200118, 2, 31),
(20200118, 1, 2),
(20200119, 2, 22),
(20200119, 1, 3),
(20200120, 2, 30),
(20200120, 1, 5),
(20200121, 2, 19),
(20200121, 1, 5),
(20200122, 2, 14),
(20200122, 1, 6),
(20200123, 2, 28),
(20200123, 1, 7),
(20200124, 2, 18),
(20200124, 1, 4),
(20200125, 2, 17),
(20200125, 1, 4),
(20200126, 2, 15),
(20200126, 1, 3),
(20200127, 2, 19),
(20200127, 1, 3),
(20200128, 2, 29),
(20200128, 1, 5),
(20200129, 2, 24),
(20200129, 1, 2),
(20200130, 2, 32),
(20200130, 1, 5),
(20200131, 2, 17),
(20200131, 1, 5),
(20200132, 2, 15),
(20200132, 1, 5),
(20200133, 2, 25),
(20200133, 1, 8),
(20200134, 2, 14),
(20200134, 1, 3),
(20200137, 2, 15),
(20200137, 1, 4),
(20200138, 2, 23),
(20200138, 1, 7),
(20200139, 2, 15),
(20200139, 1, 5),
(20200140, 2, 28),
(20200140, 1, 3),
(20200141, 2, 17),
(20200141, 1, 2),
(20200142, 2, 16),
(20200142, 1, 3),
(20200143, 2, 29),
(20200143, 1, 3),
(20200144, 2, 23),
(20200144, 1, 2),
(20200145, 2, 26),
(20200145, 1, 7),
(20200146, 2, 22),
(20200146, 1, 5),
(20200147, 2, 19),
(20200147, 1, 4),
(20200148, 2, 27),
(20200148, 1, 4),
(20200149, 2, 12),
(20200149, 1, 2),
(20200150, 2, 23),
(20200150, 1, 6),
(20200151, 2, 25),
(20200151, 1, 2),
(20200152, 2, 11),
(20200152, 1, 3),
(20200153, 2, 20),
(20200153, 1, 4),
(20200154, 2, 10),
(20200154, 1, 2),
(20200165, 2, 19),
(20200165, 1, 8),
(20200166, 2, 25),
(20200166, 1, 2),
(20200167, 2, 11),
(20200167, 1, 3),
(20200168, 2, 19),
(20200168, 1, 6),
(20200169, 2, 17),
(20200169, 1, 2),
(20200170, 2, 23),
(20200170, 1, 4),
(20200171, 2, 14),
(20200171, 1, 2),
(20200172, 2, 13),
(20200172, 1, 4),
(20200173, 2, 23),
(20200173, 1, 3),
(20200174, 2, 13),
(20200174, 1, 3),
(20200175, 2, 12),
(20200175, 1, 4),
(20200176, 2, 13),
(20200176, 1, 3),
(20200177, 2, 16),
(20200177, 1, 1),
(20200178, 2, 23),
(20200178, 1, 4),
(20200179, 2, 17),
(20200179, 1, 3),
(20200180, 2, 22),
(20200180, 1, 4),
(20200181, 2, 15),
(20200181, 1, 0),
(20200182, 2, 13),
(20200182, 1, 3),
(20200183, 2, 25),
(20200183, 1, 2),
(20200185, 2, 14),
(20200185, 1, 5),
(20200186, 2, 16),
(20200186, 1, 4),
(20200187, 2, 19),
(20200187, 1, 3),
(20200188, 2, 23),
(20200188, 1, 6),
(20200189, 2, 12),
(20200189, 1, 4),
(20200191, 2, 22),
(20200191, 1, 2),
(20200192, 2, 14),
(20200192, 1, 3),
(20200193, 2, 14),
(20200193, 1, 0),
(20200194, 2, 10),
(20200194, 1, 5),
(20200195, 2, 14),
(20200195, 1, 0),
(20200196, 2, 21),
(20200196, 1, 5),
(20200197, 2, 13),
(20200197, 1, 6),
(20200198, 2, 22),
(20200198, 1, 2),
(20200199, 2, 13),
(20200199, 1, 1),
(20200200, 2, 17),
(20200200, 1, 0),
(20200201, 2, 25),
(20200201, 1, 1),
(20200202, 2, 11),
(20200202, 1, 5),
(20200203, 2, 27),
(20200203, 1, 6),
(20200204, 2, 17),
(20200204, 1, 4),
(20200208, 2, 22),
(20200208, 1, 3),
(20200209, 2, 21),
(20200209, 1, 4),
(20200210, 2, 15),
(20200210, 1, 3),
(20200211, 2, 21),
(20200211, 1, 5),
(20200212, 2, 22),
(20200212, 1, 2),
(20200213, 2, 8),
(20200213, 1, 4),
(20200214, 2, 14),
(20200214, 1, 3),
(20200215, 2, 7),
(20200215, 1, 4),
(20200217, 2, 19),
(20200217, 1, 5),
(20200218, 2, 14),
(20200218, 1, 9),
(20200219, 2, 13),
(20200219, 1, 4),
(20200221, 2, 25),
(20200221, 1, 4),
(20200222, 2, 21),
(20200222, 1, 4),
(20200223, 2, 12),
(20200223, 1, 0),
(20200224, 2, 20),
(20200224, 1, 5),
(20200225, 2, 11),
(20200225, 1, 2),
(20200226, 2, 23),
(20200226, 1, 6),
(20200227, 2, 16),
(20200227, 1, 8),
(20200228, 2, 23),
(20200228, 1, 2),
(20200229, 2, 10),
(20200229, 1, 4),
(20200230, 2, 15),
(20200230, 1, 6),
(20200231, 2, 20),
(20200231, 1, 5),
(20200232, 2, 15),
(20200232, 1, 6),
(20200233, 2, 13),
(20200233, 1, 1),
(20200234, 2, 11),
(20200234, 1, 6),
(20200235, 2, 8),
(20200235, 1, 3),
(20200236, 2, 17),
(20200236, 1, 9),
(20200237, 2, 19),
(20200237, 1, 2),
(20200238, 2, 24),
(20200238, 1, 3),
(20200239, 2, 11),
(20200239, 1, 2),
(20200240, 2, 14),
(20200240, 1, 2),
(20200241, 2, 21),
(20200241, 1, 5),
(20200242, 2, 18),
(20200242, 1, 2),
(20200243, 2, 14),
(20200243, 1, 2),
(20200244, 2, 14),
(20200244, 1, 1),
(20200245, 2, 8),
(20200245, 1, 8),
(20200246, 2, 20),
(20200246, 1, 0),
(20200247, 2, 19),
(20200247, 1, 3),
(20200248, 2, 17),
(20200248, 1, 5),
(20200249, 2, 5),
(20200249, 1, 4),
(20210001, 2, 20),
(20210001, 1, 7),
(20210002, 2, 14),
(20210002, 1, 2),
(20210003, 2, 20),
(20210003, 1, 1),
(20210004, 2, 25),
(20210004, 1, 4),
(20210005, 2, 21),
(20210005, 1, 2),
(20210006, 2, 14),
(20210006, 1, 3),
(20210007, 2, 15),
(20210007, 1, 2),
(20210008, 2, 11),
(20210008, 1, 5),
(20210009, 2, 22),
(20210009, 1, 9),
(20210010, 2, 17),
(20210010, 1, 6),
(20210011, 2, 19),
(20210011, 1, 7),
(20210012, 2, 13),
(20210012, 1, 3),
(20210013, 2, 18),
(20210013, 1, 1),
(20210014, 2, 21),
(20210014, 1, 5),
(20210015, 2, 4),
(20210015, 1, 8),
(20210016, 2, 12),
(20210016, 1, 6),
(20210017, 2, 11),
(20210017, 1, 3),
(20210018, 2, 16),
(20210018, 1, 1),
(20210019, 2, 22),
(20210019, 1, 7),
(20210020, 2, 22),
(20210020, 1, 7),
(20210021, 2, 21),
(20210021, 1, 8),
(20210022, 2, 14),
(20210022, 1, 3),
(20210023, 2, 11),
(20210023, 1, 6),
(20210024, 2, 20),
(20210024, 1, 9),
(20210025, 2, 21),
(20210025, 1, 1),
(20210026, 2, 28),
(20210026, 1, 1),
(20210027, 2, 22),
(20210027, 1, 9),
(20210028, 2, 14),
(20210028, 1, 4),
(20210029, 2, 26),
(20210029, 1, 3),
(20210030, 2, 20),
(20210030, 1, 2),
(20210031, 2, 15),
(20210031, 1, 6),
(20210032, 2, 23),
(20210032, 1, 6),
(20210033, 2, 12),
(20210033, 1, 3),
(20210034, 2, 26),
(20210034, 1, 5),
(20210035, 2, 18),
(20210035, 1, 5),
(20210036, 2, 9),
(20210036, 1, 4),
(20210037, 2, 15),
(20210037, 1, 2),
(20210038, 2, 6),
(20210038, 1, 8),
(20210039, 2, 18),
(20210039, 1, 12),
(20210040, 2, 18),
(20210040, 1, 7),
(20210041, 2, 17),
(20210041, 1, 8),
(20210042, 2, 14),
(20210042, 1, 2),
(20210043, 2, 8),
(20210043, 1, 6),
(20210044, 2, 22),
(20210044, 1, 6),
(20210045, 2, 17),
(20210045, 1, 6),
(20210046, 2, 13),
(20210046, 1, 4),
(20210047, 2, 10),
(20210047, 1, 4),
(20210048, 2, 12),
(20210048, 1, 3),
(20210049, 2, 15),
(20210049, 1, 11),
(20210050, 2, 19),
(20210050, 1, 4),
(20210051, 2, 15),
(20210051, 1, 12),
(20210052, 2, 11),
(20210052, 1, 3),
(20210053, 2, 11),
(20210053, 1, 4),
(20210054, 2, 22),
(20210054, 1, 5),
(20210055, 2, 14),
(20210055, 1, 6),
(20210056, 2, 14),
(20210056, 1, 3),
(20210057, 2, 13),
(20210057, 1, 2),
(20210058, 2, 9),
(20210058, 1, 3),
(20210059, 2, 22),
(20210059, 1, 9),
(20210060, 2, 13),
(20210060, 1, 9),
(20210061, 2, 24),
(20210061, 1, 4),
(20210062, 2, 9),
(20210062, 1, 6),
(20210063, 2, 15),
(20210063, 1, 3),
(20210064, 2, 30),
(20210064, 1, 0),
(20210065, 2, 17),
(20210065, 1, 5),
(20210067, 2, 11),
(20210067, 1, 4),
(20210068, 2, 8),
(20210068, 1, 4),
(20210069, 2, 19),
(20210069, 1, 9),
(20210070, 2, 17),
(20210070, 1, 5),
(20210071, 2, 21),
(20210071, 1, 9),
(20210072, 2, 27),
(20210072, 1, 7),
(20210073, 2, 15),
(20210073, 1, 4),
(20210074, 2, 23),
(20210074, 1, 9),
(20210075, 2, 20),
(20210075, 1, 4),
(20210076, 2, 22),
(20210076, 1, 10),
(20210077, 2, 22),
(20210077, 1, 6),
(20210078, 2, 17),
(20210078, 1, 3),
(20210079, 2, 29),
(20210079, 1, 4),
(20210080, 2, 18),
(20210080, 1, 4),
(20210081, 2, -78),
(20210081, 1, 113),
(20210082, 2, 14),
(20210082, 1, 5),
(20210083, 2, 15),
(20210083, 1, 3),
(20210084, 2, 23),
(20210084, 1, 7),
(20210085, 2, 16),
(20210085, 1, 0),
(20210086, 2, 15),
(20210086, 1, 2),
(20210087, 2, 11),
(20210087, 1, 4),
(20210088, 2, 13),
(20210088, 1, 4),
(20210089, 2, 23),
(20210089, 1, 6),
(20210090, 2, 14),
(20210090, 1, 7),
(20210091, 2, 24),
(20210091, 1, 4),
(20210092, 2, 23),
(20210092, 1, 6),
(20210093, 2, 8),
(20210093, 1, 6),
(20210096, 2, 18),
(20210096, 1, 1),
(20210097, 2, 12),
(20210097, 1, 2),
(20210098, 2, 11),
(20210098, 1, 5),
(20210099, 2, 22),
(20210099, 1, 11),
(20210100, 2, 17),
(20210100, 1, 6),
(20210102, 2, 13),
(20210102, 1, 5),
(20210103, 2, 13),
(20210103, 1, 6),
(20210104, 2, 24),
(20210104, 1, 8),
(20210105, 2, 19),
(20210105, 1, 4),
(20210106, 2, 11),
(20210106, 1, 4),
(20210107, 2, 15),
(20210107, 1, 2),
(20210108, 2, 6),
(20210108, 1, 8),
(20210109, 2, 12),
(20210109, 1, 11),
(20210110, 2, 15),
(20210110, 1, 7),
(20210111, 2, 25),
(20210111, 1, 6),
(20210112, 2, 14),
(20210112, 1, 6),
(20210113, 2, 14),
(20210113, 1, 5),
(20210114, 2, 26),
(20210114, 1, 4),
(20210115, 2, 19),
(20210115, 1, 5),
(20210116, 2, 13),
(20210116, 1, 5),
(20210117, 2, 15),
(20210117, 1, 3),
(20210118, 2, 14),
(20210118, 1, 4),
(20210119, 2, 23),
(20210119, 1, 8),
(20210120, 2, 17),
(20210120, 1, 4),
(20210121, 2, 21),
(20210121, 1, 5),
(20210122, 2, 17),
(20210122, 1, 2),
(20210123, 2, 10),
(20210123, 1, 4),
(20210124, 2, 26),
(20210124, 1, 4),
(20210125, 2, 15),
(20210125, 1, 4),
(20210126, 2, 15),
(20210126, 1, 4),
(20210127, 2, 14),
(20210127, 1, 2),
(20210128, 2, 10),
(20210128, 1, 4),
(20210129, 2, 23),
(20210129, 1, 7),
(20210130, 2, 13),
(20210130, 1, 6),
(20210131, 2, 14),
(20210131, 1, 4),
(20210132, 2, 12),
(20210132, 1, 1),
(20210133, 2, 21),
(20210133, 1, 2),
(20210134, 2, 25),
(20210134, 1, 4),
(20210135, 2, 14),
(20210135, 1, 5),
(20210136, 2, 16),
(20210136, 1, 3),
(20210137, 2, 11),
(20210137, 1, 5),
(20210139, 2, 23),
(20210139, 1, 4),
(20210140, 2, 18),
(20210140, 1, 6),
(20210141, 2, 27),
(20210141, 1, 2),
(20210142, 2, 15),
(20210142, 1, 2),
(20210143, 2, 17),
(20210143, 1, 4),
(20210144, 2, 14),
(20210144, 1, 3),
(20210146, 2, 19),
(20210146, 1, 7),
(20210147, 2, 10),
(20210147, 1, 3),
(20210148, 2, 8),
(20210148, 1, 4),
(20210151, 2, 24),
(20210151, 1, 7),
(20210152, 2, 10),
(20210152, 1, 1),
(20210153, 2, 12),
(20210153, 1, 3),
(20210154, 2, 26),
(20210154, 1, 6),
(20210155, 2, 19),
(20210155, 1, 4),
(20210166, 2, 18),
(20210166, 1, 9),
(20210167, 2, 17),
(20210167, 1, 8),
(20210168, 2, 16),
(20210168, 1, 5),
(20210169, 2, 23),
(20210169, 1, 6),
(20210170, 2, 19),
(20210170, 1, 6),
(20210171, 2, 18),
(20210171, 1, 10),
(20210172, 2, 18),
(20210172, 1, 6),
(20210173, 2, 13),
(20210173, 1, 5),
(20210174, 2, 12),
(20210174, 1, 4),
(20210175, 2, 11),
(20210175, 1, 4),
(20210176, 2, 13),
(20210176, 1, 1),
(20210177, 2, 21),
(20210177, 1, 8),
(20210178, 2, 16),
(20210178, 1, 10),
(20210179, 2, 19),
(20210179, 1, 11),
(20210180, 2, 14),
(20210180, 1, 3),
(20210181, 2, 15),
(20210181, 1, 0),
(20210182, 2, 20),
(20210182, 1, 4),
(20210183, 2, 22),
(20210183, 1, 3),
(20210184, 2, 15),
(20210184, 1, 2),
(20210185, 2, 15),
(20210185, 1, 3),
(20210186, 2, 11),
(20210186, 1, 4),
(20210187, 2, 15),
(20210187, 1, 5),
(20210188, 2, 13),
(20210188, 1, 5),
(20210189, 2, 22),
(20210189, 1, 6),
(20210190, 2, 12),
(20210190, 1, 7),
(20210191, 2, 12),
(20210191, 1, 4),
(20210192, 2, 22),
(20210192, 1, 6),
(20210193, 2, 12),
(20210193, 1, 5),
(20210195, 2, 26),
(20210195, 1, 5),
(20210196, 2, 11),
(20210196, 1, 5),
(20210197, 2, 20),
(20210197, 1, 7),
(20210198, 2, 19),
(20210198, 1, 3),
(20210199, 2, 22),
(20210199, 1, 2),
(20210200, 2, 9),
(20210200, 1, 4),
(20210201, 2, 13),
(20210201, 1, 3),
(20210204, 2, 13),
(20210204, 1, 2),
(20210205, 2, 14),
(20210205, 1, 3),
(20210206, 2, 14),
(20210206, 1, 4),
(20210207, 2, 21),
(20210207, 1, 7),
(20210208, 2, 19),
(20210208, 1, 4),
(20210209, 2, 18),
(20210209, 1, 8),
(20210210, 2, 12),
(20210210, 1, 3),
(20210211, 2, 12),
(20210211, 1, 7),
(20210212, 2, 25),
(20210212, 1, 4),
(20210213, 2, 12),
(20210213, 1, 2),
(20210214, 2, 14),
(20210214, 1, 4),
(20210215, 2, 14),
(20210215, 1, 3),
(20210216, 2, 12),
(20210216, 1, 2),
(20210217, 2, 23),
(20210217, 1, 6),
(20210218, 2, 21),
(20210218, 1, 3),
(20210219, 2, 18),
(20210219, 1, 7),
(20210220, 2, 8),
(20210220, 1, 8),
(20210221, 2, 17),
(20210221, 1, 2),
(20210222, 2, 20),
(20210222, 1, 5),
(20210223, 2, 3),
(20210223, 1, 1),
(20210224, 2, 13),
(20210224, 1, 2),
(20210225, 2, 12),
(20210225, 1, 4),
(20210226, 2, 12),
(20210226, 1, 6),
(20210227, 2, 19),
(20210227, 1, 5),
(20210228, 2, 8),
(20210228, 1, 8),
(20220004, 2, 21),
(20220004, 1, 9),
(20220005, 2, 22),
(20220005, 1, 3),
(20220006, 2, 11),
(20220006, 1, 5),
(20220007, 2, 10),
(20220007, 1, 3),
(20220008, 2, 17),
(20220008, 1, 2),
(20220009, 2, 22),
(20220009, 1, 4),
(20220010, 2, 20),
(20220010, 1, 1),
(20220011, 2, 17),
(20220011, 1, 9),
(20220012, 2, 12),
(20220012, 1, 3),
(20220013, 2, 15),
(20220013, 1, 4),
(20220014, 2, 24),
(20220014, 1, 3),
(20220015, 2, 20),
(20220015, 1, 5),
(20220016, 2, 10),
(20220016, 1, 8),
(20220017, 2, 11),
(20220017, 1, 4),
(20220018, 2, 16),
(20220018, 1, 2),
(20220019, 2, 20),
(20220019, 1, 8),
(20220020, 2, 15),
(20220020, 1, 5),
(20220021, 2, 24),
(20220021, 1, 2),
(20220022, 2, 19),
(20220022, 1, 4),
(20220023, 2, 13),
(20220023, 1, 5),
(20220024, 2, 19),
(20220024, 1, 5),
(20220025, 2, 21),
(20220025, 1, 3),
(20220026, 2, 12),
(20220026, 1, 4),
(20220027, 2, 23),
(20220027, 1, 5),
(20220028, 2, 16),
(20220028, 1, 2),
(20220029, 2, 20),
(20220029, 1, 4),
(20220030, 2, 16),
(20220030, 1, 3),
(20220031, 2, 23),
(20220031, 1, 6),
(20220032, 2, 22),
(20220032, 1, 6),
(20220033, 2, 17),
(20220033, 1, 2),
(20220034, 2, 17),
(20220034, 1, 6),
(20220035, 2, 16),
(20220035, 1, 4),
(20220037, 2, 23),
(20220037, 1, 3),
(20220038, 2, 12),
(20220038, 1, 1),
(20220039, 2, 21),
(20220039, 1, 5),
(20220041, 2, 20),
(20220041, 1, 7),
(20220042, 2, 14),
(20220042, 1, 2),
(20220043, 2, 10),
(20220043, 1, 6),
(20220044, 2, 19),
(20220044, 1, 5),
(20220045, 2, 21),
(20220045, 1, 5),
(20220046, 2, 14),
(20220046, 1, 1),
(20220047, 2, 10),
(20220047, 1, 5),
(20220048, 2, 13),
(20220048, 1, 4),
(20220049, 2, 13),
(20220049, 1, 2),
(20220051, 2, 20),
(20220051, 1, 7),
(20220052, 2, 17),
(20220052, 1, 0),
(20220053, 2, 13),
(20220053, 1, 10),
(20220054, 2, 7),
(20220054, 1, 6),
(20220056, 2, 14),
(20220056, 1, 4),
(20220057, 2, 11),
(20220057, 1, 4),
(20220058, 2, 10),
(20220058, 1, 6),
(20220059, 2, 19),
(20220059, 1, 8),
(20220060, 2, 9),
(20220060, 1, 9),
(20220063, 2, 12),
(20220063, 1, 3),
(20220064, 2, 19),
(20220064, 1, 9),
(20220065, 2, 17),
(20220065, 1, 5),
(20220066, 2, 15),
(20220066, 1, 4),
(20220067, 2, 13),
(20220067, 1, 3),
(20220068, 2, 15),
(20220068, 1, 2),
(20220069, 2, 21),
(20220069, 1, 4),
(20220070, 2, 16),
(20220070, 1, 5),
(20220071, 2, 26),
(20220071, 1, 5),
(20220072, 2, 17),
(20220072, 1, 1),
(20220073, 2, 17),
(20220073, 1, 6),
(20220074, 2, 19),
(20220074, 1, 7),
(20220075, 2, 24),
(20220075, 1, 2),
(20220077, 2, 23),
(20220077, 1, 4),
(20220078, 2, 20),
(20220078, 1, 0),
(20220079, 2, 19),
(20220079, 1, 9),
(20220080, 2, 20),
(20220080, 1, 3),
(20220081, 2, 26),
(20220081, 1, 4),
(20220082, 2, 19),
(20220082, 1, 8),
(20220083, 2, 13),
(20220083, 1, 6),
(20220084, 2, 23),
(20220084, 1, 4),
(20220085, 2, 20),
(20220085, 1, 4),
(20220087, 2, 14),
(20220087, 1, 0),
(20220088, 2, 13),
(20220088, 1, 5),
(20220089, 2, 23),
(20220089, 1, 2),
(20220090, 2, 18),
(20220090, 1, 1),
(20220091, 2, 24),
(20220091, 1, 5),
(20220092, 2, 13),
(20220092, 1, 1),
(20220093, 2, 16),
(20220093, 1, 2),
(20220094, 2, 25),
(20220094, 1, 7),
(20220095, 2, 19),
(20220095, 1, 6),
(20220096, 2, 12),
(20220096, 1, 2),
(20220097, 2, 11),
(20220097, 1, 3),
(20220098, 2, 14),
(20220098, 1, 3),
(20220099, 2, 13),
(20220099, 1, 4),
(20220100, 2, 18),
(20220100, 1, 4),
(20220101, 2, 18),
(20220101, 1, 4),
(20220102, 2, 11),
(20220102, 1, 3),
(20220103, 2, 16),
(20220103, 1, 4),
(20220112, 2, 17),
(20220112, 1, 0),
(20220113, 2, 33),
(20220113, 1, 0),
(20220114, 2, 2),
(20220114, 1, 0),
(20220115, 2, 11),
(20220115, 1, 3),
(20220116, 2, 167),
(20220116, 1, 0),
(20220117, 2, 15),
(20220117, 1, 2),
(20220118, 2, 18),
(20220118, 1, 8),
(20220119, 2, 18),
(20220119, 1, 1),
(20220120, 2, 23),
(20220120, 1, 5),
(20220121, 2, 11),
(20220121, 1, 3),
(20220122, 2, 13),
(20220122, 1, 2),
(20220123, 2, 16),
(20220123, 1, 8),
(20220124, 2, 17),
(20220124, 1, 6),
(20220125, 2, 12),
(20220125, 1, 5),
(20220126, 2, 10),
(20220126, 1, 2),
(20220127, 2, 17),
(20220127, 1, 1),
(20220128, 2, 21),
(20220128, 1, 4),
(20220129, 2, 15),
(20220129, 1, 2),
(20220130, 2, 17),
(20220130, 1, 1),
(20220131, 2, 21),
(20220131, 1, 5),
(20220132, 2, 20),
(20220132, 1, 4),
(20220133, 2, 15),
(20220133, 1, 3),
(20220134, 2, 10),
(20220134, 1, 4),
(20220135, 2, 15),
(20220135, 1, 1),
(20220137, 2, 12),
(20220137, 1, 5),
(20220138, 2, 20),
(20220138, 1, 6),
(20220139, 2, 15),
(20220139, 1, 3),
(20220140, 2, 11),
(20220140, 1, 6),
(20220141, 2, 17),
(20220141, 1, 5),
(20220142, 2, 9),
(20220142, 1, 5),
(20220143, 2, 13),
(20220143, 1, 3),
(20220144, 2, 21),
(20220144, 1, 4),
(20220145, 2, 10),
(20220145, 1, 7),
(20220146, 2, 22),
(20220146, 1, 5),
(20220148, 2, 19),
(20220148, 1, 8),
(20220149, 2, 21),
(20220149, 1, 7),
(20220150, 2, 11),
(20220150, 1, 2),
(20220151, 2, 14),
(20220151, 1, 4),
(20220152, 2, 16),
(20220152, 1, 2),
(20220169, 2, 18),
(20220169, 1, 8),
(20220170, 2, 14),
(20220170, 1, 4),
(20220171, 2, 19),
(20220171, 1, 4),
(20220172, 2, 13),
(20220172, 1, 7),
(20220173, 2, 10),
(20220173, 1, 4),
(20220174, 2, 10),
(20220174, 1, 5),
(20220175, 2, 12),
(20220175, 1, 3),
(20220176, 2, 22),
(20220176, 1, 4),
(20220177, 2, 17),
(20220177, 1, 6),
(20220178, 2, 21),
(20220178, 1, 6),
(20220179, 2, 7),
(20220179, 1, 5),
(20220180, 2, 19),
(20220180, 1, 2),
(20220181, 2, 24),
(20220181, 1, 2),
(20220182, 2, 18),
(20220182, 1, 7),
(20220183, 2, 12),
(20220183, 1, 2),
(20220184, 2, 14),
(20220184, 1, 1),
(20220185, 2, 14),
(20220185, 1, 4),
(20220186, 2, 19),
(20220186, 1, 7),
(20220187, 2, 16),
(20220187, 1, 7),
(20220188, 2, 26),
(20220188, 1, 3),
(20220189, 2, 14),
(20220189, 1, 4),
(20220190, 2, 16),
(20220190, 1, 2),
(20220191, 2, 18),
(20220191, 1, 10),
(20220192, 2, 19),
(20220192, 1, 5),
(20220193, 2, 10),
(20220193, 1, 7),
(20220194, 2, 11),
(20220194, 1, 4),
(20220195, 2, 17),
(20220195, 1, 1),
(20220196, 2, 19),
(20220196, 1, 8),
(20220197, 2, 16),
(20220197, 1, 7),
(20220198, 2, 19),
(20220198, 1, 9),
(20220199, 2, 11),
(20220199, 1, 4),
(20220200, 2, 16),
(20220200, 1, 2),
(20220201, 2, 18),
(20220201, 1, 5),
(20220202, 2, 19),
(20220202, 1, 3),
(20220203, 2, 13),
(20220203, 1, 0),
(20220204, 2, 11),
(20220204, 1, 5),
(20220205, 2, 10),
(20220205, 1, 5),
(20220206, 2, 18),
(20220206, 1, 8),
(20220207, 2, 16),
(20220207, 1, 9),
(20220208, 2, 21),
(20220208, 1, 8),
(20220209, 2, 24),
(20220209, 1, 4),
(20220210, 2, 16),
(20220210, 1, 4),
(20220211, 2, 19),
(20220211, 1, 7),
(20220212, 2, 13),
(20220212, 1, 8),
(20220215, 2, 11),
(20220215, 1, 2),
(20220216, 2, 13),
(20220216, 1, 8),
(20220217, 2, 18),
(20220217, 1, 6),
(20220218, 2, 18),
(20220218, 1, 8),
(20220219, 2, 9),
(20220219, 1, 9),
(20220220, 2, 11),
(20220220, 1, 5),
(20220221, 2, 21),
(20220221, 1, 6),
(20220223, 2, 12),
(20220223, 1, 3),
(20220224, 2, 16),
(20220224, 1, 0),
(20220225, 2, 8),
(20220225, 1, 6),
(20220226, 2, 17),
(20220226, 1, 7),
(20220227, 2, 19),
(20220227, 1, 3),
(20220228, 2, 21),
(20220228, 1, 7),
(20220229, 2, 16),
(20220229, 1, 9),
(20220230, 2, 15),
(20220230, 1, 3),
(20220231, 2, 20),
(20220231, 1, 5),
(20220232, 2, 4),
(20220232, 1, 5),
(20220233, 2, 12),
(20220233, 1, 4),
(20220234, 2, 11),
(20220234, 1, 6),
(20220235, 2, 8),
(20220235, 1, 6),
(20220236, 2, 18),
(20220236, 1, 5),
(20220237, 2, 15),
(20220237, 1, 5),
(20220238, 2, 17),
(20220238, 1, 9),
(20220239, 2, 10),
(20220239, 1, 3),
(20220240, 2, 15),
(20220240, 1, 3),
(20220241, 2, 23),
(20220241, 1, 3),
(20220242, 2, 15),
(20220242, 1, 5),
(20220243, 2, 10),
(20220243, 1, 4),
(20220244, 2, 8),
(20220244, 1, 5),
(20220245, 2, 12),
(20220245, 1, 5),
(20220246, 2, 18),
(20220246, 1, 8),
(20220247, 2, 14),
(20220247, 1, 1),
(20220248, 2, 25),
(20220248, 1, 5),
(20220249, 2, 18),
(20220249, 1, 4),
(20220250, 2, 14),
(20220250, 1, 6),
(20230005, 2, 14),
(20230005, 1, 5),
(20230006, 2, 14),
(20230006, 1, 3),
(20230007, 2, 12),
(20230007, 1, 1),
(20230008, 2, 14),
(20230008, 1, 2),
(20230009, 2, 22),
(20230009, 1, 4),
(20230010, 2, 13),
(20230010, 1, 4),
(20230011, 2, 20),
(20230011, 1, 7),
(20230012, 2, 14),
(20230012, 1, 2),
(20230013, 2, 14),
(20230013, 1, 7),
(20230014, 2, 22),
(20230014, 1, 5),
(20230015, 2, 18),
(20230015, 1, 5),
(20230016, 2, 14),
(20230016, 1, 3),
(20230017, 2, 17),
(20230017, 1, 3),
(20230018, 2, 15),
(20230018, 1, 4),
(20230019, 2, 23),
(20230019, 1, 3),
(20230020, 2, 20),
(20230020, 1, 2),
(20230021, 2, 22),
(20230021, 1, 5),
(20230022, 2, 8),
(20230022, 1, 8),
(20230023, 2, 16),
(20230023, 1, 4),
(20230024, 2, 19),
(20230024, 1, 9),
(20230025, 2, 10),
(20230025, 1, 7),
(20230026, 2, 19),
(20230026, 1, 7),
(20230027, 2, 23),
(20230027, 1, 6),
(20230028, 2, 11),
(20230028, 1, 7),
(20230029, 2, 24),
(20230029, 1, 1),
(20230030, 2, 16),
(20230030, 1, 5),
(20230031, 2, 22),
(20230031, 1, 3),
(20230032, 2, 25),
(20230032, 1, 2),
(20230033, 2, 16),
(20230033, 1, 5),
(20230034, 2, 26),
(20230034, 1, 4),
(20230035, 2, 16),
(20230035, 1, 4),
(20230036, 2, 9),
(20230036, 1, 7),
(20230037, 2, 14),
(20230037, 1, 0),
(20230038, 2, 14),
(20230038, 1, 4),
(20230039, 2, 21),
(20230039, 1, 7),
(20230041, 2, 21),
(20230041, 1, 5),
(20230042, 2, 10),
(20230042, 1, 4),
(20230043, 2, 8),
(20230043, 1, 6),
(20230044, 2, 19),
(20230044, 1, 7),
(20230045, 2, 21),
(20230045, 1, 3),
(20230046, 2, 12),
(20230046, 1, 1),
(20230047, 2, 13),
(20230047, 1, 3),
(20230048, 2, 16),
(20230048, 1, 3),
(20230049, 2, 15),
(20230049, 1, 12),
(20230050, 2, 15),
(20230050, 1, 6),
(20230051, 2, 22),
(20230051, 1, 6),
(20230052, 2, 14),
(20230052, 1, 1),
(20230053, 2, 9),
(20230053, 1, 8),
(20230054, 2, 18),
(20230054, 1, 7),
(20230055, 2, 19),
(20230055, 1, 5),
(20230056, 2, 15),
(20230056, 1, 2),
(20230057, 2, 14),
(20230057, 1, 6),
(20230058, 2, 17),
(20230058, 1, 7),
(20230059, 2, 28),
(20230059, 1, 5),
(20230060, 2, 21),
(20230060, 1, 2),
(20230061, 2, 19),
(20230061, 1, 7),
(20230062, 2, 13),
(20230062, 1, 1),
(20230063, 2, 16),
(20230063, 1, 6),
(20230064, 2, 19),
(20230064, 1, 7),
(20230065, 2, 13),
(20230065, 1, 6),
(20230066, 2, 12),
(20230066, 1, 6),
(20230067, 2, 13),
(20230067, 1, 1),
(20230068, 2, 22),
(20230068, 1, 2),
(20230069, 2, 19),
(20230069, 1, 9),
(20230070, 2, 19),
(20230070, 1, 3),
(20230072, 2, 24),
(20230072, 1, 5),
(20230073, 2, 22),
(20230073, 1, 6),
(20230074, 2, 20),
(20230074, 1, 6),
(20230075, 2, 17),
(20230075, 1, 5),
(20230076, 2, 24),
(20230076, 1, 2),
(20230077, 2, 13),
(20230077, 1, 10),
(20230078, 2, 15),
(20230078, 1, 7),
(20230079, 2, 24),
(20230079, 1, 5),
(20230081, 2, 28),
(20230081, 1, 4),
(20230082, 2, 15),
(20230082, 1, 2),
(20230083, 2, 18),
(20230083, 1, 5),
(20230084, 2, 9),
(20230084, 1, 3),
(20230092, 2, 13),
(20230092, 1, 6),
(20230093, 2, 21),
(20230093, 1, 3),
(20230094, 2, 26),
(20230094, 1, 8),
(20230095, 2, 15),
(20230095, 1, 5),
(20230096, 2, 13),
(20230096, 1, 3),
(20230097, 2, 13),
(20230097, 1, 3),
(20230098, 2, 18),
(20230098, 1, 5),
(20230102, 2, 12),
(20230102, 1, 6),
(20230103, 2, 18),
(20230103, 1, 8),
(20230104, 2, 28),
(20230104, 1, 3),
(20230105, 2, 17),
(20230105, 1, 5),
(20230107, 2, 270),
(20230107, 1, 4),
(20230108, 2, 19),
(20230108, 1, 2),
(20230109, 2, 22),
(20230109, 1, 8),
(20230110, 2, 20),
(20230110, 1, 1),
(20230114, 2, 9),
(20230114, 1, 1),
(20230115, 2, 19),
(20230115, 1, 3),
(20230116, 2, 16),
(20230116, 1, 2),
(20230117, 2, 12),
(20230117, 1, 7),
(20230118, 2, 14),
(20230118, 1, 5),
(20230119, 2, 25),
(20230119, 1, 9),
(20230120, 2, 19),
(20230120, 1, 4),
(20230121, 2, 25),
(20230121, 1, 4),
(20230122, 2, 17),
(20230122, 1, 2),
(20230123, 2, 17),
(20230123, 1, 4),
(20230124, 2, 22),
(20230124, 1, 6),
(20230125, 2, 14),
(20230125, 1, 5),
(20230126, 2, 11),
(20230126, 1, 7),
(20230127, 2, 18),
(20230127, 1, 2),
(20230128, 2, 14),
(20230128, 1, 4),
(20230129, 2, 26),
(20230129, 1, 5),
(20230131, 2, 25),
(20230131, 1, 3),
(20230132, 2, 13),
(20230132, 1, 2),
(20230133, 2, 19),
(20230133, 1, 3),
(20230134, 2, 21),
(20230134, 1, 7),
(20230135, 2, 14),
(20230135, 1, 4),
(20230136, 2, 14),
(20230136, 1, 3),
(20230137, 2, 12),
(20230137, 1, 4),
(20230138, 2, 14),
(20230138, 1, 5),
(20230139, 2, 22),
(20230139, 1, 9),
(20230141, 2, 25),
(20230141, 1, 7),
(20230142, 2, 23),
(20230142, 1, 8),
(20230143, 2, 20),
(20230143, 1, 1),
(20230144, 2, 21),
(20230144, 1, 5),
(20230145, 2, 16),
(20230145, 1, 2),
(20230146, 2, 21),
(20230146, 1, 8),
(20230147, 2, 17),
(20230147, 1, 8),
(20230148, 2, 12),
(20230148, 1, 4),
(20230149, 2, 14),
(20230149, 1, 0),
(20230150, 2, 20),
(20230150, 1, 0),
(20230151, 2, 63),
(20230151, 1, 7),
(20230152, 2, 13),
(20230152, 1, 4),
(20230153, 2, 10),
(20230153, 1, 4),
(20230154, 2, 10),
(20230154, 1, 2),
(20230170, 2, 17),
(20230170, 1, 13),
(20230171, 2, 24),
(20230171, 1, 6),
(20230172, 2, 7),
(20230172, 1, 5),
(20230173, 2, 26),
(20230173, 1, 4),
(20230174, 2, 13),
(20230174, 1, 6),
(20230175, 2, 20),
(20230175, 1, 3),
(20230176, 2, 15),
(20230176, 1, 1),
(20230177, 2, 16),
(20230177, 1, 3),
(20230178, 2, 22),
(20230178, 1, 7),
(20230180, 2, 20),
(20230180, 1, 10),
(20230181, 2, 15),
(20230181, 1, 2),
(20230182, 2, 11),
(20230182, 1, 6),
(20230183, 2, 17),
(20230183, 1, 9),
(20230184, 2, 19),
(20230184, 1, 5),
(20230185, 2, 10),
(20230185, 1, 4),
(20230186, 2, 13),
(20230186, 1, 2),
(20230187, 2, 17),
(20230187, 1, 4),
(20230188, 2, 22),
(20230188, 1, 5),
(20230189, 2, 15),
(20230189, 1, 4),
(20230190, 2, 22),
(20230190, 1, 6),
(20230191, 2, 8),
(20230191, 1, 7),
(20230192, 2, 14),
(20230192, 1, 3),
(20230193, 2, 19),
(20230193, 1, 11),
(20230194, 2, 10),
(20230194, 1, 7),
(20230195, 2, 10),
(20230195, 1, 4),
(20230197, 2, 17),
(20230197, 1, 2),
(20230198, 2, 22),
(20230198, 1, 9),
(20230199, 2, 15),
(20230199, 1, 5),
(20230200, 2, 17),
(20230200, 1, 7),
(20230201, 2, 20),
(20230201, 1, 4),
(20230202, 2, 14),
(20230202, 1, 4),
(20230203, 2, 20),
(20230203, 1, 6),
(20230205, 2, 12),
(20230205, 1, 4),
(20230206, 2, 11),
(20230206, 1, 4),
(20230207, 2, 14),
(20230207, 1, 4),
(20230208, 2, 15),
(20230208, 1, 9),
(20230209, 2, 13),
(20230209, 1, 4),
(20230225, 2, 15),
(20230225, 1, 2),
(20230226, 2, 10),
(20230226, 1, 4),
(20230227, 2, 14),
(20230227, 1, 3),
(20230228, 2, 19),
(20230228, 1, 7),
(20230229, 2, 10),
(20230229, 1, 2),
(20230230, 2, 21),
(20230230, 1, 6),
(20230231, 2, 12),
(20230231, 1, 4),
(20230232, 2, 18),
(20230232, 1, 1),
(20230233, 2, 20),
(20230233, 1, 4),
(20230234, 2, 15),
(20230234, 1, 4),
(20230235, 2, 12),
(20230235, 1, 4),
(20230236, 2, 14),
(20230236, 1, 3),
(20230237, 2, 14),
(20230237, 1, 4),
(20230238, 2, 23),
(20230238, 1, 5),
(20230239, 2, 12),
(20230239, 1, 6),
(20230240, 2, 22),
(20230240, 1, 7),
(20230241, 2, 8),
(20230241, 1, 6),
(20230242, 2, 12),
(20230242, 1, 2),
(20230243, 2, 10),
(20230243, 1, 3),
(20230245, 2, 11),
(20230245, 1, 5),
(20230246, 2, 11),
(20230246, 1, 4),
(20230247, 2, 8),
(20230247, 1, 2),
(20230248, 2, 15),
(20230248, 1, 7),
(20230249, 2, 14),
(20230249, 1, 5),
(20230250, 2, 13),
(20230250, 1, 8),
(20230251, 2, 13),
(20230251, 1, 3),
(20230252, 2, 8),
(20230252, 1, 1);

-- --------------------------------------------------------

--
-- Structure de la table `faits_recettes`
--

CREATE TABLE `faits_recettes` (
  `id_D` int(8) NOT NULL,
  `id_paiement` int(8) NOT NULL,
  `montant` decimal(10,2) NOT NULL
) ENGINE=InnoDB DEFAULT CHARSET=utf8mb4 COLLATE=utf8mb4_general_ci;

--
-- Déchargement des données de la table `faits_recettes`
--

INSERT INTO `faits_recettes` (`id_D`, `id_paiement`, `montant`) VALUES
(20170001, 1, 550.00),
(20170001, 2, 82.72),
(20170001, 3, 780.00),
(20170001, 4, 360.00),
(20170002, 1, 280.00),
(20170002, 2, 0.00),
(20170002, 3, 300.00),
(20170002, 4, 120.00),
(20170003, 1, 400.00),
(20170003, 2, 272.30),
(20170003, 3, 180.00),
(20170003, 4, 100.00),
(20170004, 1, 270.00),
(20170004, 2, 164.30),
(20170004, 3, 1310.00),
(20170004, 4, 40.00),
(20170005, 1, 290.00),
(20170005, 2, 206.10),
(20170005, 3, 820.00),
(20170005, 4, 200.00),
(20170006, 1, 510.00),
(20170006, 2, 40.66),
(20170006, 3, 1050.00),
(20170006, 4, 210.00),
(20170007, 1, 410.00),
(20170007, 2, 162.28),
(20170007, 3, 260.00),
(20170007, 4, 210.00),
(20170008, 1, 360.00),
(20170008, 2, 311.20),
(20170008, 3, 560.00),
(20170008, 4, 40.00),
(20170011, 1, 290.00),
(20170011, 2, 243.24),
(20170011, 3, 400.00),
(20170011, 4, 100.00),
(20170012, 1, 292.20),
(20170012, 2, 220.50),
(20170012, 3, 420.00),
(20170012, 4, 170.00),
(20170013, 1, 260.00),
(20170013, 2, 77.80),
(20170013, 3, 700.00),
(20170013, 4, 140.00),
(20170014, 1, 450.00),
(20170014, 2, 120.22),
(20170014, 3, 1220.00),
(20170014, 4, 40.00),
(20170015, 1, 310.00),
(20170015, 2, 341.66),
(20170015, 3, 770.00),
(20170015, 4, 130.00),
(20170016, 1, 270.00),
(20170016, 2, 269.32),
(20170016, 3, 840.00),
(20170016, 4, 0.00),
(20170017, 1, 560.00),
(20170017, 2, 121.62),
(20170017, 3, 210.00),
(20170017, 4, 40.00),
(20170018, 1, 380.00),
(20170018, 2, 395.32),
(20170018, 3, 560.00),
(20170018, 4, 80.00),
(20170019, 1, 330.00),
(20170019, 2, 236.92),
(20170019, 3, 920.00),
(20170019, 4, 370.00),
(20170020, 1, 400.00),
(20170020, 2, 243.86),
(20170020, 3, 770.00),
(20170020, 4, 230.00),
(20170021, 1, 540.00),
(20170021, 2, 118.46),
(20170021, 3, 390.00),
(20170021, 4, 160.00),
(20170022, 1, 170.00),
(20170022, 2, 232.70),
(20170022, 3, 610.00),
(20170022, 4, 80.00),
(20170023, 1, 320.00),
(20170023, 2, 116.70),
(20170023, 3, 348.00),
(20170023, 4, 60.00),
(20170024, 1, 350.00),
(20170024, 2, 243.96),
(20170024, 3, 900.00),
(20170024, 4, 290.00),
(20170025, 1, 370.00),
(20170025, 2, 0.00),
(20170025, 3, 120.22),
(20170025, 4, 740.00),
(20170026, 1, 360.00),
(20170026, 2, 314.08),
(20170026, 3, 1250.00),
(20170026, 4, 180.00),
(20170027, 1, 350.00),
(20170027, 2, 79.56),
(20170027, 3, 630.00),
(20170027, 4, 160.00),
(20170028, 1, 160.00),
(20170028, 2, 283.62),
(20170028, 3, 638.90),
(20170028, 4, 120.00),
(20170029, 1, 630.00),
(20170029, 2, 318.24),
(20170029, 3, 920.00),
(20170029, 4, 260.00),
(20170030, 1, 410.00),
(20170030, 2, 82.72),
(20170030, 3, 930.00),
(20170030, 4, 140.00),
(20170031, 1, 450.00),
(20170031, 2, 160.52),
(20170031, 3, 470.00),
(20170031, 4, 40.00),
(20170032, 1, 240.00),
(20170032, 2, 82.72),
(20170032, 3, 780.00),
(20170032, 4, 60.00),
(20170033, 1, 100.00),
(20170033, 2, 279.40),
(20170033, 3, 540.00),
(20170033, 4, 120.00),
(20170034, 1, 370.00),
(20170034, 2, 159.12),
(20170034, 3, 1110.00),
(20170034, 4, 160.00),
(20170035, 1, 160.00),
(20170035, 2, 302.76),
(20170035, 3, 790.00),
(20170035, 4, 80.00),
(20170036, 1, 370.00),
(20170036, 2, 160.52),
(20170036, 3, 950.00),
(20170036, 4, 180.00),
(20170037, 1, 640.00),
(20170037, 2, 235.86),
(20170037, 3, 930.00),
(20170037, 4, 80.00),
(20170038, 1, 640.00),
(20170038, 2, 194.50),
(20170038, 3, 280.00),
(20170038, 4, 80.00),
(20170039, 1, 690.00),
(20170039, 2, 159.12),
(20170039, 3, 930.00),
(20170039, 4, 80.00),
(20170040, 1, 490.00),
(20170040, 2, 229.18),
(20170040, 3, 540.00),
(20170040, 4, 40.00),
(20170041, 1, 510.00),
(20170041, 2, 221.03),
(20170041, 3, 920.00),
(20170041, 4, 150.00),
(20170042, 1, 720.00),
(20170042, 2, 240.50),
(20170042, 3, 750.00),
(20170042, 4, 220.00),
(20170043, 1, 400.00),
(20170043, 2, 201.60),
(20170043, 3, 620.00),
(20170043, 4, 160.00),
(20170044, 1, 540.00),
(20170044, 2, 149.62),
(20170044, 3, 1210.00),
(20170044, 4, 170.00),
(20170045, 1, 384.29),
(20170045, 2, 373.38),
(20170045, 3, 680.00),
(20170045, 4, 0.00),
(20170046, 1, 490.00),
(20170046, 2, 306.28),
(20170046, 3, 740.00),
(20170046, 4, 220.00),
(20170047, 1, 270.00),
(20170047, 2, 153.14),
(20170047, 3, 620.00),
(20170047, 4, 170.00),
(20170048, 1, 140.00),
(20170048, 2, 194.50),
(20170048, 3, 780.00),
(20170048, 4, 140.00),
(20170049, 1, 230.00),
(20170049, 2, 159.12),
(20170049, 3, 1180.00),
(20170049, 4, 270.00),
(20170050, 1, 220.00),
(20170050, 2, 121.98),
(20170050, 3, 990.00),
(20170050, 4, 40.00),
(20170051, 1, 200.00),
(20170051, 2, 21.98),
(20170051, 3, 700.00),
(20170051, 4, 130.00),
(20170052, 1, 190.00),
(20170052, 2, 120.22),
(20170052, 3, 810.00),
(20170052, 4, 130.00),
(20170053, 1, 200.00),
(20170053, 2, 155.60),
(20170053, 3, 340.00),
(20170053, 4, 220.00),
(20170054, 1, 340.00),
(20170054, 2, 206.88),
(20170054, 3, 1130.00),
(20170054, 4, 180.00),
(20170055, 1, 520.00),
(20170055, 2, 243.24),
(20170055, 3, 390.00),
(20170055, 4, 300.00),
(20170056, 1, 590.00),
(20170056, 2, 429.66),
(20170056, 3, 640.00),
(20170056, 4, 90.00),
(20170057, 1, 140.00),
(20170057, 2, 157.36),
(20170057, 3, 410.00),
(20170057, 4, 230.00),
(20170058, 1, 360.00),
(20170058, 2, 272.30),
(20170058, 3, 618.90),
(20170058, 4, 180.00),
(20170059, 1, 540.00),
(20170059, 2, 38.90),
(20170059, 3, 1090.00),
(20170059, 4, 180.00),
(20170060, 1, 270.00),
(20170060, 2, 165.44),
(20170060, 3, 260.00),
(20170060, 4, 40.00),
(20170061, 1, 280.00),
(20170061, 2, 160.52),
(20170061, 3, 490.00),
(20170061, 4, 40.00),
(20170062, 1, 290.00),
(20170062, 2, 164.04),
(20170062, 3, 410.00),
(20170062, 4, 40.00),
(20170063, 1, 360.00),
(20170063, 2, 317.18),
(20170063, 3, 890.00),
(20170063, 4, 40.00),
(20170064, 1, 830.00),
(20170064, 2, 106.79),
(20170064, 3, 690.00),
(20170064, 4, 150.00),
(20170065, 1, 160.00),
(20170065, 2, 257.00),
(20170065, 3, 480.00),
(20170065, 4, 140.00),
(20170066, 1, 440.00),
(20170066, 2, 233.40),
(20170066, 3, 720.00),
(20170066, 4, 40.00),
(20170067, 1, 530.00),
(20170067, 2, 262.10),
(20170067, 3, 720.00),
(20170067, 4, 210.00),
(20170068, 1, 400.00),
(20170068, 2, 164.04),
(20170068, 3, 690.00),
(20170068, 4, 180.00),
(20170069, 1, 132.20),
(20170069, 2, 251.66),
(20170069, 3, 630.00),
(20170069, 4, 90.00),
(20170070, 1, 290.00),
(20170070, 2, 202.94),
(20170070, 3, 570.00),
(20170070, 4, 80.00),
(20170071, 1, 280.00),
(20170071, 2, 314.36),
(20170071, 3, 500.00),
(20170071, 4, 40.00),
(20170072, 1, 390.00),
(20170072, 2, 121.98),
(20170072, 3, 1160.00),
(20170072, 4, 160.00),
(20170073, 1, 200.00),
(20170073, 2, 81.32),
(20170073, 3, 810.00),
(20170073, 4, 80.00),
(20170075, 1, 740.00),
(20170075, 2, 304.52),
(20170075, 3, 760.00),
(20170075, 4, 0.00),
(20170076, 1, 180.00),
(20170076, 2, 233.40),
(20170076, 3, 740.00),
(20170076, 4, 150.00),
(20170077, 1, 510.00),
(20170077, 2, 206.10),
(20170077, 3, 920.00),
(20170077, 4, 430.00),
(20170078, 1, 330.00),
(20170078, 2, 393.58),
(20170078, 3, 530.00),
(20170078, 4, 120.00),
(20170079, 1, 480.00),
(20170079, 2, 221.80),
(20170079, 3, 1190.00),
(20170079, 4, 260.00),
(20170080, 1, 500.00),
(20170080, 2, 233.44),
(20170080, 3, 670.00),
(20170080, 4, 160.00),
(20170081, 1, 370.00),
(20170081, 2, 241.84),
(20170081, 3, 160.00),
(20170081, 4, 80.00),
(20170082, 1, 210.00),
(20170082, 2, 36.36),
(20170082, 3, 270.00),
(20170082, 4, 160.00),
(20170084, 1, 270.00),
(20170084, 2, 241.84),
(20170084, 3, 690.00),
(20170084, 4, 40.00),
(20170085, 1, 160.00),
(20170085, 2, 376.10),
(20170085, 3, 540.00),
(20170085, 4, 220.00),
(20170086, 1, 430.00),
(20170086, 2, 150.44),
(20170086, 3, 1170.00),
(20170086, 4, 60.00),
(20170087, 1, 230.00),
(20170087, 2, 368.00),
(20170087, 3, 650.00),
(20170087, 4, 80.00),
(20170089, 1, 120.00),
(20170089, 2, 79.56),
(20170089, 3, 500.00),
(20170089, 4, 80.00),
(20170090, 1, 280.00),
(20170090, 2, 314.36),
(20170090, 3, 320.00),
(20170090, 4, 130.00),
(20170091, 1, 870.00),
(20170091, 2, 81.32),
(20170091, 3, 850.00),
(20170091, 4, 180.00),
(20170092, 1, 300.00),
(20170092, 2, 287.06),
(20170092, 3, 550.00),
(20170092, 4, 130.00),
(20170093, 1, 420.00),
(20170093, 2, 153.14),
(20170093, 3, 1300.00),
(20170093, 4, 40.00),
(20170094, 1, 130.00),
(20170094, 2, 160.88),
(20170094, 3, 740.00),
(20170094, 4, 40.00),
(20170095, 1, 500.00),
(20170095, 2, 350.00),
(20170095, 3, 320.00),
(20170095, 4, 40.00),
(20170096, 1, 530.00),
(20170096, 2, 348.00),
(20170096, 3, 810.00),
(20170096, 4, 120.00),
(20170097, 1, 160.00),
(20170097, 2, 167.98),
(20170097, 3, 700.00),
(20170097, 4, 316.00),
(20170098, 1, 480.00),
(20170098, 2, 159.12),
(20170098, 3, 240.00),
(20170098, 4, 80.00),
(20170099, 1, 170.00),
(20170099, 2, 79.56),
(20170099, 3, 470.00),
(20170099, 4, 40.00),
(20170100, 1, 200.00),
(20170100, 2, 275.46),
(20170100, 3, 460.00),
(20170100, 4, 40.00),
(20170102, 1, 380.00),
(20170102, 2, 70.52),
(20170102, 3, 250.00),
(20170102, 4, 200.00),
(20170103, 1, 560.00),
(20170103, 2, 120.22),
(20170103, 3, 410.00),
(20170103, 4, 220.00),
(20170104, 1, 500.00),
(20170104, 2, 40.66),
(20170104, 3, 510.00),
(20170104, 4, 0.00),
(20170105, 1, 380.00),
(20170105, 2, 233.40),
(20170105, 3, 500.00),
(20170105, 4, 120.00),
(20170106, 1, 510.00),
(20170106, 2, 275.12),
(20170106, 3, 1210.00),
(20170106, 4, 160.00),
(20170107, 1, 270.00),
(20170107, 2, 195.20),
(20170107, 3, 740.00),
(20170107, 4, 80.00),
(20170109, 1, 330.00),
(20170109, 2, 86.66),
(20170109, 3, 700.00),
(20170109, 4, 0.00),
(20170110, 1, 180.00),
(20170110, 2, 260.63),
(20170110, 3, 520.00),
(20170110, 4, 90.00),
(20170111, 1, 830.00),
(20170111, 2, 151.38),
(20170111, 3, 660.00),
(20170111, 4, 190.00),
(20170112, 1, 280.00),
(20170112, 2, 121.98),
(20170112, 3, 620.00),
(20170112, 4, 220.00),
(20170113, 1, 770.00),
(20170113, 2, 118.46),
(20170113, 3, 1000.00),
(20170113, 4, 110.00),
(20170114, 1, 250.00),
(20170114, 2, 199.14),
(20170114, 3, 390.00),
(20170114, 4, 40.00),
(20170115, 1, 320.00),
(20170115, 2, 77.80),
(20170115, 3, 540.00),
(20170115, 4, 160.00),
(20170116, 1, 512.62),
(20170116, 2, 82.72),
(20170116, 3, 1120.00),
(20170116, 4, 100.00),
(20170117, 1, 120.00),
(20170117, 2, 81.32),
(20170117, 3, 740.00),
(20170117, 4, 130.00),
(20170118, 1, 120.00),
(20170118, 2, 121.98),
(20170118, 3, 620.00),
(20170118, 4, 40.00),
(20170119, 1, 290.00),
(20170119, 2, 40.66),
(20170119, 3, 630.00),
(20170119, 4, 90.00),
(20170120, 1, 400.00),
(20170120, 2, 201.60),
(20170120, 3, 440.00),
(20170120, 4, 60.00),
(20170121, 1, 290.00),
(20170121, 2, 79.56),
(20170121, 3, 1240.00),
(20170121, 4, 40.00),
(20170123, 1, 80.00),
(20170123, 2, 79.55),
(20170123, 3, 300.00),
(20170123, 4, 80.00),
(20170124, 1, 300.00),
(20170124, 2, 192.04),
(20170124, 3, 720.00),
(20170124, 4, 90.00),
(20170125, 1, 480.00),
(20170125, 2, 194.50),
(20170125, 3, 500.00),
(20170125, 4, 80.00),
(20170126, 1, 550.00),
(20170126, 2, 242.20),
(20170126, 3, 850.00),
(20170126, 4, 220.00),
(20170127, 1, 300.00),
(20170127, 2, 281.86),
(20170127, 3, 550.00),
(20170127, 4, 90.00),
(20170128, 1, 190.00),
(20170128, 2, 81.32),
(20170128, 3, 510.00),
(20170128, 4, 160.00),
(20170129, 1, 300.00),
(20170129, 2, 34.45),
(20170129, 3, 580.00),
(20170129, 4, 100.00),
(20170130, 1, 140.00),
(20170130, 2, 194.50),
(20170130, 3, 680.00),
(20170130, 4, 0.00),
(20170131, 1, 610.00),
(20170131, 2, 153.14),
(20170131, 3, 1080.00),
(20170131, 4, 130.00),
(20170132, 1, 540.00),
(20170132, 2, 121.98),
(20170132, 3, 730.00),
(20170132, 4, 90.00),
(20170133, 1, 220.00),
(20170133, 2, 319.00),
(20170133, 3, 950.00),
(20170133, 4, 0.00),
(20170134, 1, 400.00),
(20170134, 2, 40.66),
(20170134, 3, 640.00),
(20170134, 4, 0.00),
(20170135, 1, 500.00),
(20170135, 2, 233.40),
(20170135, 3, 300.00),
(20170135, 4, 60.00),
(20170136, 1, 460.00),
(20170136, 2, 153.14),
(20170136, 3, 780.00),
(20170136, 4, 170.00),
(20170138, 1, 340.00),
(20170138, 2, 82.72),
(20170138, 3, 420.00),
(20170138, 4, 40.00),
(20170139, 1, 180.00),
(20170139, 2, 40.66),
(20170139, 3, 460.00),
(20170139, 4, 180.00),
(20170140, 1, 420.00),
(20170140, 2, 0.00),
(20170140, 3, 260.00),
(20170140, 4, 40.00),
(20170141, 1, 210.00),
(20170141, 2, 121.98),
(20170141, 3, 1230.00),
(20170141, 4, 160.00),
(20170142, 1, 670.00),
(20170142, 2, 121.62),
(20170142, 3, 610.00),
(20170142, 4, 100.00),
(20170143, 1, 250.00),
(20170143, 2, 305.92),
(20170143, 3, 730.00),
(20170143, 4, 80.00),
(20170144, 1, 460.00),
(20170144, 2, 81.32),
(20170144, 3, 330.00),
(20170144, 4, 80.00),
(20170145, 1, 100.00),
(20170145, 2, 168.24),
(20170145, 3, 660.00),
(20170145, 4, 180.00),
(20170146, 1, 260.00),
(20170146, 2, 321.10),
(20170146, 3, 840.00),
(20170146, 4, 160.00),
(20170147, 1, 460.00),
(20170147, 2, 160.22),
(20170147, 3, 290.00),
(20170147, 4, 340.00),
(20170148, 1, 190.00),
(20170148, 2, 40.66),
(20170148, 3, 620.00),
(20170148, 4, 80.00),
(20170149, 1, 380.00),
(20170149, 2, 238.32),
(20170149, 3, 570.00),
(20170149, 4, 310.00),
(20170150, 1, 180.00),
(20170150, 2, 314.36),
(20170150, 3, 500.00),
(20170150, 4, 60.00),
(20170151, 1, 640.00),
(20170151, 2, 391.82),
(20170151, 3, 600.00),
(20170151, 4, 170.00),
(20170152, 1, 120.00),
(20170152, 2, 280.46),
(20170152, 3, 700.00),
(20170152, 4, 40.00),
(20170153, 1, 600.00),
(20170153, 2, 218.28),
(20170153, 3, 470.00),
(20170153, 4, 60.00),
(20170154, 1, 390.00),
(20170154, 2, 532.17),
(20170154, 3, 720.00),
(20170154, 4, 80.00),
(20170155, 1, 220.00),
(20170155, 2, 230.82),
(20170155, 3, 460.00),
(20170155, 4, 60.00),
(20170156, 1, 120.00),
(20170156, 2, 252.96),
(20170156, 3, 520.00),
(20170156, 4, 80.00),
(20170164, 1, 180.00),
(20170164, 2, 42.06),
(20170164, 3, 900.00),
(20170164, 4, 140.00),
(20170165, 1, 220.00),
(20170165, 2, 81.32),
(20170165, 3, 310.00),
(20170165, 4, 40.00),
(20170166, 1, 180.00),
(20170166, 2, 346.58),
(20170166, 3, 790.00),
(20170166, 4, 360.00),
(20170167, 1, 350.00),
(20170167, 2, 182.54),
(20170167, 3, 280.00),
(20170167, 4, 0.00),
(20170168, 1, 290.00),
(20170168, 2, 164.46),
(20170168, 3, 620.00),
(20170168, 4, 100.00),
(20170171, 1, 320.00),
(20170171, 2, 314.02),
(20170171, 3, 840.00),
(20170171, 4, 280.00),
(20170172, 1, 150.00),
(20170172, 2, 190.88),
(20170172, 3, 520.00),
(20170172, 4, 40.00),
(20170173, 1, 380.00),
(20170173, 2, 158.76),
(20170173, 3, 500.00),
(20170173, 4, 180.00),
(20170174, 1, 340.00),
(20170174, 2, 109.32),
(20170174, 3, 1090.00),
(20170174, 4, 90.00),
(20170175, 1, 480.00),
(20170175, 2, 203.30),
(20170175, 3, 620.00),
(20170175, 4, 190.00),
(20170176, 1, 170.00),
(20170176, 2, 119.56),
(20170176, 3, 450.00),
(20170176, 4, 40.00),
(20170177, 1, 430.00),
(20170177, 2, 190.88),
(20170177, 3, 210.00),
(20170177, 4, 90.00),
(20170178, 1, 300.00),
(20170178, 2, 162.70),
(20170178, 3, 480.00),
(20170178, 4, 0.00),
(20170179, 1, 630.00),
(20170179, 2, 234.46),
(20170179, 3, 470.00),
(20170179, 4, 100.00),
(20170180, 1, 510.00),
(20170180, 2, 185.70),
(20170180, 3, 750.00),
(20170180, 4, 40.00),
(20170181, 1, 130.00),
(20170181, 2, 356.08),
(20170181, 3, 850.00),
(20170181, 4, 200.00),
(20170182, 1, 140.00),
(20170182, 2, 81.32),
(20170182, 3, 510.00),
(20170182, 4, 40.00),
(20170183, 1, 160.00),
(20170183, 2, 0.00),
(20170183, 3, 0.00),
(20170183, 4, 0.00),
(20170186, 1, 340.00),
(20170186, 2, 81.32),
(20170186, 3, 660.00),
(20170186, 4, 80.00),
(20170187, 1, 260.00),
(20170187, 2, 320.00),
(20170187, 3, 820.00),
(20170187, 4, 130.00),
(20170188, 1, 40.00),
(20170188, 2, 320.00),
(20170188, 3, 660.00),
(20170188, 4, 0.00),
(20170189, 1, 160.00),
(20170189, 2, 515.56),
(20170189, 3, 1020.00),
(20170189, 4, 210.00),
(20170190, 1, 250.00),
(20170190, 2, 324.56),
(20170190, 3, 880.00),
(20170190, 4, 80.00),
(20170191, 1, 390.00),
(20170191, 2, 317.60),
(20170191, 3, 950.00),
(20170191, 4, 360.00),
(20170192, 1, 170.00),
(20170192, 2, 159.12),
(20170192, 3, 540.00),
(20170192, 4, 140.00),
(20170193, 1, 160.00),
(20170193, 2, 204.64),
(20170193, 3, 680.00),
(20170193, 4, 40.00),
(20170194, 1, 580.00),
(20170194, 2, 164.04),
(20170194, 3, 790.00),
(20170194, 4, 120.00),
(20170195, 1, 40.00),
(20170195, 2, 204.70),
(20170195, 3, 710.00),
(20170195, 4, 100.00),
(20170196, 1, 260.00),
(20170196, 2, 153.14),
(20170196, 3, 470.00),
(20170196, 4, 40.00),
(20170197, 1, 390.00),
(20170197, 2, 120.22),
(20170197, 3, 760.00),
(20170197, 4, 40.00),
(20170198, 1, 300.00),
(20170198, 2, 246.82),
(20170198, 3, 540.00),
(20170198, 4, 40.00),
(20170199, 1, 170.00),
(20170199, 2, 112.48),
(20170199, 3, 1020.00),
(20170199, 4, 340.00),
(20170200, 1, 180.00),
(20170200, 2, 82.72),
(20170200, 3, 710.00),
(20170200, 4, 40.00),
(20170201, 1, 260.00),
(20170201, 2, 165.44),
(20170201, 3, 720.00),
(20170201, 4, 230.00),
(20170202, 1, 310.00),
(20170202, 2, 160.52),
(20170202, 3, 600.00),
(20170202, 4, 130.00),
(20170203, 1, 360.00),
(20170203, 2, 272.30),
(20170203, 3, 660.00),
(20170203, 4, 100.00),
(20170204, 1, 410.00),
(20170204, 2, 153.14),
(20170204, 3, 970.00),
(20170204, 4, 250.00),
(20170205, 1, 510.00),
(20170205, 2, 155.94),
(20170205, 3, 500.00),
(20170205, 4, 200.00),
(20170206, 1, 200.00),
(20170206, 2, 109.78),
(20170206, 3, 920.00),
(20170206, 4, 260.00),
(20170207, 1, 740.00),
(20170207, 2, 157.36),
(20170207, 3, 440.00),
(20170207, 4, 320.00),
(20170208, 1, 360.00),
(20170208, 2, 155.60),
(20170208, 3, 480.00),
(20170208, 4, 120.00),
(20170209, 1, 360.00),
(20170209, 2, 279.34),
(20170209, 3, 530.00),
(20170209, 4, 100.00),
(20170210, 1, 210.00),
(20170210, 2, 357.84),
(20170210, 3, 490.00),
(20170210, 4, 90.00),
(20170211, 1, 700.00),
(20170211, 2, 292.41),
(20170211, 3, 820.00),
(20170211, 4, 0.00),
(20170212, 1, 230.00),
(20170212, 2, 320.00),
(20170212, 3, 280.00),
(20170212, 4, 220.00),
(20170216, 1, 150.00),
(20170216, 2, 241.84),
(20170216, 3, 370.00),
(20170216, 4, 170.00),
(20170217, 1, 430.00),
(20170217, 2, 69.12),
(20170217, 3, 750.00),
(20170217, 4, 182.20),
(20170218, 1, 400.00),
(20170218, 2, 278.62),
(20170218, 3, 490.00),
(20170218, 4, 140.00),
(20170219, 1, 270.00),
(20170219, 2, 159.12),
(20170219, 3, 1060.00),
(20170219, 4, 240.00),
(20170220, 1, 260.00),
(20170220, 2, 154.54),
(20170220, 3, 940.00),
(20170220, 4, 70.00),
(20170221, 1, 380.00),
(20170221, 2, 230.53),
(20170221, 3, 811.67),
(20170221, 4, 220.00),
(20170222, 1, 170.00),
(20170222, 2, 81.32),
(20170222, 3, 290.00),
(20170222, 4, 0.00),
(20170226, 1, 260.00),
(20170226, 2, 238.68),
(20170226, 3, 170.00),
(20170226, 4, 120.00),
(20170227, 1, 140.00),
(20170227, 2, 286.02),
(20170227, 3, 370.00),
(20170227, 4, 50.00),
(20170228, 1, 200.00),
(20170228, 2, 236.56),
(20170228, 3, 540.00),
(20170228, 4, 300.00),
(20170229, 1, 700.00),
(20170229, 2, 455.54),
(20170229, 3, 720.66),
(20170229, 4, 50.00),
(20170230, 1, 70.00),
(20170230, 2, 494.78),
(20170230, 3, 570.00),
(20170230, 4, 0.00),
(20170231, 1, 350.00),
(20170231, 2, 230.94),
(20170231, 3, 790.00),
(20170231, 4, 480.00),
(20170232, 1, 140.00),
(20170232, 2, 79.56),
(20170232, 3, 510.00),
(20170232, 4, 250.00),
(20170233, 1, 200.00),
(20170233, 2, 244.50),
(20170233, 3, 1040.00),
(20170233, 4, 160.00),
(20170234, 1, 300.00),
(20170234, 2, 516.60),
(20170234, 3, 600.00),
(20170234, 4, 50.00),
(20170235, 1, 270.00),
(20170235, 2, 82.72),
(20170235, 3, 870.00),
(20170235, 4, 170.00),
(20170236, 1, 150.00),
(20170236, 2, 159.12),
(20170236, 3, 320.00),
(20170236, 4, 150.00),
(20170237, 1, 290.00),
(20170237, 2, 120.22),
(20170237, 3, 520.00),
(20170237, 4, 120.00),
(20170238, 1, 270.00),
(20170238, 2, 314.36),
(20170238, 3, 470.00),
(20170238, 4, 200.00),
(20170239, 1, 390.00),
(20170239, 2, 287.42),
(20170239, 3, 670.00),
(20170239, 4, 180.00),
(20170240, 1, 0.00),
(20170240, 2, 40.66),
(20170240, 3, 560.00),
(20170240, 4, 50.00),
(20170241, 1, 240.00),
(20170241, 2, 121.98),
(20170241, 3, 860.00),
(20170241, 4, 150.00),
(20170242, 1, 300.00),
(20170242, 2, 203.30),
(20170242, 3, 390.00),
(20170242, 4, 0.00),
(20170243, 1, 340.00),
(20170243, 2, 194.50),
(20170243, 3, 880.00),
(20170243, 4, 0.00),
(20170244, 1, 580.00),
(20170244, 2, 275.12),
(20170244, 3, 680.00),
(20170244, 4, 0.00),
(20170245, 1, 150.00),
(20170245, 2, 40.66),
(20170245, 3, 450.00),
(20170245, 4, 0.00),
(20170246, 1, 70.00),
(20170246, 2, 241.84),
(20170246, 3, 170.00),
(20170246, 4, 0.00),
(20170247, 1, 150.00),
(20170247, 2, 159.12),
(20170247, 3, 420.00),
(20170247, 4, 150.00),
(20170248, 1, 220.00),
(20170248, 2, 158.76),
(20170248, 3, 390.00),
(20170248, 4, 120.00),
(20170249, 1, 250.00),
(20170249, 2, 274.76),
(20170249, 3, 860.00),
(20170249, 4, 50.00),
(20170250, 1, 50.00),
(20170250, 2, 82.72),
(20170250, 3, 340.00),
(20170250, 4, 0.00),
(20180005, 1, 290.00),
(20180005, 2, 187.58),
(20180005, 3, 1070.00),
(20180005, 4, 70.00),
(20180006, 1, 470.00),
(20180006, 2, 234.46),
(20180006, 3, 1030.00),
(20180006, 4, 100.00),
(20180007, 1, 520.00),
(20180007, 2, 81.32),
(20180007, 3, 690.00),
(20180007, 4, 60.00),
(20180008, 1, 220.00),
(20180008, 2, 544.60),
(20180008, 3, 570.00),
(20180008, 4, 100.00),
(20180009, 1, 670.00),
(20180009, 2, 234.46),
(20180009, 3, 1190.00),
(20180009, 4, 0.00),
(20180010, 1, 630.00),
(20180010, 2, 185.70),
(20180010, 3, 640.00),
(20180010, 4, 190.00),
(20180011, 1, 220.00),
(20180011, 2, 195.20),
(20180011, 3, 450.00),
(20180011, 4, 0.00),
(20180012, 1, 320.00),
(20180012, 2, 40.66),
(20180012, 3, 640.00),
(20180012, 4, 50.00),
(20180013, 1, 220.00),
(20180013, 2, 236.56),
(20180013, 3, 690.00),
(20180013, 4, 70.00),
(20180016, 1, 90.00),
(20180016, 2, 273.36),
(20180016, 3, 1620.00),
(20180016, 4, 190.00),
(20180017, 1, 430.00),
(20180017, 2, 247.54),
(20180017, 3, 600.00),
(20180017, 4, 140.00),
(20180018, 1, 170.00),
(20180018, 2, 116.70),
(20180018, 3, 1050.00),
(20180018, 4, 50.00),
(20180019, 1, 140.00),
(20180019, 2, 356.44),
(20180019, 3, 1530.00),
(20180019, 4, 50.00),
(20180020, 1, 310.00),
(20180020, 2, 555.64),
(20180020, 3, 520.00),
(20180020, 4, 0.00),
(20180021, 1, 360.00),
(20180021, 2, 275.12),
(20180021, 3, 280.00),
(20180021, 4, 140.00),
(20180022, 1, 310.00),
(20180022, 2, 243.96),
(20180022, 3, 590.00),
(20180022, 4, 140.00),
(20180023, 1, 170.00),
(20180023, 2, 311.20),
(20180023, 3, 430.00),
(20180023, 4, 240.00),
(20180024, 1, 100.00),
(20180024, 2, 193.44),
(20180024, 3, 1560.00),
(20180024, 4, 50.00),
(20180025, 1, 420.00),
(20180025, 2, 84.12),
(20180025, 3, 850.00),
(20180025, 4, 170.00),
(20180026, 1, 230.00),
(20180026, 2, 234.10),
(20180026, 3, 1070.00),
(20180026, 4, 170.00),
(20180027, 1, 310.00),
(20180027, 2, 118.46),
(20180027, 3, 620.00),
(20180027, 4, 50.00),
(20180028, 1, 320.00),
(20180028, 2, 359.58),
(20180028, 3, 490.00),
(20180028, 4, 100.00),
(20180029, 1, 400.00),
(20180029, 2, 93.52),
(20180029, 3, 1130.00),
(20180029, 4, 290.00),
(20180030, 1, 190.00),
(20180030, 2, 399.49),
(20180030, 3, 587.49),
(20180030, 4, 100.00),
(20180031, 1, 200.00),
(20180031, 2, 201.54),
(20180031, 3, 450.00),
(20180031, 4, 0.00),
(20180032, 1, 820.00),
(20180032, 2, 81.32),
(20180032, 3, 680.00),
(20180032, 4, 150.00),
(20180033, 1, 420.00),
(20180033, 2, 318.30),
(20180033, 3, 480.00),
(20180033, 4, 100.00),
(20180034, 1, 680.00),
(20180034, 2, 84.90),
(20180034, 3, 850.00),
(20180034, 4, 140.00),
(20180035, 1, 260.00),
(20180035, 2, 79.56),
(20180035, 3, 1010.00),
(20180035, 4, 50.00),
(20180036, 1, 470.00),
(20180036, 2, 190.28),
(20180036, 3, 930.00),
(20180036, 4, 190.00),
(20180037, 1, 440.00),
(20180037, 2, 162.64),
(20180037, 3, 990.00),
(20180037, 4, 190.00),
(20180038, 1, 290.00),
(20180038, 2, 155.60),
(20180038, 3, 670.00),
(20180038, 4, 370.00),
(20180039, 1, 720.00),
(20180039, 2, 387.60),
(20180039, 3, 630.00),
(20180039, 4, 100.00),
(20180040, 1, 380.00),
(20180040, 2, 340.00),
(20180040, 3, 650.00),
(20180040, 4, 140.00),
(20180041, 1, 90.00),
(20180041, 2, 159.12),
(20180041, 3, 500.00),
(20180041, 4, 50.00),
(20180042, 1, 260.00),
(20180042, 2, 245.36),
(20180042, 3, 380.00),
(20180042, 4, 170.00),
(20180043, 1, 380.00),
(20180043, 2, 347.91),
(20180043, 3, 362.67),
(20180043, 4, 70.00),
(20180044, 1, 340.00),
(20180044, 2, 372.82),
(20180044, 3, 940.00),
(20180044, 4, 0.00),
(20180045, 1, 350.00),
(20180045, 2, 86.66),
(20180045, 3, 940.00),
(20180045, 4, 90.00),
(20180046, 1, 470.00),
(20180046, 2, 201.54),
(20180046, 3, 1300.00),
(20180046, 4, 200.00),
(20180047, 1, 360.00),
(20180047, 2, 153.14),
(20180047, 3, 800.00),
(20180047, 4, 50.00),
(20180048, 1, 380.00),
(20180048, 2, 380.49),
(20180048, 3, 510.00),
(20180048, 4, 50.00),
(20180049, 1, 340.00),
(20180049, 2, 275.12),
(20180049, 3, 1360.00),
(20180049, 4, 50.00),
(20180050, 1, 550.00),
(20180050, 2, 118.46),
(20180050, 3, 930.00),
(20180050, 4, 70.00),
(20180051, 1, 100.00),
(20180051, 2, 121.98),
(20180051, 3, 1000.00),
(20180051, 4, 0.00),
(20180052, 1, 140.00),
(20180052, 2, 160.88),
(20180052, 3, 580.00),
(20180052, 4, 50.00),
(20180053, 1, 50.00),
(20180053, 2, 409.58),
(20180053, 3, 290.00),
(20180053, 4, 240.00),
(20180054, 1, 340.00),
(20180054, 2, 235.86),
(20180054, 3, 1230.00),
(20180054, 4, 50.00),
(20180055, 1, 380.00),
(20180055, 2, 84.12),
(20180055, 3, 580.00),
(20180055, 4, 0.00),
(20180056, 1, 560.00),
(20180056, 2, 127.32),
(20180056, 3, 920.00),
(20180056, 4, 100.00),
(20180057, 1, 190.00),
(20180057, 2, 112.48),
(20180057, 3, 670.00),
(20180057, 4, 100.00),
(20180058, 1, 310.00),
(20180058, 2, 317.52),
(20180058, 3, 890.00),
(20180058, 4, 100.00),
(20180059, 1, 350.00),
(20180059, 2, 281.10),
(20180059, 3, 1150.00),
(20180059, 4, 100.00),
(20180060, 1, 250.00),
(20180060, 2, 291.62),
(20180060, 3, 730.00),
(20180060, 4, 150.00),
(20180061, 1, 90.00),
(20180061, 2, 271.54),
(20180061, 3, 560.00),
(20180061, 4, 70.00),
(20180062, 1, 150.00),
(20180062, 2, 81.32),
(20180062, 3, 570.00),
(20180062, 4, 120.00),
(20180063, 1, 0.00),
(20180063, 2, 194.88),
(20180063, 3, 902.62),
(20180063, 4, 50.00),
(20180065, 1, 280.00),
(20180065, 2, 123.38),
(20180065, 3, 530.00),
(20180065, 4, 50.00),
(20180066, 1, 150.00),
(20180066, 2, 275.46),
(20180066, 3, 620.00),
(20180066, 4, 100.00),
(20180067, 1, 420.00),
(20180067, 2, 232.34),
(20180067, 3, 720.00),
(20180067, 4, 240.00),
(20180068, 1, 620.00),
(20180068, 2, 338.84),
(20180068, 3, 600.00),
(20180068, 4, 210.00),
(20180069, 1, 280.00),
(20180069, 2, 169.88),
(20180069, 3, 1230.00),
(20180069, 4, 50.00),
(20180070, 1, 420.00),
(20180070, 2, 160.88),
(20180070, 3, 1080.00),
(20180070, 4, 0.00),
(20180071, 1, 120.00),
(20180071, 2, 80.96),
(20180071, 3, 1150.00),
(20180071, 4, 0.00),
(20180074, 1, 770.00),
(20180074, 2, 167.98),
(20180074, 3, 930.00),
(20180074, 4, 100.00),
(20180075, 1, 150.00),
(20180075, 2, 243.95),
(20180075, 3, 1690.00),
(20180075, 4, 0.00),
(20180076, 1, 370.00),
(20180076, 2, 235.16),
(20180076, 3, 540.00),
(20180076, 4, 70.00),
(20180077, 1, 380.00),
(20180077, 2, 123.38),
(20180077, 3, 1200.00),
(20180077, 4, 190.00),
(20180078, 1, 470.00),
(20180078, 2, 112.48),
(20180078, 3, 600.00),
(20180078, 4, 120.00),
(20180079, 1, 400.00),
(20180079, 2, 160.88),
(20180079, 3, 500.00),
(20180079, 4, 100.00),
(20180080, 1, 280.00),
(20180080, 2, 193.80),
(20180080, 3, 390.00),
(20180080, 4, 100.00),
(20180081, 1, 520.00),
(20180081, 2, 320.68),
(20180081, 3, 370.00),
(20180081, 4, 100.00),
(20180082, 1, 510.00),
(20180082, 2, 356.28),
(20180082, 3, 1240.00),
(20180082, 4, 100.00),
(20180083, 1, 120.00),
(20180083, 2, 232.70),
(20180083, 3, 1255.07),
(20180083, 4, 70.00),
(20180084, 1, 540.00),
(20180084, 2, 183.14),
(20180084, 3, 1090.00),
(20180084, 4, 240.00),
(20180089, 1, 400.00),
(20180089, 2, 224.96),
(20180089, 3, 900.00),
(20180089, 4, 460.00),
(20180091, 1, 540.00),
(20180091, 2, 316.12),
(20180091, 3, 460.00),
(20180091, 4, 150.00),
(20180093, 1, 550.00),
(20180093, 2, 153.14),
(20180093, 3, 670.00),
(20180093, 4, 0.00),
(20180094, 1, 480.00),
(20180094, 2, 263.86),
(20180094, 3, 1146.36),
(20180094, 4, 50.00),
(20180095, 1, 150.00),
(20180095, 2, 215.46),
(20180095, 3, 660.00),
(20180095, 4, 140.00),
(20180096, 1, 200.00),
(20180096, 2, 395.32),
(20180096, 3, 550.00),
(20180096, 4, 150.00),
(20180101, 1, 340.00),
(20180101, 2, 187.75),
(20180101, 3, 871.67),
(20180101, 4, 240.00),
(20180102, 1, 410.00),
(20180102, 2, 439.16),
(20180102, 3, 890.00),
(20180102, 4, 120.00),
(20180103, 1, 380.00),
(20180103, 2, 239.71),
(20180103, 3, 675.07),
(20180103, 4, 210.00),
(20180104, 1, 470.00),
(20180104, 2, 120.22),
(20180104, 3, 1320.00),
(20180104, 4, 120.00),
(20180105, 1, 290.00),
(20180105, 2, 79.56),
(20180105, 3, 340.00),
(20180105, 4, 135.00),
(20180106, 1, 510.00),
(20180106, 2, 165.08),
(20180106, 3, 530.00),
(20180106, 4, 0.00),
(20180107, 1, 280.00),
(20180107, 2, 140.94),
(20180107, 3, 1370.00),
(20180107, 4, 132.20),
(20180108, 1, 240.00),
(20180108, 2, 195.20),
(20180108, 3, 750.00),
(20180108, 4, 210.00),
(20180109, 1, 100.00),
(20180109, 2, 164.04),
(20180109, 3, 630.00),
(20180109, 4, 90.00),
(20180110, 1, 210.00),
(20180110, 2, 0.00),
(20180110, 3, 730.00),
(20180110, 4, 100.00),
(20180111, 1, 220.00),
(20180111, 2, 305.46),
(20180111, 3, 560.00),
(20180111, 4, 0.00),
(20180112, 1, 470.00),
(20180112, 2, 153.14),
(20180112, 3, 990.00),
(20180112, 4, 90.00),
(20180113, 1, 400.00),
(20180113, 2, 40.66),
(20180113, 3, 1150.00),
(20180113, 4, 50.00),
(20180114, 1, 760.00),
(20180114, 2, 109.78),
(20180114, 3, 802.20),
(20180114, 4, 200.00),
(20180115, 1, 70.00),
(20180115, 2, 120.22),
(20180115, 3, 380.00),
(20180115, 4, 50.00),
(20180116, 1, 151.67),
(20180116, 2, 263.79),
(20180116, 3, 890.00),
(20180116, 4, 0.00),
(20180117, 1, 420.00),
(20180117, 2, 40.66),
(20180117, 3, 940.00),
(20180117, 4, 270.00),
(20180118, 1, 420.00),
(20180118, 2, 88.60),
(20180118, 3, 450.00),
(20180118, 4, 90.00),
(20180119, 1, 300.00),
(20180119, 2, 315.78),
(20180119, 3, 190.00),
(20180119, 4, 140.00),
(20180120, 1, 100.00),
(20180120, 2, 159.12),
(20180120, 3, 460.00),
(20180120, 4, 140.00),
(20180121, 1, 410.00),
(20180121, 2, 155.60),
(20180121, 3, 460.00),
(20180121, 4, 50.00),
(20180122, 1, 600.00),
(20180122, 2, 203.30),
(20180122, 3, 860.00),
(20180122, 4, 280.00),
(20180124, 1, 360.00),
(20180124, 2, 40.66),
(20180124, 3, 1280.00),
(20180124, 4, 150.00),
(20180125, 1, 320.00),
(20180125, 2, 81.32),
(20180125, 3, 350.00),
(20180125, 4, 120.00),
(20180126, 1, 410.00),
(20180126, 2, 332.13),
(20180126, 3, 684.29),
(20180126, 4, 0.00),
(20180127, 1, 660.00),
(20180127, 2, 189.87),
(20180127, 3, 771.67),
(20180127, 4, 0.00),
(20180128, 1, 150.00),
(20180128, 2, 364.49),
(20180128, 3, 565.07),
(20180128, 4, 190.00),
(20180129, 1, 410.00),
(20180129, 2, 241.84),
(20180129, 3, 1380.00),
(20180129, 4, 240.00),
(20180130, 1, 210.00),
(20180130, 2, 148.68),
(20180130, 3, 212.00),
(20180130, 4, 50.00),
(20180137, 1, 330.00),
(20180137, 2, 288.20),
(20180137, 3, 1030.00),
(20180137, 4, 100.00),
(20180138, 1, 200.00),
(20180138, 2, 184.30),
(20180138, 3, 840.00),
(20180138, 4, 160.00),
(20180139, 1, 170.00),
(20180139, 2, 121.98),
(20180139, 3, 530.00),
(20180139, 4, 0.00),
(20180140, 1, 100.00),
(20180140, 2, 82.72),
(20180140, 3, 380.00),
(20180140, 4, 270.00),
(20180141, 1, 120.00),
(20180141, 2, 119.86),
(20180141, 3, 900.00),
(20180141, 4, 70.00),
(20180142, 1, 250.00),
(20180142, 2, 356.08),
(20180142, 3, 850.00),
(20180142, 4, 50.00),
(20180146, 1, 70.00),
(20180146, 2, 235.56),
(20180146, 3, 850.00),
(20180146, 4, 160.00),
(20180147, 1, 340.00),
(20180147, 2, 347.18),
(20180147, 3, 690.00),
(20180147, 4, 120.00),
(20180148, 1, 90.00),
(20180148, 2, 439.19),
(20180148, 3, 805.07),
(20180148, 4, 170.00),
(20180149, 1, 542.20),
(20180149, 2, 233.16),
(20180149, 3, 780.00),
(20180149, 4, 140.00),
(20180150, 1, 140.00),
(20180150, 2, 40.66),
(20180150, 3, 420.00),
(20180150, 4, 260.00),
(20180151, 1, 440.00),
(20180151, 2, 116.70),
(20180151, 3, 510.00),
(20180151, 4, 220.00),
(20180152, 1, 470.00),
(20180152, 2, 275.12),
(20180152, 3, 1230.00),
(20180152, 4, 100.00),
(20180153, 1, 340.00),
(20180153, 2, 121.98),
(20180153, 3, 430.00),
(20180153, 4, 0.00),
(20180154, 1, 390.00),
(20180154, 2, 242.73),
(20180154, 3, 519.00),
(20180154, 4, 61.67),
(20180155, 1, 490.00),
(20180155, 2, 420.16),
(20180155, 3, 610.00),
(20180155, 4, 140.00),
(20180156, 1, 90.00),
(20180156, 2, 206.10),
(20180156, 3, 830.00),
(20180156, 4, 140.00),
(20180157, 1, 200.00),
(20180157, 2, 242.20),
(20180157, 3, 330.00),
(20180157, 4, 210.00),
(20180158, 1, 120.00),
(20180158, 2, 80.96),
(20180158, 3, 1060.00),
(20180158, 4, 90.00),
(20180159, 1, 400.00),
(20180159, 2, 38.90),
(20180159, 3, 200.00),
(20180159, 4, 100.00),
(20180160, 1, 70.00),
(20180160, 2, 123.02),
(20180160, 3, 1000.00),
(20180160, 4, 290.00),
(20180161, 1, 100.00),
(20180161, 2, 123.38),
(20180161, 3, 660.00),
(20180161, 4, 150.00),
(20180162, 1, 400.00),
(20180162, 2, 315.66),
(20180162, 3, 990.00),
(20180162, 4, 240.00),
(20180163, 1, 100.00),
(20180163, 2, 150.44),
(20180163, 3, 302.20),
(20180163, 4, 250.00),
(20180164, 1, 150.00),
(20180164, 2, 281.78),
(20180164, 3, 740.00),
(20180164, 4, 0.00),
(20180165, 1, 400.00),
(20180165, 2, 241.63),
(20180165, 3, 1080.00),
(20180165, 4, 100.00),
(20180166, 1, 300.00),
(20180166, 2, 130.60),
(20180166, 3, 760.00),
(20180166, 4, 70.00),
(20180167, 1, 70.00),
(20180167, 2, 361.84),
(20180167, 3, 650.00),
(20180167, 4, 252.20),
(20180168, 1, 440.00),
(20180168, 2, 40.66),
(20180168, 3, 370.00),
(20180168, 4, 210.00),
(20180169, 1, 270.00),
(20180169, 2, 392.28),
(20180169, 3, 512.62),
(20180169, 4, 120.00),
(20180170, 1, 250.00),
(20180170, 2, 202.94),
(20180170, 3, 1090.00),
(20180170, 4, 140.00),
(20180171, 1, 50.00),
(20180171, 2, 162.64),
(20180171, 3, 530.00),
(20180171, 4, 150.00),
(20180172, 1, 430.00),
(20180172, 2, 284.36),
(20180172, 3, 820.00),
(20180172, 4, 240.00),
(20180173, 1, 50.00),
(20180173, 2, 284.62),
(20180173, 3, 1280.00),
(20180173, 4, 50.00),
(20180177, 1, 100.00),
(20180177, 2, 249.42),
(20180177, 3, 490.00),
(20180177, 4, 100.00),
(20180178, 1, 260.00),
(20180178, 2, 244.38),
(20180178, 3, 310.00),
(20180178, 4, 90.00),
(20180179, 1, 120.00),
(20180179, 2, 272.30),
(20180179, 3, 770.00),
(20180179, 4, 70.00),
(20180180, 1, 240.00),
(20180180, 2, 272.55),
(20180180, 3, 1000.00),
(20180180, 4, 70.00),
(20180181, 1, 230.00),
(20180181, 2, 164.04),
(20180181, 3, 890.00),
(20180181, 4, 260.00),
(20180182, 1, 570.00),
(20180182, 2, 164.04),
(20180182, 3, 840.00),
(20180182, 4, 170.00),
(20180183, 1, 170.00),
(20180183, 2, 201.98),
(20180183, 3, 640.00),
(20180183, 4, 140.00),
(20180184, 1, 320.00),
(20180184, 2, 311.20),
(20180184, 3, 740.00),
(20180184, 4, 0.00),
(20180185, 1, 710.00),
(20180185, 2, 204.70),
(20180185, 3, 930.00),
(20180185, 4, 70.00),
(20180186, 1, 290.00),
(20180186, 2, 174.75),
(20180186, 3, 770.00),
(20180186, 4, 85.00),
(20180187, 1, 710.00),
(20180187, 2, 245.36),
(20180187, 3, 780.00),
(20180187, 4, 90.00),
(20180188, 1, 290.00),
(20180188, 2, 192.64),
(20180188, 3, 990.00),
(20180188, 4, 290.00),
(20180189, 1, 390.00),
(20180189, 2, 223.94),
(20180189, 3, 550.00),
(20180189, 4, 282.62),
(20180190, 1, 440.00),
(20180190, 2, 160.88),
(20180190, 3, 1010.00),
(20180190, 4, 70.00),
(20180191, 1, 240.00),
(20180191, 2, 367.18),
(20180191, 3, 540.00),
(20180191, 4, 100.00),
(20180196, 1, 150.00),
(20180196, 2, 120.22),
(20180196, 3, 850.00),
(20180196, 4, 50.00),
(20180197, 1, 190.00),
(20180197, 2, 242.20),
(20180197, 3, 610.00),
(20180197, 4, 220.00),
(20180198, 1, 170.00),
(20180198, 2, 278.62),
(20180198, 3, 780.00),
(20180198, 4, 50.00),
(20180199, 1, 720.00),
(20180199, 2, 124.78),
(20180199, 3, 970.00),
(20180199, 4, 100.00),
(20180200, 1, 168.84),
(20180200, 2, 231.76),
(20180200, 3, 660.00),
(20180200, 4, 0.00),
(20180201, 1, 150.00),
(20180201, 2, 144.75),
(20180201, 3, 1490.00),
(20180201, 4, 150.00),
(20180202, 1, 340.00),
(20180202, 2, 40.66),
(20180202, 3, 370.00),
(20180202, 4, 50.00),
(20180203, 1, 100.00),
(20180203, 2, 278.62),
(20180203, 3, 770.00),
(20180203, 4, 100.00),
(20180204, 1, 270.00),
(20180204, 2, 475.14),
(20180204, 3, 980.00),
(20180204, 4, 150.00),
(20180205, 1, 200.00),
(20180205, 2, 321.84),
(20180205, 3, 840.00),
(20180205, 4, 100.00),
(20180206, 1, 0.00),
(20180206, 2, 201.54),
(20180206, 3, 660.00),
(20180206, 4, 160.00),
(20180207, 1, 70.00),
(20180207, 2, 198.02),
(20180207, 3, 610.00),
(20180207, 4, 100.00),
(20180208, 1, 220.00),
(20180208, 2, 197.66),
(20180208, 3, 540.00),
(20180208, 4, 150.00),
(20180209, 1, 568.84),
(20180209, 2, 309.34),
(20180209, 3, 400.00),
(20180209, 4, 190.00),
(20180210, 1, 440.00),
(20180210, 2, 193.35),
(20180210, 3, 1042.20),
(20180210, 4, 100.00),
(20180211, 1, 310.00),
(20180211, 2, 350.40),
(20180211, 3, 600.00),
(20180211, 4, 280.00),
(20180212, 1, 220.00),
(20180212, 2, 210.22),
(20180212, 3, 600.00),
(20180212, 4, 0.00),
(20180213, 1, 410.00),
(20180213, 2, 272.30),
(20180213, 3, 770.00),
(20180213, 4, 0.00),
(20180214, 1, 410.00),
(20180214, 2, 222.91),
(20180214, 3, 740.00),
(20180214, 4, 170.00),
(20180215, 1, 190.00),
(20180215, 2, 81.32),
(20180215, 3, 1050.00),
(20180215, 4, 80.00),
(20180216, 1, 100.00),
(20180216, 2, 82.72),
(20180216, 3, 660.00),
(20180216, 4, 50.00),
(20180217, 1, 120.00),
(20180217, 2, 0.00),
(20180217, 3, 620.00),
(20180217, 4, 80.00),
(20180218, 1, 220.00),
(20180218, 2, 395.32),
(20180218, 3, 380.00),
(20180218, 4, 50.00),
(20180219, 1, 607.97),
(20180219, 2, 224.31),
(20180219, 3, 790.00),
(20180219, 4, 150.00),
(20180220, 1, 270.00),
(20180220, 2, 238.47),
(20180220, 3, 1078.84),
(20180220, 4, 50.00),
(20180221, 1, 680.00),
(20180221, 2, 164.04),
(20180221, 3, 1020.00),
(20180221, 4, 270.00),
(20180222, 1, 250.00),
(20180222, 2, 141.32),
(20180222, 3, 540.00),
(20180222, 4, 200.00),
(20180223, 1, 310.00),
(20180223, 2, 356.42),
(20180223, 3, 620.00),
(20180223, 4, 70.00),
(20180224, 1, 240.00),
(20180224, 2, 160.88),
(20180224, 3, 970.00),
(20180224, 4, 100.00),
(20180225, 1, 150.00),
(20180225, 2, 346.16),
(20180225, 3, 960.00),
(20180225, 4, 0.00),
(20180226, 1, 190.00),
(20180226, 2, 40.66),
(20180226, 3, 600.00),
(20180226, 4, 190.00),
(20180227, 1, 200.00),
(20180227, 2, 81.32),
(20180227, 3, 600.00),
(20180227, 4, 170.00),
(20180228, 1, 450.00),
(20180228, 2, 185.99),
(20180228, 3, 410.00),
(20180228, 4, 61.00),
(20180229, 1, 220.00),
(20180229, 2, 165.44),
(20180229, 3, 990.00),
(20180229, 4, 240.00),
(20180230, 1, 210.00),
(20180230, 2, 165.44),
(20180230, 3, 790.00),
(20180230, 4, 0.00),
(20190005, 1, 390.00),
(20190005, 2, 164.04),
(20190005, 3, 1130.00),
(20190005, 4, 250.00),
(20190006, 1, 100.00),
(20190006, 2, 104.99),
(20190006, 3, 1040.00),
(20190006, 4, 100.00),
(20190007, 1, 100.00),
(20190007, 2, 97.36),
(20190007, 3, 1050.00),
(20190007, 4, 182.20),
(20190008, 1, 0.00),
(20190008, 2, 185.25),
(20190008, 3, 507.44),
(20190008, 4, 50.00),
(20190010, 1, 180.00),
(20190010, 2, 121.98),
(20190010, 3, 830.00),
(20190010, 4, 310.00),
(20190011, 1, 100.00),
(20190011, 2, 0.00),
(20190011, 3, 870.00),
(20190011, 4, 235.00),
(20190012, 1, 100.00),
(20190012, 2, 116.70),
(20190012, 3, 830.00),
(20190012, 4, 50.00),
(20190013, 1, 390.00),
(20190013, 2, 305.99),
(20190013, 3, 1360.00),
(20190013, 4, 160.00),
(20190014, 1, 50.00),
(20190014, 2, 153.41),
(20190014, 3, 1080.00),
(20190014, 4, 210.00),
(20190015, 1, 400.00),
(20190015, 2, 81.32),
(20190015, 3, 1070.00),
(20190015, 4, 640.00),
(20190016, 1, 240.00),
(20190016, 2, 326.68),
(20190016, 3, 340.00),
(20190016, 4, 90.00),
(20190017, 1, 450.00),
(20190017, 2, 155.60),
(20190017, 3, 620.00),
(20190017, 4, 100.00),
(20190018, 1, 390.00),
(20190018, 2, 206.10),
(20190018, 3, 1340.00),
(20190018, 4, 200.00),
(20190019, 1, 540.00),
(20190019, 2, 123.38),
(20190019, 3, 820.00),
(20190019, 4, 240.00),
(20190020, 1, 190.00),
(20190020, 2, 121.98),
(20190020, 3, 870.00),
(20190020, 4, 90.00),
(20190021, 1, 340.00),
(20190021, 2, 273.99),
(20190021, 3, 1050.00),
(20190021, 4, 0.00),
(20190022, 1, 300.00),
(20190022, 2, 243.96),
(20190022, 3, 1110.00),
(20190022, 4, 140.00),
(20190023, 1, 310.00),
(20190023, 2, 164.04),
(20190023, 3, 1460.00),
(20190023, 4, 190.00),
(20190024, 1, 120.00),
(20190024, 2, 203.30),
(20190024, 3, 690.00),
(20190024, 4, 90.00),
(20190025, 1, 50.00),
(20190025, 2, 335.36),
(20190025, 3, 669.00),
(20190025, 4, 100.00),
(20190026, 1, 380.00),
(20190026, 2, 415.45),
(20190026, 3, 1178.84),
(20190026, 4, 150.00),
(20190027, 1, 100.00),
(20190027, 2, 178.52),
(20190027, 3, 1060.00),
(20190027, 4, 0.00),
(20190028, 1, 380.00),
(20190028, 2, 81.32),
(20190028, 3, 710.00),
(20190028, 4, 50.00),
(20190029, 1, 100.00),
(20190029, 2, 121.98),
(20190029, 3, 740.00),
(20190029, 4, 150.00),
(20190030, 1, 100.00),
(20190030, 2, 311.20),
(20190030, 3, 580.00),
(20190030, 4, 140.00),
(20190031, 1, 260.00),
(20190031, 2, 325.28),
(20190031, 3, 960.00),
(20190031, 4, 260.00),
(20190032, 1, 50.00),
(20190032, 2, 204.70),
(20190032, 3, 840.00),
(20190032, 4, 50.00),
(20190033, 1, 400.00),
(20190033, 2, 199.78),
(20190033, 3, 1260.00),
(20190033, 4, 100.00),
(20190034, 1, 510.00),
(20190034, 2, 201.18),
(20190034, 3, 830.00),
(20190034, 4, 190.00),
(20190035, 1, 520.00),
(20190035, 2, 182.83),
(20190035, 3, 671.67),
(20190035, 4, 50.00),
(20190036, 1, 480.00),
(20190036, 2, 332.29),
(20190036, 3, 870.00),
(20190036, 4, 100.00),
(20190037, 1, 160.00),
(20190037, 2, 335.45),
(20190037, 3, 900.00),
(20190037, 4, 90.00),
(20190039, 1, 250.00),
(20190039, 2, 231.57),
(20190039, 3, 1010.00),
(20190039, 4, 170.00),
(20190040, 1, 170.00),
(20190040, 2, 344.75),
(20190040, 3, 451.57),
(20190040, 4, 160.00),
(20190041, 1, 250.00),
(20190041, 2, 162.64),
(20190041, 3, 1610.00),
(20190041, 4, 100.00),
(20190042, 1, 280.00),
(20190042, 2, 422.29),
(20190042, 3, 1120.00),
(20190042, 4, 280.00),
(20190043, 1, 140.00),
(20190043, 2, 197.66),
(20190043, 3, 810.00),
(20190043, 4, 250.00),
(20190044, 1, 340.00),
(20190044, 2, 201.35),
(20190044, 3, 490.00),
(20190044, 4, 50.00),
(20190045, 1, 400.00),
(20190045, 2, 123.38),
(20190045, 3, 1340.00),
(20190045, 4, 290.00),
(20190046, 1, 210.00),
(20190046, 2, 326.82),
(20190046, 3, 930.00),
(20190046, 4, 100.00),
(20190047, 1, 540.00),
(20190047, 2, 81.32),
(20190047, 3, 550.00),
(20190047, 4, 100.00),
(20190048, 1, 310.00),
(20190048, 2, 81.32),
(20190048, 3, 670.00),
(20190048, 4, 50.00),
(20190049, 1, 240.00),
(20190049, 2, 242.88),
(20190049, 3, 580.00),
(20190049, 4, 0.00),
(20190050, 1, 240.00),
(20190050, 2, 316.05),
(20190050, 3, 1220.00),
(20190050, 4, 250.00),
(20190051, 1, 420.00),
(20190051, 2, 376.11),
(20190051, 3, 530.00),
(20190051, 4, 50.00),
(20190052, 1, 140.00),
(20190052, 2, 273.99),
(20190052, 3, 1200.00),
(20190052, 4, 240.00),
(20190053, 1, 240.00),
(20190053, 2, 290.06),
(20190053, 3, 1150.00),
(20190053, 4, 12.20),
(20190054, 1, 340.00),
(20190054, 2, 419.28),
(20190054, 3, 450.00),
(20190054, 4, 0.00),
(20190055, 1, 490.00),
(20190055, 2, 249.30),
(20190055, 3, 810.00),
(20190055, 4, 190.00),
(20190056, 1, 310.00),
(20190056, 2, 305.42),
(20190056, 3, 990.00),
(20190056, 4, 50.00),
(20190058, 1, 590.00),
(20190058, 2, 202.94),
(20190058, 3, 790.00),
(20190058, 4, 0.00),
(20190059, 1, 250.00),
(20190059, 2, 347.52),
(20190059, 3, 510.00),
(20190059, 4, 0.00),
(20190060, 1, 480.00),
(20190060, 2, 298.93),
(20190060, 3, 662.20),
(20190060, 4, 270.00),
(20190061, 1, 90.00),
(20190061, 2, 124.78),
(20190061, 3, 1070.00),
(20190061, 4, 240.00),
(20190062, 1, 380.00),
(20190062, 2, 141.38),
(20190062, 3, 1140.00),
(20190062, 4, 220.00),
(20190063, 1, 270.00),
(20190063, 2, 272.23),
(20190063, 3, 470.00),
(20190063, 4, 0.00),
(20190065, 1, 460.00),
(20190065, 2, 304.02),
(20190065, 3, 1210.00),
(20190065, 4, 100.00),
(20190066, 1, 150.00),
(20190066, 2, 222.70),
(20190066, 3, 680.00),
(20190066, 4, 430.00),
(20190067, 1, 340.00),
(20190067, 2, 81.32),
(20190067, 3, 480.00),
(20190067, 4, 200.00),
(20190068, 1, 100.00),
(20190068, 2, 121.98),
(20190068, 3, 680.00),
(20190068, 4, 0.00),
(20190070, 1, 300.00),
(20190070, 2, 38.90),
(20190070, 3, 1410.00),
(20190070, 4, 100.00),
(20190071, 1, 160.00),
(20190071, 2, 81.32),
(20190071, 3, 600.00),
(20190071, 4, 100.00),
(20190072, 1, 520.00),
(20190072, 2, 217.42),
(20190072, 3, 1270.00),
(20190072, 4, 100.00),
(20190073, 1, 100.00),
(20190073, 2, 179.88),
(20190073, 3, 652.62),
(20190073, 4, 132.20),
(20190074, 1, 320.00),
(20190074, 2, 386.78),
(20190074, 3, 220.00),
(20190074, 4, 250.00),
(20190075, 1, 330.00),
(20190075, 2, 167.98),
(20190075, 3, 1020.00),
(20190075, 4, 280.00),
(20190076, 1, 350.00),
(20190076, 2, 152.01),
(20190076, 3, 740.00),
(20190076, 4, 100.00),
(20190077, 1, 120.00),
(20190077, 2, 141.32),
(20190077, 3, 750.00),
(20190077, 4, 50.00),
(20190078, 1, 180.00),
(20190078, 2, 150.25),
(20190078, 3, 640.00),
(20190078, 4, 50.00),
(20190079, 1, 100.00),
(20190079, 2, 356.78),
(20190079, 3, 530.00),
(20190079, 4, 0.00),
(20190080, 1, 570.00),
(20190080, 2, 348.26),
(20190080, 3, 1190.00),
(20190080, 4, 150.00),
(20190081, 1, 210.00),
(20190081, 2, 166.84),
(20190081, 3, 910.00),
(20190081, 4, 50.00),
(20190082, 1, 450.00),
(20190082, 2, 319.99),
(20190082, 3, 990.00),
(20190082, 4, 270.00),
(20190083, 1, 350.00),
(20190083, 2, 164.04),
(20190083, 3, 500.00),
(20190083, 4, 50.00),
(20190084, 1, 120.00),
(20190084, 2, 392.16),
(20190084, 3, 730.00),
(20190084, 4, 340.00),
(20190093, 1, 720.00),
(20190093, 2, 192.67),
(20190093, 3, 960.00),
(20190093, 4, 260.00),
(20190094, 1, 580.00),
(20190094, 2, 199.42),
(20190094, 3, 870.00),
(20190094, 4, 50.00),
(20190095, 1, 390.00),
(20190095, 2, 264.76),
(20190095, 3, 1030.00),
(20190095, 4, 100.00),
(20190096, 1, 120.00),
(20190096, 2, 263.36),
(20190096, 3, 1140.00),
(20190096, 4, 0.00),
(20190097, 1, 240.00),
(20190097, 2, 199.78),
(20190097, 3, 560.00),
(20190097, 4, 100.00),
(20190098, 1, 350.00),
(20190098, 2, 160.88),
(20190098, 3, 650.00),
(20190098, 4, 50.00),
(20190099, 1, 310.00),
(20190099, 2, 221.82),
(20190099, 3, 500.00),
(20190099, 4, 9.00),
(20190100, 1, 380.00),
(20190100, 2, 0.00),
(20190100, 3, 1480.00),
(20190100, 4, 140.00),
(20190101, 1, 340.00),
(20190101, 2, 152.01),
(20190101, 3, 710.00),
(20190101, 4, 340.00),
(20190102, 1, 800.00),
(20190102, 2, 320.00),
(20190102, 3, 530.00),
(20190102, 4, 50.00),
(20190103, 1, 50.00),
(20190103, 2, 201.54),
(20190103, 3, 770.00),
(20190103, 4, 0.00),
(20190104, 1, 280.00),
(20190104, 2, 40.66),
(20190104, 3, 190.00),
(20190104, 4, 70.00),
(20190108, 1, 390.00),
(20190108, 2, 173.38),
(20190108, 3, 930.00),
(20190108, 4, 260.00),
(20190109, 1, 90.00),
(20190109, 2, 160.52),
(20190109, 3, 1070.00),
(20190109, 4, 100.00),
(20190110, 1, 210.00),
(20190110, 2, 233.33),
(20190110, 3, 1590.00),
(20190110, 4, 0.00),
(20190111, 1, 290.00),
(20190111, 2, 81.32),
(20190111, 3, 890.00),
(20190111, 4, 0.00),
(20190112, 1, 332.20),
(20190112, 2, 109.78),
(20190112, 3, 910.00),
(20190112, 4, 260.00),
(20190113, 1, 170.00),
(20190113, 2, 201.54),
(20190113, 3, 580.00),
(20190113, 4, 50.00),
(20190114, 1, 220.00),
(20190114, 2, 166.70),
(20190114, 3, 1080.00),
(20190114, 4, 0.00),
(20190115, 1, 140.00),
(20190115, 2, 284.62),
(20190115, 3, 1080.00),
(20190115, 4, 340.00),
(20190116, 1, 0.00),
(20190116, 2, 323.86),
(20190116, 3, 918.84),
(20190116, 4, 50.00),
(20190117, 1, 0.00),
(20190117, 2, 162.64),
(20190117, 3, 650.00),
(20190117, 4, 150.00),
(20190118, 1, 170.00),
(20190118, 2, 247.54),
(20190118, 3, 440.00),
(20190118, 4, 190.00),
(20190119, 1, 190.00),
(20190119, 2, 220.52),
(20190119, 3, 760.00),
(20190119, 4, 150.00),
(20190120, 1, 510.00),
(20190120, 2, 81.32),
(20190120, 3, 1350.00),
(20190120, 4, 100.00),
(20190121, 1, 50.00),
(20190121, 2, 124.78),
(20190121, 3, 520.00),
(20190121, 4, 120.00),
(20190122, 1, 270.00),
(20190122, 2, 273.99),
(20190122, 3, 1160.00),
(20190122, 4, 300.00),
(20190123, 1, 100.00),
(20190123, 2, 81.32),
(20190123, 3, 590.00),
(20190123, 4, 50.00),
(20190124, 1, 140.00),
(20190124, 2, 383.65),
(20190124, 3, 250.00),
(20190124, 4, 50.00),
(20190125, 1, 520.00),
(20190125, 2, 0.00),
(20190125, 3, 1070.00),
(20190125, 4, 220.00),
(20190126, 1, 390.00),
(20190126, 2, 40.66),
(20190126, 3, 700.00),
(20190126, 4, 70.00),
(20190127, 1, 290.00),
(20190127, 2, 291.63),
(20190127, 3, 630.00),
(20190127, 4, 210.00),
(20190128, 1, 100.00),
(20190128, 2, 40.66),
(20190128, 3, 870.00),
(20190128, 4, 150.00),
(20190129, 1, 170.00),
(20190129, 2, 80.96),
(20190129, 3, 610.00),
(20190129, 4, 30.00),
(20190130, 1, 220.00),
(20190130, 2, 233.33),
(20190130, 3, 900.00),
(20190130, 4, 190.00),
(20190131, 1, 500.00),
(20190131, 2, 123.38),
(20190131, 3, 240.00),
(20190131, 4, 0.00),
(20190147, 1, 400.00),
(20190147, 2, 220.94),
(20190147, 3, 820.00),
(20190147, 4, 200.00),
(20190148, 1, 220.00),
(20190148, 2, 111.35),
(20190148, 3, 1120.00),
(20190148, 4, 90.00),
(20190149, 1, 320.00),
(20190149, 2, 38.90),
(20190149, 3, 520.00),
(20190149, 4, 70.00),
(20190150, 1, 140.00),
(20190150, 2, 275.39),
(20190150, 3, 920.00),
(20190150, 4, 250.00),
(20190151, 1, 100.00),
(20190151, 2, 0.00),
(20190151, 3, 800.00),
(20190151, 4, 190.00),
(20190152, 1, 210.00),
(20190152, 2, 162.64),
(20190152, 3, 1690.00),
(20190152, 4, 0.00),
(20190153, 1, 270.00),
(20190153, 2, 208.64),
(20190153, 3, 860.00),
(20190153, 4, 190.00),
(20190154, 1, 270.00),
(20190154, 2, 77.80),
(20190154, 3, 700.00),
(20190154, 4, 150.00),
(20190155, 1, 320.00),
(20190155, 2, 242.67),
(20190155, 3, 1120.00),
(20190155, 4, 310.00),
(20190156, 1, 190.00),
(20190156, 2, 111.32),
(20190156, 3, 890.00),
(20190156, 4, 220.00),
(20190157, 1, 140.00),
(20190157, 2, 123.38),
(20190157, 3, 770.00),
(20190157, 4, 0.00),
(20190158, 1, 150.00),
(20190158, 2, 81.32),
(20190158, 3, 700.00),
(20190158, 4, 0.00),
(20190159, 1, 50.00),
(20190159, 2, 393.55),
(20190159, 3, 790.00),
(20190159, 4, 100.00),
(20190160, 1, 572.20),
(20190160, 2, 162.64),
(20190160, 3, 1070.00),
(20190160, 4, 150.00),
(20190161, 1, 260.00),
(20190161, 2, 120.22),
(20190161, 3, 870.00),
(20190161, 4, 300.00),
(20190162, 1, 150.00),
(20190162, 2, 242.20),
(20190162, 3, 1160.00),
(20190162, 4, 150.00),
(20190163, 1, 100.00),
(20190163, 2, 121.62),
(20190163, 3, 570.00),
(20190163, 4, 240.00),
(20190164, 1, 220.00),
(20190164, 2, 197.66),
(20190164, 3, 490.00),
(20190164, 4, 0.00),
(20190165, 1, 260.00),
(20190165, 2, 284.62),
(20190165, 3, 940.00),
(20190165, 4, 140.00),
(20190166, 1, 560.00),
(20190166, 2, 81.32),
(20190166, 3, 600.00),
(20190166, 4, 190.00),
(20190167, 1, 500.00),
(20190167, 2, 233.33),
(20190167, 3, 420.00),
(20190167, 4, 0.00),
(20190168, 1, 70.00),
(20190168, 2, 121.62),
(20190168, 3, 660.00),
(20190168, 4, 140.00),
(20190169, 1, 370.00),
(20190169, 2, 203.30),
(20190169, 3, 750.00),
(20190169, 4, 180.00),
(20190170, 1, 470.00),
(20190170, 2, 281.10),
(20190170, 3, 1210.00),
(20190170, 4, 170.00),
(20190171, 1, 330.00),
(20190171, 2, 153.41),
(20190171, 3, 460.00),
(20190171, 4, 140.00),
(20190172, 1, 50.00),
(20190172, 2, 173.38),
(20190172, 3, 620.00),
(20190172, 4, 50.00),
(20190173, 1, 150.00),
(20190173, 2, 373.60),
(20190173, 3, 480.00),
(20190173, 4, 100.00),
(20190174, 1, 510.00),
(20190174, 2, 203.30),
(20190174, 3, 1130.00),
(20190174, 4, 0.00),
(20190175, 1, 230.00),
(20190175, 2, 316.05),
(20190175, 3, 770.00),
(20190175, 4, 0.00),
(20190177, 1, 550.00),
(20190177, 2, 82.72),
(20190177, 3, 360.00),
(20190177, 4, 190.00),
(20190178, 1, 0.00),
(20190178, 2, 317.52),
(20190178, 3, 1040.00),
(20190178, 4, 50.00),
(20190179, 1, 160.00),
(20190179, 2, 234.73),
(20190179, 3, 1260.00),
(20190179, 4, 50.00),
(20190180, 1, 90.00),
(20190180, 2, 304.02),
(20190180, 3, 920.00),
(20190180, 4, 140.00),
(20190181, 1, 140.00),
(20190181, 2, 203.30),
(20190181, 3, 890.00),
(20190181, 4, 0.00),
(20190182, 1, 90.00),
(20190182, 2, 203.30),
(20190182, 3, 810.00),
(20190182, 4, 140.00),
(20190183, 1, 300.00),
(20190183, 2, 70.00),
(20190183, 3, 280.38),
(20190183, 4, 600.00),
(20190184, 1, 450.00),
(20190184, 2, 111.35),
(20190184, 3, 980.00),
(20190184, 4, 190.00),
(20190185, 1, 320.00),
(20190185, 2, 222.70),
(20190185, 3, 790.00),
(20190185, 4, 90.00),
(20190186, 1, 100.00),
(20190186, 2, 203.30),
(20190186, 3, 570.00),
(20190186, 4, 130.00),
(20190187, 1, 200.00),
(20190187, 2, 199.42),
(20190187, 3, 730.00),
(20190187, 4, 90.00),
(20190188, 1, 0.00),
(20190188, 2, 50.00),
(20190188, 3, 192.67),
(20190188, 4, 310.00),
(20190189, 1, 190.00),
(20190189, 2, 192.67),
(20190189, 3, 1070.00),
(20190189, 4, 150.00),
(20190196, 1, 370.00),
(20190196, 2, 192.67),
(20190196, 3, 1030.00),
(20190196, 4, 100.00),
(20190197, 1, 200.00),
(20190197, 2, 316.05),
(20190197, 3, 690.00),
(20190197, 4, 0.00),
(20190198, 1, 290.00),
(20190198, 2, 317.66),
(20190198, 3, 530.00),
(20190198, 4, 280.00),
(20190199, 1, 190.00),
(20190199, 2, 162.64),
(20190199, 3, 1320.00),
(20190199, 4, 330.00),
(20190200, 1, 370.00),
(20190200, 2, 0.00),
(20190200, 3, 810.00),
(20190200, 4, 120.00),
(20190201, 1, 290.00),
(20190201, 2, 40.66),
(20190201, 3, 780.00),
(20190201, 4, 0.00),
(20190202, 1, 290.00),
(20190202, 2, 40.66),
(20190202, 3, 560.00),
(20190202, 4, 170.00),
(20190203, 1, 440.00),
(20190203, 2, 309.01),
(20190203, 3, 580.00),
(20190203, 4, 170.00),
(20190204, 1, 370.00),
(20190204, 2, 276.79),
(20190204, 3, 790.00),
(20190204, 4, 250.00),
(20190205, 1, 390.00),
(20190205, 2, 248.16),
(20190205, 3, 430.00),
(20190205, 4, 50.00),
(20190206, 1, 290.00),
(20190206, 2, 203.30),
(20190206, 3, 1300.00),
(20190206, 4, 50.00),
(20190207, 1, 300.00),
(20190207, 2, 81.32),
(20190207, 3, 510.00),
(20190207, 4, 50.00),
(20200002, 1, 320.00),
(20200002, 2, 233.33),
(20200002, 3, 780.00),
(20200002, 4, 50.00),
(20200003, 1, 390.00),
(20200003, 2, 272.23),
(20200003, 3, 890.00),
(20200003, 4, 190.00),
(20200004, 1, 370.00),
(20200004, 2, 374.71),
(20200004, 3, 1280.00),
(20200004, 4, 140.00),
(20200005, 1, 270.00),
(20200005, 2, 81.32),
(20200005, 3, 910.00),
(20200005, 4, 100.00),
(20200006, 1, 70.00),
(20200006, 2, 158.76),
(20200006, 3, 710.00),
(20200006, 4, 70.00),
(20200007, 1, 510.00),
(20200007, 2, 109.59),
(20200007, 3, 1330.00),
(20200007, 4, 260.00),
(20200008, 1, 230.00),
(20200008, 2, 121.98),
(20200008, 3, 1180.00),
(20200008, 4, 140.00),
(20200009, 1, 200.00),
(20200009, 2, 286.96),
(20200009, 3, 320.00),
(20200009, 4, 170.00),
(20200010, 1, 180.00),
(20200010, 2, 81.32),
(20200010, 3, 950.00),
(20200010, 4, 140.00),
(20200011, 1, 220.00),
(20200011, 2, 275.82),
(20200011, 3, 580.00),
(20200011, 4, 0.00),
(20200014, 1, 380.00),
(20200014, 2, 284.20),
(20200014, 3, 1100.00),
(20200014, 4, 200.00),
(20200015, 1, 200.00),
(20200015, 2, 263.36),
(20200015, 3, 460.00),
(20200015, 4, 100.00),
(20200016, 1, 390.00),
(20200016, 2, 194.50),
(20200016, 3, 490.00),
(20200016, 4, 100.00),
(20200017, 1, 190.00),
(20200017, 2, 314.65),
(20200017, 3, 1050.00),
(20200017, 4, 150.00),
(20200018, 1, 240.00),
(20200018, 2, 294.79),
(20200018, 3, 740.00),
(20200018, 4, 50.00),
(20200019, 1, 100.00),
(20200019, 2, 82.72),
(20200019, 3, 640.00);
INSERT INTO `faits_recettes` (`id_D`, `id_paiement`, `montant`) VALUES
(20200019, 4, 220.00),
(20200020, 1, 100.00),
(20200020, 2, 240.00),
(20200020, 3, 470.00),
(20200020, 4, 0.00),
(20200021, 1, 240.00),
(20200021, 2, 80.00),
(20200021, 3, 550.00),
(20200021, 4, 170.00),
(20200022, 1, 380.00),
(20200022, 2, 272.23),
(20200022, 3, 1060.00),
(20200022, 4, 70.00),
(20200023, 1, 140.00),
(20200023, 2, 252.73),
(20200023, 3, 1160.00),
(20200023, 4, 0.00),
(20200024, 1, 100.00),
(20200024, 2, 284.62),
(20200024, 3, 1550.00),
(20200024, 4, 0.00),
(20200025, 1, 270.00),
(20200025, 2, 162.64),
(20200025, 3, 660.00),
(20200025, 4, 100.00),
(20200026, 1, 170.00),
(20200026, 2, 194.50),
(20200026, 3, 750.00),
(20200026, 4, 120.00),
(20200027, 1, 240.00),
(20200027, 2, 162.64),
(20200027, 3, 1430.00),
(20200027, 4, 240.00),
(20200028, 1, 180.00),
(20200028, 2, 233.33),
(20200028, 3, 840.00),
(20200028, 4, 160.00),
(20200029, 1, 100.00),
(20200029, 2, 150.25),
(20200029, 3, 840.00),
(20200029, 4, 140.00),
(20200030, 1, 150.00),
(20200030, 2, 111.35),
(20200030, 3, 630.00),
(20200030, 4, 50.00),
(20200031, 1, 140.00),
(20200031, 2, 221.92),
(20200031, 3, 540.00),
(20200031, 4, 0.00),
(20200032, 1, 150.00),
(20200032, 2, 355.05),
(20200032, 3, 1090.00),
(20200032, 4, 115.00),
(20200033, 1, 210.00),
(20200033, 2, 263.36),
(20200033, 3, 960.00),
(20200033, 4, 50.00),
(20200034, 1, 230.00),
(20200034, 2, 81.32),
(20200034, 3, 1290.00),
(20200034, 4, 200.00),
(20200035, 1, 310.00),
(20200035, 2, 121.98),
(20200035, 3, 510.00),
(20200035, 4, 0.00),
(20200036, 1, 150.00),
(20200036, 2, 77.80),
(20200036, 3, 770.00),
(20200036, 4, 80.00),
(20200037, 1, 340.00),
(20200037, 2, 152.01),
(20200037, 3, 1160.00),
(20200037, 4, 380.00),
(20200038, 1, 280.00),
(20200038, 2, 206.10),
(20200038, 3, 890.00),
(20200038, 4, 0.00),
(20200039, 1, 240.00),
(20200039, 2, 484.14),
(20200039, 3, 690.00),
(20200039, 4, 140.00),
(20200040, 1, 100.00),
(20200040, 2, 181.88),
(20200040, 3, 520.00),
(20200040, 4, 0.00),
(20200041, 1, 260.00),
(20200041, 2, 272.29),
(20200041, 3, 780.00),
(20200041, 4, 70.00),
(20200042, 1, 240.00),
(20200042, 2, 162.64),
(20200042, 3, 1460.00),
(20200042, 4, 190.00),
(20200043, 1, 160.00),
(20200043, 2, 192.67),
(20200043, 3, 990.00),
(20200043, 4, 190.00),
(20200044, 1, 260.00),
(20200044, 2, 302.26),
(20200044, 3, 1300.00),
(20200044, 4, 190.00),
(20200045, 1, 240.00),
(20200045, 2, 201.54),
(20200045, 3, 1300.00),
(20200045, 4, 100.00),
(20200046, 1, 270.00),
(20200046, 2, 235.16),
(20200046, 3, 340.00),
(20200046, 4, 50.00),
(20200047, 1, 510.00),
(20200047, 2, 233.33),
(20200047, 3, 850.00),
(20200047, 4, 140.00),
(20200048, 1, 250.00),
(20200048, 2, 269.55),
(20200048, 3, 770.00),
(20200048, 4, 0.00),
(20200049, 1, 140.00),
(20200049, 2, 121.98),
(20200049, 3, 720.00),
(20200049, 4, 0.00),
(20200050, 1, 150.00),
(20200050, 2, 162.64),
(20200050, 3, 710.00),
(20200050, 4, 70.00),
(20200051, 1, 50.00),
(20200051, 2, 217.86),
(20200051, 3, 860.00),
(20200051, 4, 50.00),
(20200052, 1, 0.00),
(20200052, 2, 233.33),
(20200052, 3, 970.00),
(20200052, 4, 90.00),
(20200053, 1, 280.00),
(20200053, 2, 323.42),
(20200053, 3, 620.00),
(20200053, 4, 120.00),
(20200054, 1, 190.00),
(20200054, 2, 70.66),
(20200054, 3, 720.00),
(20200054, 4, 100.00),
(20200059, 1, 50.00),
(20200059, 2, 80.00),
(20200059, 3, 150.00),
(20200059, 4, 0.00),
(20200060, 1, 50.00),
(20200060, 2, 0.00),
(20200060, 3, 150.00),
(20200060, 4, 0.00),
(20200065, 1, 0.00),
(20200065, 2, 0.00),
(20200065, 3, 350.00),
(20200065, 4, 50.00),
(20200068, 1, 0.00),
(20200068, 2, 0.00),
(20200068, 3, 600.00),
(20200068, 4, 0.00),
(20200071, 1, 0.00),
(20200071, 2, 81.32),
(20200071, 3, 370.00),
(20200071, 4, 50.00),
(20200072, 1, 50.00),
(20200072, 2, 38.90),
(20200072, 3, 200.00),
(20200072, 4, 50.00),
(20200073, 1, 0.00),
(20200073, 2, 81.32),
(20200073, 3, 540.00),
(20200073, 4, 150.00),
(20200074, 1, 90.00),
(20200074, 2, 0.00),
(20200074, 3, 400.00),
(20200074, 4, 0.00),
(20200075, 1, 150.00),
(20200075, 2, 81.32),
(20200075, 3, 480.00),
(20200075, 4, 50.00),
(20200076, 1, 90.00),
(20200076, 2, 81.32),
(20200076, 3, 540.00),
(20200076, 4, 0.00),
(20200078, 1, 0.00),
(20200078, 2, 131.32),
(20200078, 3, 350.00),
(20200078, 4, 50.00),
(20200079, 1, 140.00),
(20200079, 2, 40.00),
(20200079, 3, 310.00),
(20200079, 4, 0.00),
(20200080, 1, 0.00),
(20200080, 2, 40.66),
(20200080, 3, 730.00),
(20200080, 4, 0.00),
(20200081, 1, 120.00),
(20200081, 2, 121.98),
(20200081, 3, 500.00),
(20200081, 4, 0.00),
(20200082, 1, 0.00),
(20200082, 2, 155.60),
(20200082, 3, 0.00),
(20200082, 4, 50.00),
(20200083, 1, 140.00),
(20200083, 2, 81.32),
(20200083, 3, 920.00),
(20200083, 4, 90.00),
(20200085, 1, 0.00),
(20200085, 2, 121.98),
(20200085, 3, 480.00),
(20200085, 4, 160.00),
(20200086, 1, 0.00),
(20200086, 2, 70.69),
(20200086, 3, 440.00),
(20200086, 4, 100.00),
(20200087, 1, 50.00),
(20200087, 2, 79.56),
(20200087, 3, 340.00),
(20200087, 4, 0.00),
(20200088, 1, 230.00),
(20200088, 2, 121.98),
(20200088, 3, 1080.00),
(20200088, 4, 150.00),
(20200090, 1, 0.00),
(20200090, 2, 42.06),
(20200090, 3, 1320.00),
(20200090, 4, 100.00),
(20200091, 1, 0.00),
(20200091, 2, 40.66),
(20200091, 3, 1180.00),
(20200091, 4, 120.00),
(20200092, 1, 100.00),
(20200092, 2, 118.46),
(20200092, 3, 690.00),
(20200092, 4, 100.00),
(20200093, 1, 190.00),
(20200093, 2, 81.32),
(20200093, 3, 1430.00),
(20200093, 4, 150.00),
(20200094, 1, 0.00),
(20200094, 2, 222.67),
(20200094, 3, 820.00),
(20200094, 4, 240.00),
(20200095, 1, 100.00),
(20200095, 2, 344.65),
(20200095, 3, 1160.00),
(20200095, 4, 50.00),
(20200096, 1, 140.00),
(20200096, 2, 121.98),
(20200096, 3, 1390.00),
(20200096, 4, 90.00),
(20200097, 1, 0.00),
(20200097, 2, 79.56),
(20200097, 3, 500.00),
(20200097, 4, 100.00),
(20200099, 1, 190.00),
(20200099, 2, 81.32),
(20200099, 3, 920.00),
(20200099, 4, 90.00),
(20200100, 1, 240.00),
(20200100, 2, 121.98),
(20200100, 3, 1600.00),
(20200100, 4, 170.00),
(20200101, 1, 0.00),
(20200101, 2, 344.68),
(20200101, 3, 1160.00),
(20200101, 4, 50.00),
(20200102, 1, 260.00),
(20200102, 2, 226.68),
(20200102, 3, 510.00),
(20200102, 4, 50.00),
(20200103, 1, 260.00),
(20200103, 2, 304.02),
(20200103, 3, 1270.00),
(20200103, 4, 50.00),
(20200104, 1, 0.00),
(20200104, 2, 192.67),
(20200104, 3, 1130.00),
(20200104, 4, 0.00),
(20200106, 1, 250.00),
(20200106, 2, 162.64),
(20200106, 3, 660.00),
(20200106, 4, 50.00),
(20200107, 1, 100.00),
(20200107, 2, 119.86),
(20200107, 3, 790.00),
(20200107, 4, 0.00),
(20200108, 1, 150.00),
(20200108, 2, 397.37),
(20200108, 3, 1150.00),
(20200108, 4, 50.00),
(20200109, 1, 100.00),
(20200109, 2, 192.67),
(20200109, 3, 1030.00),
(20200109, 4, 0.00),
(20200110, 1, 150.00),
(20200110, 2, 81.32),
(20200110, 3, 1070.00),
(20200110, 4, 50.00),
(20200111, 1, 90.00),
(20200111, 2, 162.64),
(20200111, 3, 820.00),
(20200111, 4, 100.00),
(20200112, 1, 170.00),
(20200112, 2, 235.16),
(20200112, 3, 790.00),
(20200112, 4, 100.00),
(20200113, 1, 180.00),
(20200113, 2, 314.65),
(20200113, 3, 910.00),
(20200113, 4, 140.00),
(20200114, 1, 180.00),
(20200114, 2, 334.05),
(20200114, 3, 850.00),
(20200114, 4, 100.00),
(20200115, 1, 0.00),
(20200115, 2, 120.22),
(20200115, 3, 1050.00),
(20200115, 4, 0.00),
(20200116, 1, 140.00),
(20200116, 2, 245.36),
(20200116, 3, 610.00),
(20200116, 4, 50.00),
(20200117, 1, 50.00),
(20200117, 2, 226.29),
(20200117, 3, 600.00),
(20200117, 4, 150.00),
(20200118, 1, 320.00),
(20200118, 2, 81.32),
(20200118, 3, 1230.00),
(20200118, 4, 100.00),
(20200119, 1, 360.00),
(20200119, 2, 152.01),
(20200119, 3, 900.00),
(20200119, 4, 150.00),
(20200120, 1, 220.00),
(20200120, 2, 233.33),
(20200120, 3, 1520.00),
(20200120, 4, 90.00),
(20200121, 1, 90.00),
(20200121, 2, 233.33),
(20200121, 3, 800.00),
(20200121, 4, 50.00),
(20200122, 1, 0.00),
(20200122, 2, 233.40),
(20200122, 3, 780.00),
(20200122, 4, 0.00),
(20200123, 1, 100.00),
(20200123, 2, 281.10),
(20200123, 3, 1230.00),
(20200123, 4, 80.00),
(20200124, 1, 230.00),
(20200124, 2, 192.67),
(20200124, 3, 710.00),
(20200124, 4, 240.00),
(20200125, 1, 50.00),
(20200125, 2, 162.64),
(20200125, 3, 810.00),
(20200125, 4, 50.00),
(20200126, 1, 200.00),
(20200126, 2, 123.38),
(20200126, 3, 500.00),
(20200126, 4, 0.00),
(20200127, 1, 150.00),
(20200127, 2, 118.46),
(20200127, 3, 630.00),
(20200127, 4, 220.00),
(20200128, 1, 190.00),
(20200128, 2, 263.36),
(20200128, 3, 1590.00),
(20200128, 4, 90.00),
(20200129, 1, 180.00),
(20200129, 2, 111.35),
(20200129, 3, 1150.00),
(20200129, 4, 190.00),
(20200130, 1, 330.00),
(20200130, 2, 232.97),
(20200130, 3, 1380.00),
(20200130, 4, 50.00),
(20200131, 1, 50.00),
(20200131, 2, 204.70),
(20200131, 3, 770.00),
(20200131, 4, 100.00),
(20200132, 1, 100.00),
(20200132, 2, 197.66),
(20200132, 3, 610.00),
(20200132, 4, 100.00),
(20200133, 1, 100.00),
(20200133, 2, 386.74),
(20200133, 3, 1290.00),
(20200133, 4, 90.00),
(20200134, 1, 180.00),
(20200134, 2, 123.38),
(20200134, 3, 660.00),
(20200134, 4, 140.00),
(20200137, 1, 0.00),
(20200137, 2, 155.60),
(20200137, 3, 850.00),
(20200137, 4, 0.00),
(20200138, 1, 280.00),
(20200138, 2, 342.92),
(20200138, 3, 910.00),
(20200138, 4, 230.00),
(20200139, 1, 50.00),
(20200139, 2, 182.01),
(20200139, 3, 760.00),
(20200139, 4, 100.00),
(20200140, 1, 100.00),
(20200140, 2, 152.01),
(20200140, 3, 1200.00),
(20200140, 4, 240.00),
(20200141, 1, 150.00),
(20200141, 2, 81.32),
(20200141, 3, 580.00),
(20200141, 4, 200.00),
(20200142, 1, 390.00),
(20200142, 2, 119.86),
(20200142, 3, 270.00),
(20200142, 4, 200.00),
(20200143, 1, 180.00),
(20200143, 2, 152.01),
(20200143, 3, 1020.00),
(20200143, 4, 230.00),
(20200144, 1, 140.00),
(20200144, 2, 61.66),
(20200144, 3, 1110.00),
(20200144, 4, 140.00),
(20200145, 1, 190.00),
(20200145, 2, 312.89),
(20200145, 3, 1210.00),
(20200145, 4, 190.00),
(20200146, 1, 140.00),
(20200146, 2, 233.33),
(20200146, 3, 930.00),
(20200146, 4, 150.00),
(20200147, 1, 190.00),
(20200147, 2, 166.84),
(20200147, 3, 690.00),
(20200147, 4, 80.00),
(20200148, 1, 150.00),
(20200148, 2, 192.67),
(20200148, 3, 1370.00),
(20200148, 4, 50.00),
(20200149, 1, 90.00),
(20200149, 2, 81.32),
(20200149, 3, 620.00),
(20200149, 4, 50.00),
(20200150, 1, 220.00),
(20200150, 2, 273.99),
(20200150, 3, 720.00),
(20200150, 4, 200.00),
(20200151, 1, 0.00),
(20200151, 2, 141.38),
(20200151, 3, 1220.00),
(20200151, 4, 240.00),
(20200152, 1, 50.00),
(20200152, 2, 123.38),
(20200152, 3, 450.00),
(20200152, 4, 100.00),
(20200153, 1, 320.00),
(20200153, 2, 164.04),
(20200153, 3, 1030.00),
(20200153, 4, 50.00),
(20200154, 1, 140.00),
(20200154, 2, 111.35),
(20200154, 3, 450.00),
(20200154, 4, 50.00),
(20200165, 1, 140.00),
(20200165, 2, 363.99),
(20200165, 3, 940.00),
(20200165, 4, 130.00),
(20200166, 1, 240.00),
(20200166, 2, 81.32),
(20200166, 3, 1000.00),
(20200166, 4, 250.00),
(20200167, 1, 50.00),
(20200167, 2, 154.81),
(20200167, 3, 520.00),
(20200167, 4, 0.00),
(20200168, 1, 250.00),
(20200168, 2, 353.42),
(20200168, 3, 807.93),
(20200168, 4, 50.00),
(20200169, 1, 160.00),
(20200169, 2, 81.32),
(20200169, 3, 810.00),
(20200169, 4, 50.00),
(20200170, 1, 360.00),
(20200170, 2, 160.88),
(20200170, 3, 720.00),
(20200170, 4, 250.00),
(20200171, 1, 280.00),
(20200171, 2, 81.32),
(20200171, 3, 520.00),
(20200171, 4, 40.00),
(20200172, 1, 150.00),
(20200172, 2, 165.08),
(20200172, 3, 600.00),
(20200172, 4, 0.00),
(20200173, 1, 299.31),
(20200173, 2, 152.01),
(20200173, 3, 1020.00),
(20200173, 4, 0.00),
(20200174, 1, 410.00),
(20200174, 2, 182.04),
(20200174, 3, 460.00),
(20200174, 4, 0.00),
(20200175, 1, 240.00),
(20200175, 2, 178.49),
(20200175, 3, 400.00),
(20200175, 4, 0.00),
(20200176, 1, 0.00),
(20200176, 2, 148.49),
(20200176, 3, 660.00),
(20200176, 4, 0.00),
(20200177, 1, 190.00),
(20200177, 2, 38.90),
(20200177, 3, 730.00),
(20200177, 4, 0.00),
(20200178, 1, 240.00),
(20200178, 2, 158.11),
(20200178, 3, 850.00),
(20200178, 4, 210.00),
(20200179, 1, 90.00),
(20200179, 2, 98.90),
(20200179, 3, 910.00),
(20200179, 4, 0.00),
(20200180, 1, 170.00),
(20200180, 2, 181.00),
(20200180, 3, 960.00),
(20200180, 4, 50.00),
(20200181, 1, 190.00),
(20200181, 2, 0.00),
(20200181, 3, 680.00),
(20200181, 4, 70.00),
(20200182, 1, 200.00),
(20200182, 2, 116.70),
(20200182, 3, 420.00),
(20200182, 4, 70.00),
(20200183, 1, 370.00),
(20200183, 2, 80.31),
(20200183, 3, 950.00),
(20200183, 4, 50.00),
(20200185, 1, 100.00),
(20200185, 2, 185.60),
(20200185, 3, 600.00),
(20200185, 4, 50.00),
(20200186, 1, 240.00),
(20200186, 2, 155.60),
(20200186, 3, 540.00),
(20200186, 4, 100.00),
(20200187, 1, 289.31),
(20200187, 2, 151.00),
(20200187, 3, 750.00),
(20200187, 4, 320.00),
(20200188, 1, 0.00),
(20200188, 2, 272.29),
(20200188, 3, 1350.00),
(20200188, 4, 180.00),
(20200189, 1, 50.00),
(20200189, 2, 178.49),
(20200189, 3, 420.00),
(20200189, 4, 270.00),
(20200190, 1, 170.00),
(20200190, 2, 303.19),
(20200190, 3, 428.84),
(20200190, 4, 0.00),
(20200191, 1, 320.00),
(20200191, 2, 80.31),
(20200191, 3, 810.00),
(20200191, 4, 190.00),
(20200192, 1, 19.31),
(20200192, 2, 151.00),
(20200192, 3, 850.00),
(20200192, 4, 90.00),
(20200193, 1, 0.00),
(20200193, 2, 0.00),
(20200193, 3, 570.00),
(20200193, 4, 150.00),
(20200194, 1, 50.00),
(20200194, 2, 194.50),
(20200194, 3, 530.00),
(20200194, 4, 0.00),
(20200195, 1, 300.00),
(20200195, 2, 0.00),
(20200195, 3, 360.00),
(20200195, 4, 120.00),
(20200196, 1, 150.00),
(20200196, 2, 219.90),
(20200196, 3, 930.00),
(20200196, 4, 270.00),
(20200197, 1, 230.00),
(20200197, 2, 267.70),
(20200197, 3, 560.00),
(20200197, 4, 140.00),
(20200198, 1, 240.00),
(20200198, 2, 141.38),
(20200198, 3, 1050.00),
(20200198, 4, 0.00),
(20200199, 1, 0.00),
(20200199, 2, 70.69),
(20200199, 3, 630.00),
(20200199, 4, 140.00),
(20200200, 1, 0.00),
(20200200, 2, 0.00),
(20200200, 3, 900.00),
(20200200, 4, 50.00),
(20200201, 1, 170.00),
(20200201, 2, 38.90),
(20200201, 3, 1150.00),
(20200201, 4, 120.00),
(20200202, 1, 90.00),
(20200202, 2, 280.97),
(20200202, 3, 650.00),
(20200202, 4, 50.00),
(20200203, 1, 240.00),
(20200203, 2, 227.01),
(20200203, 3, 1160.00),
(20200203, 4, 150.00),
(20200204, 1, 120.00),
(20200204, 2, 187.39),
(20200204, 3, 860.00),
(20200204, 4, 50.00),
(20200208, 1, 140.00),
(20200208, 2, 116.70),
(20200208, 3, 740.00),
(20200208, 4, 200.00),
(20200209, 1, 140.00),
(20200209, 2, 219.18),
(20200209, 3, 1029.31),
(20200209, 4, 50.00),
(20200210, 1, 240.00),
(20200210, 2, 181.47),
(20200210, 3, 540.00),
(20200210, 4, 18.84),
(20200211, 1, 119.31),
(20200211, 2, 258.08),
(20200211, 3, 830.00),
(20200211, 4, 100.00),
(20200212, 1, 190.00),
(20200212, 2, 68.90),
(20200212, 3, 1120.00),
(20200212, 4, 140.00),
(20200213, 1, 50.00),
(20200213, 2, 158.11),
(20200213, 3, 310.00),
(20200213, 4, 90.00),
(20200214, 1, 100.00),
(20200214, 2, 180.28),
(20200214, 3, 750.00),
(20200214, 4, 50.00),
(20200215, 1, 50.00),
(20200215, 2, 155.60),
(20200215, 3, 270.00),
(20200215, 4, 50.00),
(20200217, 1, 240.00),
(20200217, 2, 190.62),
(20200217, 3, 800.00),
(20200217, 4, 0.00),
(20200218, 1, 210.00),
(20200218, 2, 468.36),
(20200218, 3, 840.00),
(20200218, 4, 150.00),
(20200219, 1, 50.00),
(20200219, 2, 155.60),
(20200219, 3, 750.00),
(20200219, 4, 70.00),
(20200221, 1, 360.00),
(20200221, 2, 189.90),
(20200221, 3, 1319.31),
(20200221, 4, 50.00),
(20200222, 1, 220.00),
(20200222, 2, 187.39),
(20200222, 3, 980.00),
(20200222, 4, 50.00),
(20200223, 1, 190.00),
(20200223, 2, 0.00),
(20200223, 3, 670.00),
(20200223, 4, 0.00),
(20200224, 1, 240.00),
(20200224, 2, 258.08),
(20200224, 3, 870.00),
(20200224, 4, 50.00),
(20200225, 1, 140.00),
(20200225, 2, 77.80),
(20200225, 3, 420.00),
(20200225, 4, 0.00),
(20200226, 1, 140.00),
(20200226, 2, 267.70),
(20200226, 3, 870.00),
(20200226, 4, 249.31),
(20200227, 1, 0.00),
(20200227, 2, 438.36),
(20200227, 3, 590.00),
(20200227, 4, 210.00),
(20200228, 1, 90.00),
(20200228, 2, 109.59),
(20200228, 3, 1120.00),
(20200228, 4, 120.00),
(20200229, 1, 0.00),
(20200229, 2, 155.60),
(20200229, 3, 610.00),
(20200229, 4, 50.00),
(20200230, 1, 50.00),
(20200230, 2, 327.45),
(20200230, 3, 748.84),
(20200230, 4, 70.00),
(20200231, 1, 410.00),
(20200231, 2, 268.67),
(20200231, 3, 680.00),
(20200231, 4, 270.51),
(20200232, 1, 230.00),
(20200232, 2, 296.98),
(20200232, 3, 530.00),
(20200232, 4, 170.00),
(20200233, 1, 0.00),
(20200233, 2, 70.69),
(20200233, 3, 610.00),
(20200233, 4, 150.00),
(20200234, 1, 50.00),
(20200234, 2, 272.29),
(20200234, 3, 670.00),
(20200234, 4, 50.00),
(20200235, 1, 120.00),
(20200235, 2, 116.70),
(20200235, 3, 270.00),
(20200235, 4, 50.00),
(20200236, 1, 100.00),
(20200236, 2, 445.47),
(20200236, 3, 669.31),
(20200236, 4, 240.00),
(20200237, 1, 270.00),
(20200237, 2, 141.38),
(20200237, 3, 950.00),
(20200237, 4, 50.00),
(20200238, 1, 100.00),
(20200238, 2, 148.49),
(20200238, 3, 1109.31),
(20200238, 4, 120.00),
(20200239, 1, 109.31),
(20200239, 2, 141.38),
(20200239, 3, 559.31),
(20200239, 4, 0.00),
(20200240, 1, 50.00),
(20200240, 2, 77.80),
(20200240, 3, 490.00),
(20200240, 4, 150.00),
(20200241, 1, 140.00),
(20200241, 2, 231.31),
(20200241, 3, 820.00),
(20200241, 4, 50.00),
(20200242, 1, 50.00),
(20200242, 2, 80.31),
(20200242, 3, 880.00),
(20200242, 4, 50.00),
(20200243, 1, 150.00),
(20200243, 2, 77.80),
(20200243, 3, 620.00),
(20200243, 4, 90.00),
(20200244, 1, 90.00),
(20200244, 2, 70.69),
(20200244, 3, 830.00),
(20200244, 4, 0.00),
(20200245, 1, 70.00),
(20200245, 2, 375.97),
(20200245, 3, 300.00),
(20200245, 4, 50.00),
(20200246, 1, 150.00),
(20200246, 2, 0.00),
(20200246, 3, 890.00),
(20200246, 4, 150.00),
(20200247, 1, 430.00),
(20200247, 2, 180.28),
(20200247, 3, 579.31),
(20200247, 4, 140.00),
(20200248, 1, 19.31),
(20200248, 2, 219.90),
(20200248, 3, 820.00),
(20200248, 4, 150.00),
(20200249, 1, 0.00),
(20200249, 2, 158.11),
(20200249, 3, 240.00),
(20200249, 4, 50.00),
(20210001, 1, 0.00),
(20210001, 2, 431.25),
(20210001, 3, 988.62),
(20210001, 4, 240.00),
(20210002, 1, 90.00),
(20210002, 2, 59.90),
(20210002, 3, 630.00),
(20210002, 4, 140.00),
(20210003, 1, 70.00),
(20210003, 2, 38.90),
(20210003, 3, 850.00),
(20210003, 4, 100.00),
(20210004, 1, 90.00),
(20210004, 2, 253.48),
(20210004, 3, 1389.31),
(20210004, 4, 209.31),
(20210005, 1, 90.00),
(20210005, 2, 141.38),
(20210005, 3, 1170.00),
(20210005, 4, 100.00),
(20210006, 1, 0.00),
(20210006, 2, 180.28),
(20210006, 3, 548.62),
(20210006, 4, 250.00),
(20210007, 1, 0.00),
(20210007, 2, 77.80),
(20210007, 3, 880.00),
(20210007, 4, 50.00),
(20210008, 1, 50.00),
(20210008, 2, 259.27),
(20210008, 3, 460.00),
(20210008, 4, 120.00),
(20210009, 1, 330.00),
(20210009, 2, 414.39),
(20210009, 3, 870.00),
(20210009, 4, 160.00),
(20210010, 1, 340.00),
(20210010, 2, 281.59),
(20210010, 3, 750.00),
(20210010, 4, 139.31),
(20210011, 1, 140.00),
(20210011, 2, 346.98),
(20210011, 3, 1079.31),
(20210011, 4, 50.00),
(20210012, 1, 50.00),
(20210012, 2, 123.80),
(20210012, 3, 590.00),
(20210012, 4, 0.00),
(20210013, 1, 100.00),
(20210013, 2, 38.90),
(20210013, 3, 710.00),
(20210013, 4, 110.00),
(20210014, 1, 140.00),
(20210014, 2, 223.29),
(20210014, 3, 1100.00),
(20210014, 4, 0.00),
(20210015, 1, 0.00),
(20210015, 2, 431.97),
(20210015, 3, 249.31),
(20210015, 4, 70.00),
(20210016, 1, 50.00),
(20210016, 2, 265.19),
(20210016, 3, 639.31),
(20210016, 4, 90.00),
(20210017, 1, 190.00),
(20210017, 2, 130.59),
(20210017, 3, 360.00),
(20210017, 4, 100.00),
(20210018, 1, 0.00),
(20210018, 2, 101.16),
(20210018, 3, 680.00),
(20210018, 4, 150.00),
(20210019, 1, 309.31),
(20210019, 2, 342.98),
(20210019, 3, 940.00),
(20210019, 4, 140.00),
(20210020, 1, 140.00),
(20210020, 2, 309.11),
(20210020, 3, 980.00),
(20210020, 4, 230.00),
(20210021, 1, 140.00),
(20210021, 2, 377.29),
(20210021, 3, 989.31),
(20210021, 4, 150.00),
(20210022, 1, 50.00),
(20210022, 2, 119.21),
(20210022, 3, 650.00),
(20210022, 4, 100.00),
(20210023, 1, 100.00),
(20210023, 2, 281.86),
(20210023, 3, 382.43),
(20210023, 4, 100.00),
(20210024, 1, 100.00),
(20210024, 2, 477.26),
(20210024, 3, 1119.31),
(20210024, 4, 20.00),
(20210025, 1, 260.00),
(20210025, 2, 21.00),
(20210025, 3, 1080.00),
(20210025, 4, 190.00),
(20210026, 1, 190.00),
(20210026, 2, 38.90),
(20210026, 3, 1110.00),
(20210026, 4, 420.00),
(20210027, 1, 310.00),
(20210027, 2, 391.93),
(20210027, 3, 710.00),
(20210027, 4, 219.31),
(20210028, 1, 120.00),
(20210028, 2, 155.60),
(20210028, 3, 660.00),
(20210028, 4, 0.00),
(20210029, 1, 310.00),
(20210029, 2, 119.21),
(20210029, 3, 1300.00),
(20210029, 4, 0.00),
(20210030, 1, 89.31),
(20210030, 2, 109.59),
(20210030, 3, 960.00),
(20210030, 4, 100.00),
(20210031, 1, 0.00),
(20210031, 2, 267.70),
(20210031, 3, 850.00),
(20210031, 4, 0.00),
(20210032, 1, 120.00),
(20210032, 2, 339.36),
(20210032, 3, 1269.82),
(20210032, 4, 0.00),
(20210033, 1, 150.00),
(20210033, 2, 116.70),
(20210033, 3, 420.00),
(20210033, 4, 50.00),
(20210034, 1, 290.00),
(20210034, 2, 226.69),
(20210034, 3, 1299.31),
(20210034, 4, 0.00),
(20210035, 1, 0.00),
(20210035, 2, 268.67),
(20210035, 3, 1019.13),
(20210035, 4, 50.00),
(20210036, 1, 270.00),
(20210036, 2, 250.97),
(20210036, 3, 210.00),
(20210036, 4, 50.00),
(20210037, 1, 50.00),
(20210037, 2, 109.59),
(20210037, 3, 640.00),
(20210037, 4, 0.00),
(20210038, 1, 0.00),
(20210038, 2, 311.20),
(20210038, 3, 310.00),
(20210038, 4, 50.00),
(20210039, 1, 0.00),
(20210039, 2, 537.91),
(20210039, 3, 999.31),
(20210039, 4, 99.31),
(20210040, 1, 50.00),
(20210040, 2, 399.46),
(20210040, 3, 1017.93),
(20210040, 4, 50.00),
(20210041, 1, 209.31),
(20210041, 2, 440.87),
(20210041, 3, 558.62),
(20210041, 4, 190.00),
(20210042, 1, 150.00),
(20210042, 2, 109.59),
(20210042, 3, 499.31),
(20210042, 4, 190.00),
(20210043, 1, 120.00),
(20210043, 2, 267.70),
(20210043, 3, 300.00),
(20210043, 4, 0.00),
(20210044, 1, 100.00),
(20210044, 2, 333.79),
(20210044, 3, 1040.00),
(20210044, 4, 150.00),
(20210045, 1, 160.00),
(20210045, 2, 302.00),
(20210045, 3, 788.62),
(20210045, 4, 70.00),
(20210046, 1, 180.00),
(20210046, 2, 226.28),
(20210046, 3, 578.62),
(20210046, 4, 90.00),
(20210047, 1, 310.00),
(20210047, 2, 253.48),
(20210047, 3, 289.31),
(20210047, 4, 19.31),
(20210048, 1, 200.00),
(20210048, 2, 119.21),
(20210048, 3, 480.00),
(20210048, 4, 0.00),
(20210049, 1, 107.93),
(20210049, 2, 591.87),
(20210049, 3, 740.00),
(20210049, 4, 0.00),
(20210050, 1, 159.31),
(20210050, 2, 253.48),
(20210050, 3, 1069.31),
(20210050, 4, 50.00),
(20210051, 1, 69.31),
(20210051, 2, 726.14),
(20210051, 3, 766.52),
(20210051, 4, 138.62),
(20210052, 1, 0.00),
(20210052, 2, 0.00),
(20210052, 3, 151.00),
(20210052, 4, 650.00),
(20210053, 1, 100.00),
(20210053, 2, 158.11),
(20210053, 3, 340.00),
(20210053, 4, 100.00),
(20210054, 1, 150.00),
(20210054, 2, 260.59),
(20210054, 3, 999.31),
(20210054, 4, 190.00),
(20210055, 1, 50.00),
(20210055, 2, 329.48),
(20210055, 3, 638.62),
(20210055, 4, 69.31),
(20210056, 1, 200.00),
(20210056, 2, 124.23),
(20210056, 3, 550.00),
(20210056, 4, 50.00),
(20210057, 1, 119.31),
(20210057, 2, 112.10),
(20210057, 3, 520.00),
(20210057, 4, 100.00),
(20210058, 1, 0.00),
(20210058, 2, 0.00),
(20210058, 3, 119.21),
(20210058, 4, 340.00),
(20210059, 1, 50.00),
(20210059, 2, 514.07),
(20210059, 3, 1188.62),
(20210059, 4, 69.31),
(20210060, 1, 140.00),
(20210060, 2, 544.54),
(20210060, 3, 637.93),
(20210060, 4, 0.00),
(20210061, 1, 200.00),
(20210061, 2, 189.90),
(20210061, 3, 909.31),
(20210061, 4, 100.00),
(20210062, 1, 50.00),
(20210062, 2, 324.76),
(20210062, 3, 409.31),
(20210062, 4, 50.00),
(20210063, 1, 100.00),
(20210063, 2, 139.59),
(20210063, 3, 470.00),
(20210063, 4, 190.00),
(20210064, 1, 200.00),
(20210064, 2, 0.00),
(20210064, 3, 1370.00),
(20210064, 4, 50.00),
(20210065, 1, 170.00),
(20210065, 2, 258.08),
(20210065, 3, 659.31),
(20210065, 4, 100.00),
(20210067, 1, 190.00),
(20210067, 2, 172.00),
(20210067, 3, 460.00),
(20210067, 4, 0.00),
(20210068, 1, 0.00),
(20210068, 2, 252.16),
(20210068, 3, 420.00),
(20210068, 4, 0.00),
(20210069, 1, 50.00),
(20210069, 2, 543.35),
(20210069, 3, 1026.00),
(20210069, 4, 50.00),
(20210070, 1, 50.00),
(20210070, 2, 231.31),
(20210070, 3, 729.31),
(20210070, 4, 190.00),
(20210071, 1, 0.00),
(20210071, 2, 543.35),
(20210071, 3, 1456.55),
(20210071, 4, 50.00),
(20210072, 1, 150.00),
(20210072, 2, 372.69),
(20210072, 3, 1218.62),
(20210072, 4, 150.00),
(20210073, 1, 150.00),
(20210073, 2, 158.11),
(20210073, 3, 540.00),
(20210073, 4, 120.00),
(20210074, 1, 150.00),
(20210074, 2, 444.10),
(20210074, 3, 877.93),
(20210074, 4, 340.00),
(20210075, 1, 210.00),
(20210075, 2, 282.76),
(20210075, 3, 1007.24),
(20210075, 4, 0.00),
(20210076, 1, 140.00),
(20210076, 2, 525.77),
(20210076, 3, 887.93),
(20210076, 4, 90.00),
(20210077, 1, 240.00),
(20210077, 2, 360.56),
(20210077, 3, 1057.93),
(20210077, 4, 19.31),
(20210078, 1, 340.00),
(20210078, 2, 178.96),
(20210078, 3, 630.00),
(20210078, 4, 0.00),
(20210079, 1, 50.00),
(20210079, 2, 253.48),
(20210079, 3, 1288.62),
(20210079, 4, 150.00),
(20210080, 1, 70.00),
(20210080, 2, 210.28),
(20210080, 3, 859.31),
(20210080, 4, 90.00),
(20210081, 1, 289.31),
(20210081, 2, 695.07),
(20210081, 3, 778.62),
(20210081, 4, 169.31),
(20210082, 1, 250.00),
(20210082, 2, 231.31),
(20210082, 3, 510.00),
(20210082, 4, 0.00),
(20210083, 1, 150.00),
(20210083, 2, 119.21),
(20210083, 3, 490.00),
(20210083, 4, 120.00),
(20210084, 1, 90.00),
(20210084, 2, 372.69),
(20210084, 3, 1088.62),
(20210084, 4, 190.00),
(20210085, 1, 0.00),
(20210085, 2, 0.00),
(20210085, 3, 710.00),
(20210085, 4, 100.00),
(20210086, 1, 50.00),
(20210086, 2, 112.10),
(20210086, 3, 560.00),
(20210086, 4, 100.00),
(20210087, 1, 0.00),
(20210087, 2, 253.48),
(20210087, 3, 559.31),
(20210087, 4, 0.00),
(20210088, 1, 170.00),
(20210088, 2, 155.60),
(20210088, 3, 440.00),
(20210088, 4, 100.00),
(20210089, 1, 330.00),
(20210089, 2, 392.35),
(20210089, 3, 958.62),
(20210089, 4, 50.00),
(20210090, 1, 109.31),
(20210090, 2, 372.69),
(20210090, 3, 708.62),
(20210090, 4, 50.00),
(20210091, 1, 90.00),
(20210091, 2, 253.48),
(20210091, 3, 1169.31),
(20210091, 4, 50.00),
(20210092, 1, 50.00),
(20210092, 2, 394.86),
(20210092, 3, 1267.24),
(20210092, 4, 0.00),
(20210093, 1, 0.00),
(20210093, 2, 240.62),
(20210093, 3, 370.00),
(20210093, 4, 50.00),
(20210096, 1, 50.00),
(20210096, 2, 41.41),
(20210096, 3, 1160.00),
(20210096, 4, 50.00),
(20210097, 1, 190.00),
(20210097, 2, 141.38),
(20210097, 3, 509.31),
(20210097, 4, 100.00),
(20210098, 1, 100.00),
(20210098, 2, 194.50),
(20210098, 3, 390.00),
(20210098, 4, 100.00),
(20210099, 1, 50.00),
(20210099, 2, 565.77),
(20210099, 3, 1060.00),
(20210099, 4, 159.31),
(20210100, 1, 199.31),
(20210100, 2, 333.79),
(20210100, 3, 568.62),
(20210100, 4, 200.00),
(20210102, 1, 69.31),
(20210102, 2, 292.38),
(20210102, 3, 590.00),
(20210102, 4, 119.31),
(20210103, 1, 120.00),
(20210103, 2, 235.91),
(20210103, 3, 600.00),
(20210103, 4, 70.00),
(20210104, 1, 170.00),
(20210104, 2, 445.89),
(20210104, 3, 1327.93),
(20210104, 4, 59.31),
(20210105, 1, 280.00),
(20210105, 2, 221.69),
(20210105, 3, 869.31),
(20210105, 4, 50.00),
(20210106, 1, 50.00),
(20210106, 2, 258.07),
(20210106, 3, 489.31),
(20210106, 4, 70.00),
(20210107, 1, 140.00),
(20210107, 2, 112.10),
(20210107, 3, 609.31),
(20210107, 4, 140.00),
(20210108, 1, 0.00),
(20210108, 2, 280.42),
(20210108, 3, 270.00),
(20210108, 4, 50.00),
(20210109, 1, 70.00),
(20210109, 2, 655.45),
(20210109, 3, 517.24),
(20210109, 4, 119.31),
(20210110, 1, 69.31),
(20210110, 2, 375.20),
(20210110, 3, 739.31),
(20210110, 4, 100.00),
(20210111, 1, 269.31),
(20210111, 2, 394.86),
(20210111, 3, 1168.62),
(20210111, 4, 120.00),
(20210112, 1, 50.00),
(20210112, 2, 363.07),
(20210112, 3, 677.93),
(20210112, 4, 50.00),
(20210113, 1, 140.00),
(20210113, 2, 228.80),
(20210113, 3, 660.00),
(20210113, 4, 0.00),
(20210114, 1, 280.00),
(20210114, 2, 194.92),
(20210114, 3, 1109.31),
(20210114, 4, 150.00),
(20210115, 1, 170.00),
(20210115, 2, 324.17),
(20210115, 3, 829.31),
(20210115, 4, 0.00),
(20210116, 1, 209.31),
(20210116, 2, 198.57),
(20210116, 3, 430.00),
(20210116, 4, 100.00),
(20210117, 1, 50.00),
(20210117, 2, 121.72),
(20210117, 3, 620.00),
(20210117, 4, 190.00),
(20210118, 1, 120.00),
(20210118, 2, 311.91),
(20210118, 3, 580.00),
(20210118, 4, 120.00),
(20210119, 1, 69.31),
(20210119, 2, 445.89),
(20210119, 3, 1208.62),
(20210119, 4, 50.00),
(20210120, 1, 50.00),
(20210120, 2, 210.28),
(20210120, 3, 558.62),
(20210120, 4, 290.00),
(20210121, 1, 280.00),
(20210121, 2, 240.92),
(20210121, 3, 750.00),
(20210121, 4, 150.00),
(20210122, 1, 0.00),
(20210122, 2, 71.41),
(20210122, 3, 790.00),
(20210122, 4, 100.00),
(20210123, 1, 150.00),
(20210123, 2, 220.37),
(20210123, 3, 350.00),
(20210123, 4, 0.00),
(20210124, 1, 100.00),
(20210124, 2, 253.48),
(20210124, 3, 1248.62),
(20210124, 4, 150.00),
(20210125, 1, 100.00),
(20210125, 2, 352.13),
(20210125, 3, 347.46),
(20210125, 4, 100.00),
(20210126, 1, 340.00),
(20210126, 2, 201.28),
(20210126, 3, 609.31),
(20210126, 4, 0.00),
(20210127, 1, 90.00),
(20210127, 2, 112.10),
(20210127, 3, 779.31),
(20210127, 4, 50.00),
(20210128, 1, 100.00),
(20210128, 2, 217.86),
(20210128, 3, 458.84),
(20210128, 4, 0.00),
(20210129, 1, 150.00),
(20210129, 2, 494.83),
(20210129, 3, 1197.24),
(20210129, 4, 0.00),
(20210130, 1, 140.00),
(20210130, 2, 322.38),
(20210130, 3, 589.31),
(20210130, 4, 119.31),
(20210131, 1, 50.00),
(20210131, 2, 253.48),
(20210131, 3, 729.31),
(20210131, 4, 109.31),
(20210132, 1, 90.00),
(20210132, 2, 70.69),
(20210132, 3, 630.00),
(20210132, 4, 19.31),
(20210133, 1, 150.00),
(20210133, 2, 166.81),
(20210133, 3, 760.00),
(20210133, 4, 150.00),
(20210134, 1, 90.00),
(20210134, 2, 282.76),
(20210134, 3, 1377.93),
(20210134, 4, 140.00),
(20210135, 1, 90.00),
(20210135, 2, 353.32),
(20210135, 3, 718.15),
(20210135, 4, 120.00),
(20210136, 1, 50.00),
(20210136, 2, 148.49),
(20210136, 3, 709.31),
(20210136, 4, 50.00),
(20210137, 1, 0.00),
(20210137, 2, 204.54),
(20210137, 3, 660.00),
(20210137, 4, 50.00),
(20210139, 1, 70.00),
(20210139, 2, 181.00),
(20210139, 3, 1010.00),
(20210139, 4, 290.00),
(20210140, 1, 50.00),
(20210140, 2, 389.69),
(20210140, 3, 968.84),
(20210140, 4, 50.00),
(20210141, 1, 370.00),
(20210141, 2, 141.38),
(20210141, 3, 1438.62),
(20210141, 4, 50.00),
(20210142, 1, 100.00),
(20210142, 2, 112.10),
(20210142, 3, 759.31),
(20210142, 4, 0.00),
(20210143, 1, 150.00),
(20210143, 2, 285.14),
(20210143, 3, 678.84),
(20210143, 4, 100.00),
(20210144, 1, 0.00),
(20210144, 2, 212.07),
(20210144, 3, 888.62),
(20210144, 4, 0.00),
(20210146, 1, 220.00),
(20210146, 2, 395.58),
(20210146, 3, 539.31),
(20210146, 4, 345.00),
(20210147, 1, 150.00),
(20210147, 2, 182.79),
(20210147, 3, 339.31),
(20210147, 4, 90.00),
(20210148, 1, 70.00),
(20210148, 2, 189.90),
(20210148, 3, 290.00),
(20210148, 4, 100.00),
(20210151, 1, 169.31),
(20210151, 2, 404.48),
(20210151, 3, 1228.62),
(20210151, 4, 119.31),
(20210152, 1, 0.00),
(20210152, 2, 70.69),
(20210152, 3, 559.31),
(20210152, 4, 0.00),
(20210153, 1, 100.00),
(20210153, 2, 148.49),
(20210153, 3, 540.00),
(20210153, 4, 0.00),
(20210154, 1, 310.00),
(20210154, 2, 307.02),
(20210154, 3, 1098.62),
(20210154, 4, 150.00),
(20210155, 1, 50.00),
(20210155, 2, 224.20),
(20210155, 3, 690.00),
(20210155, 4, 210.00),
(20210166, 1, 100.00),
(20210166, 2, 519.09),
(20210166, 3, 729.31),
(20210166, 4, 100.00),
(20210167, 1, 119.31),
(20210167, 2, 477.68),
(20210167, 3, 760.00),
(20210167, 4, 50.00),
(20210168, 1, 50.00),
(20210168, 2, 219.90),
(20210168, 3, 540.00),
(20210168, 4, 250.00),
(20210169, 1, 19.31),
(20210169, 2, 336.30),
(20210169, 3, 1268.62),
(20210169, 4, 50.00),
(20210170, 1, 50.00),
(20210170, 2, 388.50),
(20210170, 3, 718.62),
(20210170, 4, 280.00),
(20210171, 1, 150.00),
(20210171, 2, 499.43),
(20210171, 3, 790.00),
(20210171, 4, 119.31),
(20210172, 1, 0.00),
(20210172, 2, 284.20),
(20210172, 3, 709.31),
(20210172, 4, 100.00),
(20210173, 1, 90.00),
(20210173, 2, 231.31),
(20210173, 3, 429.31),
(20210173, 4, 250.00),
(20210174, 1, 140.00),
(20210174, 2, 192.41),
(20210174, 3, 639.31),
(20210174, 4, 0.00),
(20210175, 1, 320.00),
(20210175, 2, 192.41),
(20210175, 3, 369.31),
(20210175, 4, 0.00),
(20210176, 1, 170.00),
(20210176, 2, 38.90),
(20210176, 3, 450.00),
(20210176, 4, 70.00),
(20210177, 1, 300.00),
(20210177, 2, 407.71),
(20210177, 3, 919.31),
(20210177, 4, 209.31),
(20210178, 1, 259.31),
(20210178, 2, 505.89),
(20210178, 3, 637.93),
(20210178, 4, 50.00),
(20210179, 1, 199.31),
(20210179, 2, 631.19),
(20210179, 3, 938.62),
(20210179, 4, 138.62),
(20210180, 1, 100.00),
(20210180, 2, 151.00),
(20210180, 3, 670.00),
(20210180, 4, 50.00),
(20210181, 1, 50.00),
(20210181, 2, 0.00),
(20210181, 3, 600.00),
(20210181, 4, 80.00),
(20210182, 1, 19.31),
(20210182, 2, 221.69),
(20210182, 3, 1199.31),
(20210182, 4, 280.00),
(20210183, 1, 140.00),
(20210183, 2, 182.79),
(20210183, 3, 1018.00),
(20210183, 4, 0.00),
(20210184, 1, 150.00),
(20210184, 2, 100.00),
(20210184, 3, 100.69),
(20210184, 4, 620.00),
(20210185, 1, 100.00),
(20210185, 2, 121.72),
(20210185, 3, 710.00),
(20210185, 4, 0.00),
(20210186, 1, 50.00),
(20210186, 2, 192.41),
(20210186, 3, 469.31),
(20210186, 4, 50.00),
(20210187, 1, 50.00),
(20210187, 2, 294.89),
(20210187, 3, 740.00),
(20210187, 4, 140.00),
(20210188, 1, 190.00),
(20210188, 2, 263.10),
(20210188, 3, 748.59),
(20210188, 4, 19.31),
(20210189, 1, 50.00),
(20210189, 2, 365.58),
(20210189, 3, 1078.62),
(20210189, 4, 119.31),
(20210190, 1, 50.00),
(20210190, 2, 436.27),
(20210190, 3, 597.93),
(20210190, 4, 50.00),
(20210191, 1, 50.00),
(20210191, 2, 187.39),
(20210191, 3, 440.00),
(20210191, 4, 100.00),
(20210192, 1, 170.00),
(20210192, 2, 354.17),
(20210192, 3, 907.93),
(20210192, 4, 100.00),
(20210193, 1, 50.00),
(20210193, 2, 265.61),
(20210193, 3, 698.62),
(20210193, 4, 50.00),
(20210195, 1, 250.00),
(20210195, 2, 207.05),
(20210195, 3, 1250.00),
(20210195, 4, 90.00),
(20210196, 1, 100.00),
(20210196, 2, 194.50),
(20210196, 3, 510.00),
(20210196, 4, 0.00),
(20210197, 1, 0.00),
(20210197, 2, 395.58),
(20210197, 3, 1337.24),
(20210197, 4, 0.00),
(20210198, 1, 50.00),
(20210198, 2, 103.82),
(20210198, 3, 1140.00),
(20210198, 4, 0.00),
(20210199, 1, 100.00),
(20210199, 2, 141.38),
(20210199, 3, 1139.31),
(20210199, 4, 100.00),
(20210200, 1, 70.00),
(20210200, 2, 183.51),
(20210200, 3, 399.31),
(20210200, 4, 100.00),
(20210201, 1, 150.00),
(20210201, 2, 119.21),
(20210201, 3, 460.00),
(20210201, 4, 100.00),
(20210204, 1, 100.00),
(20210204, 2, 82.82),
(20210204, 3, 480.00),
(20210204, 4, 150.00),
(20210205, 1, 100.00),
(20210205, 2, 133.10),
(20210205, 3, 669.31),
(20210205, 4, 0.00),
(20210206, 1, 100.00),
(20210206, 2, 189.90),
(20210206, 3, 659.31),
(20210206, 4, 0.00),
(20210207, 1, 90.00),
(20210207, 2, 433.76),
(20210207, 3, 1078.62),
(20210207, 4, 89.31),
(20210208, 1, 200.00),
(20210208, 2, 181.00),
(20210208, 3, 809.31),
(20210208, 4, 70.00),
(20210209, 1, 0.00),
(20210209, 2, 448.40),
(20210209, 3, 998.62),
(20210209, 4, 0.00),
(20210210, 1, 19.31),
(20210210, 2, 182.79),
(20210210, 3, 589.31),
(20210210, 4, 100.00),
(20210211, 1, 0.00),
(20210211, 2, 270.67),
(20210211, 3, 511.67),
(20210211, 4, 40.00),
(20210212, 1, 300.00),
(20210212, 2, 224.20),
(20210212, 3, 1109.31),
(20210212, 4, 240.00),
(20210213, 1, 50.00),
(20210213, 2, 112.10),
(20210213, 3, 590.00),
(20210213, 4, 50.00),
(20210214, 1, 0.00),
(20210214, 2, 294.89),
(20210214, 3, 588.62),
(20210214, 4, 100.00),
(20210215, 1, 100.00),
(20210215, 2, 121.72),
(20210215, 3, 570.00),
(20210215, 4, 80.00),
(20210216, 1, 50.00),
(20210216, 2, 80.31),
(20210216, 3, 470.00),
(20210216, 4, 50.00),
(20210217, 1, 270.00),
(20210217, 2, 281.69),
(20210217, 3, 1069.31),
(20210217, 4, 100.00),
(20210218, 1, 100.00),
(20210218, 2, 212.07),
(20210218, 3, 827.93),
(20210218, 4, 170.00),
(20210219, 1, 0.00),
(20210219, 2, 375.20),
(20210219, 3, 1029.31),
(20210219, 4, 19.31),
(20210220, 1, 90.00),
(20210220, 2, 448.40),
(20210220, 3, 338.62),
(20210220, 4, 0.00),
(20210221, 1, 50.00),
(20210221, 2, 80.31),
(20210221, 3, 900.00),
(20210221, 4, 0.00),
(20210222, 1, 159.31),
(20210222, 2, 324.17),
(20210222, 3, 1110.00),
(20210222, 4, 69.31),
(20210223, 1, 0.00),
(20210223, 2, 70.69),
(20210223, 3, 199.31),
(20210223, 4, 50.00),
(20210224, 1, 100.00),
(20210224, 2, 100.69),
(20210224, 3, 609.31),
(20210224, 4, 100.00),
(20210225, 1, 150.00),
(20210225, 2, 228.79),
(20210225, 3, 538.62),
(20210225, 4, 70.00),
(20210226, 1, 50.00),
(20210226, 2, 243.44),
(20210226, 3, 540.00),
(20210226, 4, 50.00),
(20210227, 1, 150.00),
(20210227, 2, 294.89),
(20210227, 3, 929.31),
(20210227, 4, 128.62),
(20210228, 1, 50.00),
(20210228, 2, 407.71),
(20210228, 3, 349.31),
(20210228, 4, 120.00),
(20220004, 1, 50.00),
(20220004, 2, 365.10),
(20220004, 3, 1349.31),
(20220004, 4, 50.00),
(20220005, 1, 0.00),
(20220005, 2, 212.07),
(20220005, 3, 1220.00),
(20220005, 4, 0.00),
(20220006, 1, 69.31),
(20220006, 2, 274.58),
(20220006, 3, 469.31),
(20220006, 4, 50.00),
(20220007, 1, 140.00),
(20220007, 2, 124.23),
(20220007, 3, 430.00),
(20220007, 4, 50.00),
(20220008, 1, 0.00),
(20220008, 2, 77.80),
(20220008, 3, 790.00),
(20220008, 4, 120.00),
(20220009, 1, 0.00),
(20220009, 2, 253.48),
(20220009, 3, 1168.62),
(20220009, 4, 190.00),
(20220010, 1, 140.00),
(20220010, 2, 70.69),
(20220010, 3, 119.31),
(20220010, 4, 50.00),
(20220011, 1, 190.00),
(20220011, 2, 487.30),
(20220011, 3, 807.93),
(20220011, 4, 100.00),
(20220012, 1, 50.00),
(20220012, 2, 182.79),
(20220012, 3, 658.62),
(20220012, 4, 0.00),
(20220013, 1, 120.00),
(20220013, 2, 160.62),
(20220013, 3, 660.00),
(20220013, 4, 50.00),
(20220014, 1, 210.00),
(20220014, 2, 182.79),
(20220014, 3, 1198.62),
(20220014, 4, 150.00),
(20220015, 1, 90.00),
(20220015, 2, 236.33),
(20220015, 3, 1190.00),
(20220015, 4, 100.00),
(20220016, 1, 0.00),
(20220016, 2, 378.43),
(20220016, 3, 608.62),
(20220016, 4, 0.00),
(20220017, 1, 50.00),
(20220017, 2, 224.20),
(20220017, 3, 558.62),
(20220017, 4, 0.00),
(20220018, 1, 90.00),
(20220018, 2, 112.10),
(20220018, 3, 730.00),
(20220018, 4, 69.30),
(20220019, 1, 420.00),
(20220019, 2, 398.71),
(20220019, 3, 858.62),
(20220019, 4, 0.00),
(20220020, 1, 90.00),
(20220020, 2, 265.61),
(20220020, 3, 770.00),
(20220020, 4, 50.00),
(20220021, 1, 230.00),
(20220021, 2, 87.41),
(20220021, 3, 980.00),
(20220021, 4, 200.00),
(20220022, 1, 100.00),
(20220022, 2, 253.48),
(20220022, 3, 1059.31),
(20220022, 4, 50.00),
(20220023, 1, 120.00),
(20220023, 2, 208.39),
(20220023, 3, 380.00),
(20220023, 4, 100.00),
(20220024, 1, 100.00),
(20220024, 2, 236.33),
(20220024, 3, 900.00),
(20220024, 4, 90.00),
(20220025, 1, 360.00),
(20220025, 2, 182.79),
(20220025, 3, 690.00),
(20220025, 4, 219.31),
(20220026, 1, 90.00),
(20220026, 2, 194.92),
(20220026, 3, 540.00),
(20220026, 4, 50.00),
(20220027, 1, 150.00),
(20220027, 2, 294.89),
(20220027, 3, 1038.62),
(20220027, 4, 140.00),
(20220028, 1, 0.00),
(20220028, 2, 82.82),
(20220028, 3, 660.00),
(20220028, 4, 150.00),
(20220029, 1, 230.00),
(20220029, 2, 253.48),
(20220029, 3, 977.93),
(20220029, 4, 100.00),
(20220030, 1, 50.00),
(20220030, 2, 182.79),
(20220030, 3, 609.31),
(20220030, 4, 90.00),
(20220031, 1, 140.00),
(20220031, 2, 248.46),
(20220031, 3, 1120.00),
(20220031, 4, 50.00),
(20220032, 1, 90.00),
(20220032, 2, 275.23),
(20220032, 3, 1050.00),
(20220032, 4, 90.00),
(20220033, 1, 170.00),
(20220033, 2, 112.10),
(20220033, 3, 559.31),
(20220033, 4, 50.00),
(20220034, 1, 190.00),
(20220034, 2, 307.02),
(20220034, 3, 669.31),
(20220034, 4, 50.00),
(20220035, 1, 100.00),
(20220035, 2, 212.79),
(20220035, 3, 870.00),
(20220035, 4, 50.00),
(20220036, 1, 0.00),
(20220036, 2, 448.40),
(20220036, 3, 1158.62),
(20220036, 4, 69.31),
(20220037, 1, 370.00),
(20220037, 2, 182.79),
(20220037, 3, 770.00),
(20220037, 4, 130.00),
(20220038, 1, 290.00),
(20220038, 2, 38.90),
(20220038, 3, 390.00),
(20220038, 4, 0.00),
(20220039, 1, 100.00),
(20220039, 2, 224.92),
(20220039, 3, 900.00),
(20220039, 4, 150.00),
(20220041, 1, 100.00),
(20220041, 2, 377.71),
(20220041, 3, 910.00),
(20220041, 4, 90.00),
(20220042, 1, 169.31),
(20220042, 2, 141.38),
(20220042, 3, 650.00),
(20220042, 4, 100.00),
(20220043, 1, 160.00),
(20220043, 2, 266.33),
(20220043, 3, 420.00),
(20220043, 4, 0.00),
(20220044, 1, 100.00),
(20220044, 2, 265.61),
(20220044, 3, 918.62),
(20220044, 4, 150.00),
(20220045, 1, 100.00),
(20220045, 2, 265.61),
(20220045, 3, 1128.62),
(20220045, 4, 100.00),
(20220046, 1, 140.00),
(20220046, 2, 70.69),
(20220046, 3, 529.31),
(20220046, 4, 100.00),
(20220047, 1, 100.00),
(20220047, 2, 265.61),
(20220047, 3, 520.00),
(20220047, 4, 88.62),
(20220048, 1, 100.00),
(20220048, 2, 158.11),
(20220048, 3, 570.00),
(20220048, 4, 0.00),
(20220049, 1, 100.00),
(20220049, 2, 112.10),
(20220049, 3, 560.00),
(20220049, 4, 50.00),
(20220051, 1, 190.00),
(20220051, 2, 436.27),
(20220051, 3, 1107.24),
(20220051, 4, 0.00),
(20220052, 1, 50.00),
(20220052, 2, 0.00),
(20220052, 3, 790.00),
(20220052, 4, 100.00),
(20220053, 1, 90.00),
(20220053, 2, 426.82),
(20220053, 3, 708.62),
(20220053, 4, 0.00),
(20220054, 1, 50.00),
(20220054, 2, 90.00),
(20220054, 3, 389.48),
(20220054, 4, 298.62),
(20220056, 1, 90.00),
(20220056, 2, 224.20),
(20220056, 3, 699.31),
(20220056, 4, 50.00),
(20220057, 1, 0.00),
(20220057, 2, 253.48),
(20220057, 3, 747.41),
(20220057, 4, 0.00),
(20220058, 1, 50.00),
(20220058, 2, 278.80),
(20220058, 3, 439.31),
(20220058, 4, 50.00),
(20220059, 1, 0.00),
(20220059, 2, 389.84),
(20220059, 3, 1228.62),
(20220059, 4, 0.00),
(20220060, 1, 50.00),
(20220060, 2, 460.53),
(20220060, 3, 457.93),
(20220060, 4, 0.00),
(20220063, 1, 50.00),
(20220063, 2, 119.21),
(20220063, 3, 340.00),
(20220063, 4, 285.00),
(20220064, 1, 230.00),
(20220064, 2, 519.09),
(20220064, 3, 838.62),
(20220064, 4, 140.00),
(20220065, 1, 249.31),
(20220065, 2, 324.17),
(20220065, 3, 768.62),
(20220065, 4, 100.00),
(20220066, 1, 50.00),
(20220066, 2, 194.92),
(20220066, 3, 629.31),
(20220066, 4, 150.00),
(20220067, 1, 0.00),
(20220067, 2, 158.10),
(20220067, 3, 540.00),
(20220067, 4, 150.00),
(20220068, 1, 70.00),
(20220068, 2, 82.82),
(20220068, 3, 700.00),
(20220068, 4, 0.00),
(20220069, 1, 170.00),
(20220069, 2, 194.92),
(20220069, 3, 920.00),
(20220069, 4, 100.00),
(20220070, 1, 50.00),
(20220070, 2, 236.33),
(20220070, 3, 779.11),
(20220070, 4, 0.00),
(20220071, 1, 100.00),
(20220071, 2, 265.61),
(20220071, 3, 1259.31),
(20220071, 4, 190.00),
(20220072, 1, 50.00),
(20220072, 2, 70.69),
(20220072, 3, 959.31),
(20220072, 4, 0.00),
(20220073, 1, 150.00),
(20220073, 2, 243.44),
(20220073, 3, 700.00),
(20220073, 4, 0.00),
(20220074, 1, 0.00),
(20220074, 2, 377.71),
(20220074, 3, 1187.93),
(20220074, 4, 100.00),
(20220075, 1, 190.00),
(20220075, 2, 112.10),
(20220075, 3, 1199.31),
(20220075, 4, 150.00),
(20220077, 1, 140.00),
(20220077, 2, 154.23),
(20220077, 3, 960.00),
(20220077, 4, 100.00),
(20220078, 1, 250.00),
(20220078, 2, 0.00),
(20220078, 3, 860.00),
(20220078, 4, 70.00),
(20220079, 1, 140.00),
(20220079, 2, 477.38),
(20220079, 3, 879.31),
(20220079, 4, 208.62),
(20220080, 1, 150.00),
(20220080, 2, 124.23),
(20220080, 3, 950.00),
(20220080, 4, 0.00),
(20220081, 1, 0.00),
(20220081, 2, 194.92),
(20220081, 3, 1159.31),
(20220081, 4, 210.00),
(20220082, 1, 0.00),
(20220082, 2, 389.84),
(20220082, 3, 760.00),
(20220082, 4, 240.00),
(20220083, 1, 220.00),
(20220083, 2, 272.72),
(20220083, 3, 310.00),
(20220083, 4, 190.00),
(20220084, 1, 100.00),
(20220084, 2, 224.20),
(20220084, 3, 1010.00),
(20220084, 4, 100.00),
(20220085, 1, 240.00),
(20220085, 2, 165.64),
(20220085, 3, 940.00),
(20220085, 4, 0.00),
(20220087, 1, 100.00),
(20220087, 2, 0.00),
(20220087, 3, 590.00),
(20220087, 4, 50.00),
(20220088, 1, 100.00),
(20220088, 2, 197.01),
(20220088, 3, 490.00),
(20220088, 4, 50.00),
(20220089, 1, 190.00),
(20220089, 2, 112.10),
(20220089, 3, 889.31),
(20220089, 4, 260.00),
(20220090, 1, 320.00),
(20220090, 2, 70.69),
(20220090, 3, 680.00),
(20220090, 4, 80.00),
(20220091, 1, 280.00),
(20220091, 2, 324.17),
(20220091, 3, 1058.62),
(20220091, 4, 100.00),
(20220092, 1, 0.00),
(20220092, 2, 41.41),
(20220092, 3, 630.00),
(20220092, 4, 50.00),
(20220093, 1, 330.00),
(20220093, 2, 77.80),
(20220093, 3, 510.00),
(20220093, 4, 50.00),
(20220094, 1, 100.00),
(20220094, 2, 319.15),
(20220094, 3, 1080.00),
(20220094, 4, 50.00),
(20220095, 1, 230.00),
(20220095, 2, 311.61),
(20220095, 3, 949.31),
(20220095, 4, 50.00),
(20220096, 1, 50.00),
(20220096, 2, 112.10),
(20220096, 3, 609.31),
(20220096, 4, 0.00),
(20220097, 1, 0.00),
(20220097, 2, 153.51),
(20220097, 3, 409.31),
(20220097, 4, 120.00),
(20220098, 1, 100.00),
(20220098, 2, 119.21),
(20220098, 3, 450.00),
(20220098, 4, 150.00),
(20220099, 1, 330.00),
(20220099, 2, 232.79),
(20220099, 3, 849.31),
(20220099, 4, 70.00),
(20220100, 1, 50.00),
(20220100, 2, 165.64),
(20220100, 3, 810.00),
(20220100, 4, 220.00),
(20220101, 1, 280.00),
(20220101, 2, 224.20),
(20220101, 3, 549.31),
(20220101, 4, 200.00),
(20220102, 1, 0.00),
(20220102, 2, 182.79),
(20220102, 3, 489.31),
(20220102, 4, 240.00),
(20220103, 1, 170.00),
(20220103, 2, 192.41),
(20220103, 3, 589.31),
(20220103, 4, 80.00),
(20220112, 1, 100.00),
(20220112, 2, 0.00),
(20220112, 3, 350.00),
(20220112, 4, 70.00),
(20220113, 1, 300.00),
(20220113, 2, 0.00),
(20220113, 3, 1140.00),
(20220113, 4, 170.00),
(20220114, 1, 90.00),
(20220114, 2, 0.00),
(20220114, 3, 880.00),
(20220114, 4, 0.00),
(20220115, 1, 90.00),
(20220115, 2, 142.10),
(20220115, 3, 629.31),
(20220115, 4, 90.00),
(20220116, 1, 159.31),
(20220116, 2, 348.43),
(20220116, 3, 359.31),
(20220116, 4, 0.00),
(20220117, 1, 200.00),
(20220117, 2, 80.31),
(20220117, 3, 440.00),
(20220117, 4, 100.00),
(20220118, 1, 150.00),
(20220118, 2, 412.30),
(20220118, 3, 699.31),
(20220118, 4, 119.31),
(20220119, 1, 100.00),
(20220119, 2, 70.69),
(20220119, 3, 829.31),
(20220119, 4, 100.00),
(20220120, 1, 50.00),
(20220120, 2, 324.17),
(20220120, 3, 1067.93),
(20220120, 4, 270.00),
(20220121, 1, 0.00),
(20220121, 2, 98.92),
(20220121, 3, 670.00),
(20220121, 4, 0.00),
(20220122, 1, 120.00),
(20220122, 2, 77.80),
(20220122, 3, 490.00),
(20220122, 4, 110.00),
(20220123, 1, 100.00),
(20220123, 2, 477.68),
(20220123, 3, 687.93),
(20220123, 4, 150.00),
(20220124, 1, 290.00),
(20220124, 2, 307.02),
(20220124, 3, 609.31),
(20220124, 4, 0.00),
(20220125, 1, 150.00),
(20220125, 2, 274.48),
(20220125, 3, 440.00),
(20220125, 4, 69.31),
(20220126, 1, 100.00),
(20220126, 2, 80.31),
(20220126, 3, 470.00),
(20220126, 4, 50.00),
(20220127, 1, 210.00),
(20220127, 2, 70.69),
(20220127, 3, 919.31),
(20220127, 4, 0.00),
(20220128, 1, 0.00),
(20220128, 2, 253.48),
(20220128, 3, 1318.62),
(20220128, 4, 0.00),
(20220129, 1, 170.00),
(20220129, 2, 112.10),
(20220129, 3, 679.31),
(20220129, 4, 0.00),
(20220130, 1, 300.00),
(20220130, 2, 30.00),
(20220130, 3, 350.00),
(20220130, 4, 170.00),
(20220131, 1, 350.00),
(20220131, 2, 265.61),
(20220131, 3, 690.00),
(20220131, 4, 120.00),
(20220132, 1, 100.00),
(20220132, 2, 253.48),
(20220132, 3, 858.62),
(20220132, 4, 200.00),
(20220133, 1, 120.00),
(20220133, 2, 153.31),
(20220133, 3, 530.00),
(20220133, 4, 240.00),
(20220134, 1, 0.00),
(20220134, 2, 194.42),
(20220134, 3, 539.31),
(20220134, 4, 50.00),
(20220135, 1, 50.00),
(20220135, 2, 41.41),
(20220135, 3, 550.00),
(20220135, 4, 100.00),
(20220137, 1, 100.00),
(20220137, 2, 283.48),
(20220137, 3, 608.62),
(20220137, 4, 0.00),
(20220138, 1, 200.00),
(20220138, 2, 295.61),
(20220138, 3, 859.31),
(20220138, 4, 100.00),
(20220139, 1, 200.00),
(20220139, 2, 124.23),
(20220139, 3, 580.00),
(20220139, 4, 0.00),
(20220140, 1, 50.00),
(20220140, 2, 304.51),
(20220140, 3, 508.62),
(20220140, 4, 50.00),
(20220141, 1, 100.00),
(20220141, 2, 236.33),
(20220141, 3, 700.00),
(20220141, 4, 90.00),
(20220142, 1, 0.00),
(20220142, 2, 265.61),
(20220142, 3, 589.31),
(20220142, 4, 0.00),
(20220143, 1, 0.00),
(20220143, 2, 112.82),
(20220143, 3, 770.00),
(20220143, 4, 0.00),
(20220144, 1, 180.00),
(20220144, 2, 192.41),
(20220144, 3, 800.00),
(20220144, 4, 50.00),
(20220145, 1, 0.00),
(20220145, 2, 277.32),
(20220145, 3, 370.00),
(20220145, 4, 100.00),
(20220146, 1, 330.00),
(20220146, 2, 204.51),
(20220146, 3, 910.00),
(20220146, 4, 140.00),
(20220148, 1, 0.00),
(20220148, 2, 495.55),
(20220148, 3, 839.31),
(20220148, 4, 269.31),
(20220149, 1, 0.00),
(20220149, 2, 377.71),
(20220149, 3, 859.31),
(20220149, 4, 138.62),
(20220150, 1, 0.00),
(20220150, 2, 82.82),
(20220150, 3, 550.00),
(20220150, 4, 100.00),
(20220151, 1, 0.00),
(20220151, 2, 224.20),
(20220151, 3, 690.00),
(20220151, 4, 50.00),
(20220152, 1, 0.00),
(20220152, 2, 141.38),
(20220152, 3, 1030.00),
(20220152, 4, 50.00),
(20220169, 1, 100.00),
(20220169, 2, 360.56),
(20220169, 3, 830.00),
(20220169, 4, 0.00),
(20220170, 1, 120.00),
(20220170, 2, 192.41),
(20220170, 3, 669.31),
(20220170, 4, 50.00),
(20220171, 1, 0.00),
(20220171, 2, 253.48),
(20220171, 3, 1138.62),
(20220171, 4, 50.00),
(20220172, 1, 299.31),
(20220172, 2, 465.55),
(20220172, 3, 637.24),
(20220172, 4, 50.00),
(20220173, 1, 0.00),
(20220173, 2, 224.20),
(20220173, 3, 539.31),
(20220173, 4, 100.00),
(20220174, 1, 50.00),
(20220174, 2, 294.89),
(20220174, 3, 558.62),
(20220174, 4, 50.00),
(20220175, 1, 50.00),
(20220175, 2, 110.31),
(20220175, 3, 560.00),
(20220175, 4, 50.00),
(20220176, 1, 150.00),
(20220176, 2, 165.64),
(20220176, 3, 1030.00),
(20220176, 4, 0.00),
(20220177, 1, 220.00),
(20220177, 2, 336.30),
(20220177, 3, 627.93),
(20220177, 4, 50.00),
(20220178, 1, 90.00),
(20220178, 2, 336.30),
(20220178, 3, 1158.62),
(20220178, 4, 110.00),
(20220179, 1, 140.00),
(20220179, 2, 265.61),
(20220179, 3, 278.62),
(20220179, 4, 50.00),
(20220180, 1, 100.00),
(20220180, 2, 80.31),
(20220180, 3, 900.00),
(20220180, 4, 50.00),
(20220181, 1, 330.00),
(20220181, 2, 82.82),
(20220181, 3, 1050.00),
(20220181, 4, 90.00),
(20220182, 1, 50.00),
(20220182, 2, 307.74),
(20220182, 3, 800.00),
(20220182, 4, 50.00),
(20220183, 1, 0.00),
(20220183, 2, 112.10),
(20220183, 3, 759.31),
(20220183, 4, 100.00),
(20220184, 1, 0.00),
(20220184, 2, 70.69),
(20220184, 3, 540.00),
(20220184, 4, 220.00),
(20220185, 1, 230.00),
(20220185, 2, 158.11),
(20220185, 3, 560.00),
(20220185, 4, 50.00),
(20220186, 1, 50.00),
(20220186, 2, 477.68),
(20220186, 3, 1026.55),
(20220186, 4, 100.00),
(20220187, 1, 140.00),
(20220187, 2, 377.71),
(20220187, 3, 788.62),
(20220187, 4, 50.00),
(20220188, 1, 190.00),
(20220188, 2, 182.79),
(20220188, 3, 1098.62),
(20220188, 4, 230.00),
(20220189, 1, 90.00),
(20220189, 2, 253.48),
(20220189, 3, 609.31),
(20220189, 4, 140.00),
(20220190, 1, 0.00),
(20220190, 2, 82.82),
(20220190, 3, 770.00),
(20220190, 4, 0.00),
(20220191, 1, 159.31),
(20220191, 2, 560.50),
(20220191, 3, 848.62),
(20220191, 4, 230.00),
(20220192, 1, 190.00),
(20220192, 2, 236.33),
(20220192, 3, 860.00),
(20220192, 4, 150.00),
(20220193, 1, 50.00),
(20220193, 2, 406.99),
(20220193, 3, 397.93),
(20220193, 4, 50.00),
(20220194, 1, 229.31),
(20220194, 2, 194.92),
(20220194, 3, 410.00),
(20220194, 4, 50.00),
(20220195, 1, 120.00),
(20220195, 2, 41.41),
(20220195, 3, 800.00),
(20220195, 4, 50.00),
(20220196, 1, 209.31),
(20220196, 2, 448.40),
(20220196, 3, 688.62),
(20220196, 4, 140.00),
(20220197, 1, 140.00),
(20220197, 2, 384.43),
(20220197, 3, 649.31),
(20220197, 4, 100.00),
(20220198, 1, 100.00),
(20220198, 2, 460.53),
(20220198, 3, 858.62),
(20220198, 4, 160.00),
(20220199, 1, 90.00),
(20220199, 2, 194.92),
(20220199, 3, 520.00),
(20220199, 4, 100.00),
(20220200, 1, 370.00),
(20220200, 2, 80.31),
(20220200, 3, 350.00),
(20220200, 4, 0.00),
(20220201, 1, 280.00),
(20220201, 2, 294.89),
(20220201, 3, 718.62),
(20220201, 4, 200.00),
(20220202, 1, 50.00),
(20220202, 2, 224.20),
(20220202, 3, 879.31),
(20220202, 4, 190.00),
(20220203, 1, 0.00),
(20220203, 2, 0.00),
(20220203, 3, 850.00),
(20220203, 4, 0.00),
(20220204, 1, 200.00),
(20220204, 2, 224.92),
(20220204, 3, 269.31),
(20220204, 4, 100.00),
(20220205, 1, 120.00),
(20220205, 2, 197.01),
(20220205, 3, 370.00),
(20220205, 4, 50.00),
(20220206, 1, 190.00),
(20220206, 2, 355.54),
(20220206, 3, 720.00),
(20220206, 4, 150.00),
(20220207, 1, 50.00),
(20220207, 2, 469.40),
(20220207, 3, 637.93),
(20220207, 4, 309.31),
(20220208, 1, 90.00),
(20220208, 2, 448.40),
(20220208, 3, 1078.62),
(20220208, 4, 280.00),
(20220209, 1, 340.00),
(20220209, 2, 224.20),
(20220209, 3, 909.31),
(20220209, 4, 50.00),
(20220210, 1, 240.00),
(20220210, 2, 158.11),
(20220210, 3, 400.00),
(20220210, 4, 240.00),
(20220211, 1, 69.31),
(20220211, 2, 366.30),
(20220211, 3, 1008.62),
(20220211, 4, 50.00),
(20220212, 1, 50.00),
(20220212, 2, 317.20),
(20220212, 3, 550.00),
(20220212, 4, 0.00),
(20220215, 1, 200.00),
(20220215, 2, 80.31),
(20220215, 3, 340.00),
(20220215, 4, 50.00),
(20220216, 1, 100.00),
(20220216, 2, 425.58),
(20220216, 3, 619.31),
(20220216, 4, 0.00),
(20220217, 1, 50.00),
(20220217, 2, 384.89),
(20220217, 3, 828.62),
(20220217, 4, 50.00),
(20220218, 1, 50.00),
(20220218, 2, 466.27),
(20220218, 3, 967.93),
(20220218, 4, 50.00),
(20220219, 1, 0.00),
(20220219, 2, 460.53),
(20220219, 3, 457.93),
(20220219, 4, 50.00),
(20220220, 1, 150.00),
(20220220, 2, 202.03),
(20220220, 3, 390.00),
(20220220, 4, 0.00),
(20220221, 1, 230.00),
(20220221, 2, 295.61),
(20220221, 3, 859.31),
(20220221, 4, 150.00),
(20220223, 1, 0.00),
(20220223, 2, 112.82),
(20220223, 3, 580.00),
(20220223, 4, 140.00),
(20220224, 1, 90.00),
(20220224, 2, 0.00),
(20220224, 3, 720.00),
(20220224, 4, 230.00),
(20220225, 1, 70.00),
(20220225, 2, 240.93),
(20220225, 3, 300.00),
(20220225, 4, 50.00),
(20220226, 1, 280.00),
(20220226, 2, 406.99),
(20220226, 3, 747.24),
(20220226, 4, 140.00),
(20220227, 1, 140.00),
(20220227, 2, 182.79),
(20220227, 3, 979.31),
(20220227, 4, 50.00),
(20220228, 1, 100.00),
(20220228, 2, 337.02),
(20220228, 3, 869.31),
(20220228, 4, 100.00),
(20220229, 1, 0.00),
(20220229, 2, 372.69),
(20220229, 3, 910.00),
(20220229, 4, 120.00),
(20220230, 1, 150.00),
(20220230, 2, 119.21),
(20220230, 3, 610.00),
(20220230, 4, 0.00),
(20220231, 1, 200.00),
(20220231, 2, 265.61),
(20220231, 3, 728.62),
(20220231, 4, 150.00),
(20220232, 1, 0.00),
(20220232, 2, 265.61),
(20220232, 3, 100.00),
(20220232, 4, 100.00),
(20220233, 1, 0.00),
(20220233, 2, 212.79),
(20220233, 3, 590.00),
(20220233, 4, 119.31),
(20220234, 1, 100.00),
(20220234, 2, 365.58),
(20220234, 3, 568.62),
(20220234, 4, 0.00),
(20220235, 1, 50.00),
(20220235, 2, 245.95),
(20220235, 3, 370.00),
(20220235, 4, 0.00),
(20220236, 1, 140.00),
(20220236, 2, 294.89),
(20220236, 3, 697.93),
(20220236, 4, 50.00),
(20220237, 1, 50.00),
(20220237, 2, 233.82),
(20220237, 3, 649.31),
(20220237, 4, 50.00),
(20220238, 1, 70.00),
(20220238, 2, 519.09),
(20220238, 3, 977.24),
(20220238, 4, 0.00),
(20220239, 1, 50.00),
(20220239, 2, 182.79),
(20220239, 3, 548.62),
(20220239, 4, 0.00),
(20220240, 1, 100.00),
(20220240, 2, 116.70),
(20220240, 3, 570.00),
(20220240, 4, 70.00),
(20220241, 1, 170.00),
(20220241, 2, 142.10);
INSERT INTO `faits_recettes` (`id_D`, `id_paiement`, `montant`) VALUES
(20220241, 3, 899.31),
(20220241, 4, 150.00),
(20220242, 1, 90.00),
(20220242, 2, 254.20),
(20220242, 3, 738.62),
(20220242, 4, 140.00),
(20220243, 1, 0.00),
(20220243, 2, 224.20),
(20220243, 3, 639.31),
(20220243, 4, 0.00),
(20220244, 1, 50.00),
(20220244, 2, 254.20),
(20220244, 3, 350.00),
(20220244, 4, 19.31),
(20220245, 1, 150.00),
(20220245, 2, 202.03),
(20220245, 3, 460.00),
(20220245, 4, 70.00),
(20220246, 1, 150.00),
(20220246, 2, 419.12),
(20220246, 3, 728.62),
(20220246, 4, 140.00),
(20220247, 1, 120.00),
(20220247, 2, 70.69),
(20220247, 3, 809.31),
(20220247, 4, 0.00),
(20220248, 1, 70.00),
(20220248, 2, 236.33),
(20220248, 3, 1110.00),
(20220248, 4, 270.00),
(20220249, 1, 200.00),
(20220249, 2, 154.23),
(20220249, 3, 500.00),
(20220249, 4, 200.00),
(20220250, 1, 50.00),
(20220250, 2, 267.70),
(20220250, 3, 679.31),
(20220250, 4, 0.00),
(20230005, 1, 0.00),
(20230005, 2, 294.89),
(20230005, 3, 898.62),
(20230005, 4, 50.00),
(20230006, 1, 120.00),
(20230006, 2, 182.79),
(20230006, 3, 469.31),
(20230006, 4, 50.00),
(20230007, 1, 270.00),
(20230007, 2, 70.69),
(20230007, 3, 579.31),
(20230007, 4, 50.00),
(20230008, 1, 150.00),
(20230008, 2, 80.31),
(20230008, 3, 520.00),
(20230008, 4, 50.00),
(20230009, 1, 100.00),
(20230009, 2, 194.92),
(20230009, 3, 809.31),
(20230009, 4, 290.00),
(20230010, 1, 50.00),
(20230010, 2, 212.79),
(20230010, 3, 739.31),
(20230010, 4, 19.31),
(20230011, 1, 280.00),
(20230011, 2, 328.02),
(20230011, 3, 668.62),
(20230011, 4, 150.00),
(20230012, 1, 50.00),
(20230012, 2, 112.10),
(20230012, 3, 789.31),
(20230012, 4, 0.00),
(20230013, 1, 150.00),
(20230013, 2, 279.83),
(20230013, 3, 490.00),
(20230013, 4, 100.00),
(20230014, 1, 140.00),
(20230014, 2, 294.89),
(20230014, 3, 1308.62),
(20230014, 4, 50.00),
(20230015, 1, 270.00),
(20230015, 2, 236.33),
(20230015, 3, 660.00),
(20230015, 4, 90.00),
(20230016, 1, 0.00),
(20230016, 2, 124.23),
(20230016, 3, 800.00),
(20230016, 4, 30.00),
(20230017, 1, 0.00),
(20230017, 2, 112.82),
(20230017, 3, 730.00),
(20230017, 4, 100.00),
(20230018, 1, 50.00),
(20230018, 2, 163.13),
(20230018, 3, 640.00),
(20230018, 4, 50.00),
(20230019, 1, 140.00),
(20230019, 2, 124.23),
(20230019, 3, 1280.00),
(20230019, 4, 50.00),
(20230020, 1, 190.00),
(20230020, 2, 112.10),
(20230020, 3, 1070.00),
(20230020, 4, 30.00),
(20230021, 1, 150.00),
(20230021, 2, 294.89),
(20230021, 3, 969.31),
(20230021, 4, 240.00),
(20230022, 1, 0.00),
(20230022, 2, 333.33),
(20230022, 3, 499.31),
(20230022, 4, 0.00),
(20230023, 1, 0.00),
(20230023, 2, 224.20),
(20230023, 3, 850.00),
(20230023, 4, 119.31),
(20230024, 1, 360.00),
(20230024, 2, 460.53),
(20230024, 3, 879.31),
(20230024, 4, 50.00),
(20230025, 1, 120.00),
(20230025, 2, 277.32),
(20230025, 3, 280.00),
(20230025, 4, 0.00),
(20230026, 1, 50.00),
(20230026, 2, 298.74),
(20230026, 3, 760.00),
(20230026, 4, 150.00),
(20230027, 1, 50.00),
(20230027, 2, 277.74),
(20230027, 3, 1320.00),
(20230027, 4, 0.00),
(20230028, 1, 50.00),
(20230028, 2, 282.34),
(20230028, 3, 520.00),
(20230028, 4, 0.00),
(20230029, 1, 100.00),
(20230029, 2, 41.41),
(20230029, 3, 1230.00),
(20230029, 4, 50.00),
(20230030, 1, 230.00),
(20230030, 2, 265.61),
(20230030, 3, 690.00),
(20230030, 4, 50.00),
(20230031, 1, 169.31),
(20230031, 2, 153.51),
(20230031, 3, 1170.00),
(20230031, 4, 0.00),
(20230032, 1, 90.00),
(20230032, 2, 112.10),
(20230032, 3, 1290.00),
(20230032, 4, 150.00),
(20230033, 1, 100.00),
(20230033, 2, 231.31),
(20230033, 3, 820.00),
(20230033, 4, 0.00),
(20230034, 1, 100.00),
(20230034, 2, 265.61),
(20230034, 3, 1258.62),
(20230034, 4, 100.00),
(20230035, 1, 50.00),
(20230035, 2, 194.92),
(20230035, 3, 669.31),
(20230035, 4, 0.00),
(20230036, 1, 0.00),
(20230036, 2, 298.74),
(20230036, 3, 570.00),
(20230036, 4, 0.00),
(20230037, 1, 0.00),
(20230037, 2, 0.00),
(20230037, 3, 620.00),
(20230037, 4, 120.00),
(20230038, 1, 270.00),
(20230038, 2, 160.62),
(20230038, 3, 450.00),
(20230038, 4, 0.00),
(20230039, 1, 119.31),
(20230039, 2, 377.71),
(20230039, 3, 1170.00),
(20230039, 4, 100.00),
(20230041, 1, 220.00),
(20230041, 2, 265.61),
(20230041, 3, 979.31),
(20230041, 4, 50.00),
(20230042, 1, 100.00),
(20230042, 2, 194.92),
(20230042, 3, 469.31),
(20230042, 4, 50.00),
(20230043, 1, 50.00),
(20230043, 2, 310.59),
(20230043, 3, 389.31),
(20230043, 4, 0.00),
(20230044, 1, 120.00),
(20230044, 2, 348.43),
(20230044, 3, 898.62),
(20230044, 4, 100.00),
(20230045, 1, 100.00),
(20230045, 2, 182.79),
(20230045, 3, 870.00),
(20230045, 4, 190.00),
(20230046, 1, 50.00),
(20230046, 2, 41.41),
(20230046, 3, 470.00),
(20230046, 4, 140.00),
(20230047, 1, 0.00),
(20230047, 2, 124.23),
(20230047, 3, 370.00),
(20230047, 4, 250.00),
(20230048, 1, 250.00),
(20230048, 2, 119.21),
(20230048, 3, 400.00),
(20230048, 4, 150.00),
(20230049, 1, 180.00),
(20230049, 2, 582.25),
(20230049, 3, 739.31),
(20230049, 4, 50.00),
(20230050, 1, 0.00),
(20230050, 2, 307.02),
(20230050, 3, 950.00),
(20230050, 4, 0.00),
(20230051, 1, 120.00),
(20230051, 2, 383.45),
(20230051, 3, 1118.62),
(20230051, 4, 67.00),
(20230052, 1, 150.00),
(20230052, 2, 41.41),
(20230052, 3, 710.00),
(20230052, 4, 0.00),
(20230053, 1, 0.00),
(20230053, 2, 382.31),
(20230053, 3, 489.31),
(20230053, 4, 0.00),
(20230054, 1, 180.00),
(20230054, 2, 406.99),
(20230054, 3, 668.62),
(20230054, 4, 150.00),
(20230055, 1, 140.00),
(20230055, 2, 236.33),
(20230055, 3, 899.31),
(20230055, 4, 150.00),
(20230056, 1, 50.00),
(20230056, 2, 82.82),
(20230056, 3, 790.00),
(20230056, 4, 0.00),
(20230057, 1, 0.00),
(20230057, 2, 254.92),
(20230057, 3, 780.00),
(20230057, 4, 0.00),
(20230058, 1, 320.00),
(20230058, 2, 282.34),
(20230058, 3, 590.00),
(20230058, 4, 0.00),
(20230059, 1, 220.00),
(20230059, 2, 211.64),
(20230059, 3, 1470.00),
(20230059, 4, 0.00),
(20230060, 1, 50.00),
(20230060, 2, 112.10),
(20230060, 3, 1030.00),
(20230060, 4, 100.00),
(20230061, 1, 190.00),
(20230061, 2, 319.15),
(20230061, 3, 760.00),
(20230061, 4, 90.00),
(20230062, 1, 200.00),
(20230062, 2, 70.69),
(20230062, 3, 269.31),
(20230062, 4, 190.00),
(20230063, 1, 190.00),
(20230063, 2, 223.03),
(20230063, 3, 560.00),
(20230063, 4, 100.00),
(20230064, 1, 90.00),
(20230064, 2, 395.58),
(20230064, 3, 988.62),
(20230064, 4, 100.00),
(20230065, 1, 50.00),
(20230065, 2, 336.30),
(20230065, 3, 648.62),
(20230065, 4, 0.00),
(20230066, 1, 0.00),
(20230066, 2, 336.30),
(20230066, 3, 549.31),
(20230066, 4, 100.00),
(20230067, 1, 50.00),
(20230067, 2, 70.69),
(20230067, 3, 659.31),
(20230067, 4, 50.00),
(20230068, 1, 270.00),
(20230068, 2, 77.80),
(20230068, 3, 560.00),
(20230068, 4, 150.00),
(20230069, 1, 180.00),
(20230069, 2, 449.12),
(20230069, 3, 938.62),
(20230069, 4, 90.00),
(20230070, 1, 90.00),
(20230070, 2, 153.51),
(20230070, 3, 1049.31),
(20230070, 4, 50.00),
(20230072, 1, 50.00),
(20230072, 2, 236.33),
(20230072, 3, 1119.31),
(20230072, 4, 150.00),
(20230073, 1, 300.00),
(20230073, 2, 243.44),
(20230073, 3, 670.00),
(20230073, 4, 150.00),
(20230074, 1, 90.00),
(20230074, 2, 307.02),
(20230074, 3, 920.00),
(20230074, 4, 190.00),
(20230075, 1, 190.00),
(20230075, 2, 324.17),
(20230075, 3, 519.31),
(20230075, 4, 200.00),
(20230076, 1, 190.00),
(20230076, 2, 112.10),
(20230076, 3, 1099.31),
(20230076, 4, 190.00),
(20230077, 1, 100.00),
(20230077, 2, 501.94),
(20230077, 3, 519.31),
(20230077, 4, 50.00),
(20230078, 1, 100.00),
(20230078, 2, 274.81),
(20230078, 3, 570.00),
(20230078, 4, 50.00),
(20230079, 1, 240.00),
(20230079, 2, 207.05),
(20230079, 3, 1080.00),
(20230079, 4, 70.00),
(20230081, 1, 190.00),
(20230081, 2, 194.92),
(20230081, 3, 1599.31),
(20230081, 4, 50.00),
(20230082, 1, 50.00),
(20230082, 2, 112.10),
(20230082, 3, 169.31),
(20230082, 4, 100.00),
(20230083, 1, 150.00),
(20230083, 2, 202.03),
(20230083, 3, 620.00),
(20230083, 4, 210.00),
(20230084, 1, 140.00),
(20230084, 2, 182.79),
(20230084, 3, 409.31),
(20230084, 4, 0.00),
(20230092, 1, 50.00),
(20230092, 2, 307.02),
(20230092, 3, 800.00),
(20230092, 4, 0.00),
(20230093, 1, 230.00),
(20230093, 2, 116.70),
(20230093, 3, 790.00),
(20230093, 4, 50.00),
(20230094, 1, 280.00),
(20230094, 2, 494.53),
(20230094, 3, 1067.93),
(20230094, 4, 100.00),
(20230095, 1, 140.00),
(20230095, 2, 245.20),
(20230095, 3, 739.31),
(20230095, 4, 90.00),
(20230096, 1, 50.00),
(20230096, 2, 153.51),
(20230096, 3, 679.31),
(20230096, 4, 0.00),
(20230097, 1, 50.00),
(20230097, 2, 153.31),
(20230097, 3, 749.31),
(20230097, 4, 90.00),
(20230098, 1, 170.00),
(20230098, 2, 202.03),
(20230098, 3, 510.00),
(20230098, 4, 200.00),
(20230102, 1, 50.00),
(20230102, 2, 307.02),
(20230102, 3, 670.00),
(20230102, 4, 0.00),
(20230103, 1, 120.00),
(20230103, 2, 328.77),
(20230103, 3, 860.00),
(20230103, 4, 0.00),
(20230104, 1, 159.31),
(20230104, 2, 212.07),
(20230104, 3, 1340.00),
(20230104, 4, 160.00),
(20230105, 1, 190.00),
(20230105, 2, 324.17),
(20230105, 3, 768.00),
(20230105, 4, 90.00),
(20230107, 1, 100.00),
(20230107, 2, 224.20),
(20230107, 3, 1119.31),
(20230107, 4, 169.31),
(20230108, 1, 150.00),
(20230108, 2, 82.82),
(20230108, 3, 600.00),
(20230108, 4, 125.00),
(20230109, 1, 290.00),
(20230109, 2, 419.12),
(20230109, 3, 782.62),
(20230109, 4, 150.00),
(20230110, 1, 100.00),
(20230110, 2, 41.41),
(20230110, 3, 1030.00),
(20230110, 4, 0.00),
(20230114, 1, 0.00),
(20230114, 2, 41.41),
(20230114, 3, 480.00),
(20230114, 4, 50.00),
(20230115, 1, 50.00),
(20230115, 2, 153.51),
(20230115, 3, 1039.31),
(20230115, 4, 50.00),
(20230116, 1, 100.00),
(20230116, 2, 82.82),
(20230116, 3, 790.00),
(20230116, 4, 50.00),
(20230117, 1, 100.00),
(20230117, 2, 406.99),
(20230117, 3, 478.60),
(20230117, 4, 50.00),
(20230118, 1, 190.00),
(20230118, 2, 199.52),
(20230118, 3, 550.00),
(20230118, 4, 0.00),
(20230119, 1, 200.00),
(20230119, 2, 489.81),
(20230119, 3, 1257.93),
(20230119, 4, 89.31),
(20230120, 1, 270.00),
(20230120, 2, 224.20),
(20230120, 3, 968.62),
(20230120, 4, 50.00),
(20230121, 1, 50.00),
(20230121, 2, 183.51),
(20230121, 3, 1299.31),
(20230121, 4, 220.00),
(20230122, 1, 50.00),
(20230122, 2, 112.10),
(20230122, 3, 739.31),
(20230122, 4, 190.00),
(20230123, 1, 0.00),
(20230123, 2, 160.62),
(20230123, 3, 670.00),
(20230123, 4, 200.00),
(20230124, 1, 50.00),
(20230124, 2, 307.02),
(20230124, 3, 1029.31),
(20230124, 4, 100.00),
(20230125, 1, 70.00),
(20230125, 2, 324.17),
(20230125, 3, 747.24),
(20230125, 4, 50.00),
(20230126, 1, 50.00),
(20230126, 2, 337.02),
(20230126, 3, 620.00),
(20230126, 4, 0.00),
(20230127, 1, 90.00),
(20230127, 2, 141.38),
(20230127, 3, 789.31),
(20230127, 4, 50.00),
(20230128, 1, 0.00),
(20230128, 2, 146.70),
(20230128, 3, 780.00),
(20230128, 4, 0.00),
(20230129, 1, 240.00),
(20230129, 2, 236.33),
(20230129, 3, 1090.00),
(20230129, 4, 50.00),
(20230131, 1, 180.00),
(20230131, 2, 182.79),
(20230131, 3, 1009.31),
(20230131, 4, 190.00),
(20230132, 1, 0.00),
(20230132, 2, 82.82),
(20230132, 3, 630.00),
(20230132, 4, 50.00),
(20230133, 1, 120.00),
(20230133, 2, 124.23),
(20230133, 3, 750.00),
(20230133, 4, 100.00),
(20230134, 1, 140.00),
(20230134, 2, 436.27),
(20230134, 3, 940.00),
(20230134, 4, 159.31),
(20230135, 1, 90.00),
(20230135, 2, 224.20),
(20230135, 3, 678.62),
(20230135, 4, 50.00),
(20230136, 1, 0.00),
(20230136, 2, 182.79),
(20230136, 3, 649.31),
(20230136, 4, 100.00),
(20230137, 1, 0.00),
(20230137, 2, 224.20),
(20230137, 3, 559.31),
(20230137, 4, 69.31),
(20230138, 1, 50.00),
(20230138, 2, 202.03),
(20230138, 3, 610.00),
(20230138, 4, 50.00),
(20230139, 1, 0.00),
(20230139, 2, 419.84),
(20230139, 3, 1178.62),
(20230139, 4, 190.00),
(20230141, 1, 0.00),
(20230141, 2, 406.99),
(20230141, 3, 1347.93),
(20230141, 4, 150.00),
(20230142, 1, 0.00),
(20230142, 2, 360.56),
(20230142, 3, 919.31),
(20230142, 4, 240.00),
(20230143, 1, 0.00),
(20230143, 2, 41.41),
(20230143, 3, 720.00),
(20230143, 4, 340.00),
(20230144, 1, 90.00),
(20230144, 2, 224.92),
(20230144, 3, 780.00),
(20230144, 4, 300.00),
(20230145, 1, 0.00),
(20230145, 2, 141.38),
(20230145, 3, 740.00),
(20230145, 4, 140.00),
(20230146, 1, 0.00),
(20230146, 2, 308.46),
(20230146, 3, 870.00),
(20230146, 4, 100.00),
(20230147, 1, 0.00),
(20230147, 2, 360.56),
(20230147, 3, 899.31),
(20230147, 4, 50.00),
(20230148, 1, 0.00),
(20230148, 2, 163.13),
(20230148, 3, 660.00),
(20230148, 4, 0.00),
(20230149, 1, 0.00),
(20230149, 2, 0.00),
(20230149, 3, 840.00),
(20230149, 4, 100.00),
(20230150, 1, 0.00),
(20230150, 2, 0.00),
(20230150, 3, 1240.00),
(20230150, 4, 0.00),
(20230151, 1, 0.00),
(20230151, 2, 477.68),
(20230151, 3, 1058.62),
(20230151, 4, 69.31),
(20230152, 1, 0.00),
(20230152, 2, 158.11),
(20230152, 3, 640.00),
(20230152, 4, 50.00),
(20230153, 1, 0.00),
(20230153, 2, 183.51),
(20230153, 3, 570.00),
(20230153, 4, 50.00),
(20230154, 1, 0.00),
(20230154, 2, 100.69),
(20230154, 3, 489.31),
(20230154, 4, 100.00),
(20230170, 1, 0.00),
(20230170, 2, 626.17),
(20230170, 3, 859.31),
(20230170, 4, 139.31),
(20230171, 1, 0.00),
(20230171, 2, 277.74),
(20230171, 3, 1119.31),
(20230171, 4, 200.00),
(20230172, 1, 150.00),
(20230172, 2, 193.00),
(20230172, 3, 720.00),
(20230172, 4, 50.00),
(20230173, 1, 150.00),
(20230173, 2, 224.20),
(20230173, 3, 1219.31),
(20230173, 4, 150.00),
(20230174, 1, 180.00),
(20230174, 2, 307.02),
(20230174, 3, 678.62),
(20230174, 4, 50.00),
(20230175, 1, 0.00),
(20230175, 2, 140.00),
(20230175, 3, 182.79),
(20230175, 4, 749.31),
(20230176, 1, 50.00),
(20230176, 2, 41.41),
(20230176, 3, 720.00),
(20230176, 4, 100.00),
(20230177, 1, 150.00),
(20230177, 2, 121.72),
(20230177, 3, 670.00),
(20230177, 4, 0.00),
(20230178, 1, 0.00),
(20230178, 2, 348.43),
(20230178, 3, 1019.31),
(20230178, 4, 69.31),
(20230180, 1, 180.00),
(20230180, 2, 519.81),
(20230180, 3, 1017.93),
(20230180, 4, 50.00),
(20230181, 1, 0.00),
(20230181, 2, 112.10),
(20230181, 3, 820.00),
(20230181, 4, 0.00),
(20230182, 1, 100.00),
(20230182, 2, 229.52),
(20230182, 3, 440.00),
(20230182, 4, 50.00),
(20230183, 1, 0.00),
(20230183, 2, 458.02),
(20230183, 3, 808.62),
(20230183, 4, 100.00),
(20230184, 1, 100.00),
(20230184, 2, 265.61),
(20230184, 3, 998.62),
(20230184, 4, 90.00),
(20230185, 1, 90.00),
(20230185, 2, 165.64),
(20230185, 3, 570.00),
(20230185, 4, 0.00),
(20230186, 1, 0.00),
(20230186, 2, 112.10),
(20230186, 3, 500.00),
(20230186, 4, 100.00),
(20230187, 1, 140.00),
(20230187, 2, 163.13),
(20230187, 3, 780.00),
(20230187, 4, 50.00),
(20230188, 1, 90.00),
(20230188, 2, 294.89),
(20230188, 3, 1139.31),
(20230188, 4, 90.00),
(20230189, 1, 140.00),
(20230189, 2, 253.48),
(20230189, 3, 667.93),
(20230189, 4, 90.00),
(20230190, 1, 100.00),
(20230190, 2, 277.74),
(20230190, 3, 1109.31),
(20230190, 4, 50.00),
(20230191, 1, 50.00),
(20230191, 2, 319.15),
(20230191, 3, 430.00),
(20230191, 4, 0.00),
(20230192, 1, 70.00),
(20230192, 2, 124.23),
(20230192, 3, 670.00),
(20230192, 4, 0.00),
(20230193, 1, 50.00),
(20230193, 2, 514.07),
(20230193, 3, 938.62),
(20230193, 4, 100.00),
(20230194, 1, 0.00),
(20230194, 2, 395.58),
(20230194, 3, 478.62),
(20230194, 4, 100.00),
(20230195, 1, 0.00),
(20230195, 2, 282.76),
(20230195, 3, 567.93),
(20230195, 4, 50.00),
(20230196, 1, 90.00),
(20230196, 2, 70.69),
(20230196, 3, 810.00),
(20230196, 4, 50.00),
(20230197, 1, 150.00),
(20230197, 2, 112.10),
(20230197, 3, 639.31),
(20230197, 4, 50.00),
(20230198, 1, 90.00),
(20230198, 2, 489.81),
(20230198, 3, 1109.31),
(20230198, 4, 100.00),
(20230199, 1, 90.00),
(20230199, 2, 312.76),
(20230199, 3, 758.62),
(20230199, 4, 100.00),
(20230200, 1, 50.00),
(20230200, 2, 436.27),
(20230200, 3, 837.93),
(20230200, 4, 190.00),
(20230201, 1, 50.00),
(20230201, 2, 253.48),
(20230201, 3, 969.31),
(20230201, 4, 50.00),
(20230202, 1, 50.00),
(20230202, 2, 165.64),
(20230202, 3, 620.00),
(20230202, 4, 50.00),
(20230203, 1, 50.00),
(20230203, 2, 336.30),
(20230203, 3, 1088.62),
(20230203, 4, 140.00),
(20230205, 1, 0.00),
(20230205, 2, 224.20),
(20230205, 3, 580.00),
(20230205, 4, 50.00),
(20230206, 1, 0.00),
(20230206, 2, 224.20),
(20230206, 3, 559.31),
(20230206, 4, 0.00),
(20230207, 1, 0.00),
(20230207, 2, 163.13),
(20230207, 3, 720.00),
(20230207, 4, 0.00),
(20230208, 1, 50.00),
(20230208, 2, 506.76),
(20230208, 3, 750.00),
(20230208, 4, 50.00),
(20230209, 1, 90.00),
(20230209, 2, 224.20),
(20230209, 3, 619.31),
(20230209, 4, 50.00),
(20230225, 1, 0.00),
(20230225, 2, 141.38),
(20230225, 3, 869.31),
(20230225, 4, 50.00),
(20230226, 1, 0.00),
(20230226, 2, 224.20),
(20230226, 3, 469.31),
(20230226, 4, 50.00),
(20230227, 1, 150.00),
(20230227, 2, 153.51),
(20230227, 3, 450.00),
(20230227, 4, 50.00),
(20230228, 1, 0.00),
(20230228, 2, 353.02),
(20230228, 3, 1040.00),
(20230228, 4, 0.00),
(20230229, 1, 90.00),
(20230229, 2, 112.10),
(20230229, 3, 549.31),
(20230229, 4, 0.00),
(20230230, 1, 90.00),
(20230230, 2, 365.58),
(20230230, 3, 929.31),
(20230230, 4, 50.00),
(20230231, 1, 0.00),
(20230231, 2, 194.92),
(20230231, 3, 549.31),
(20230231, 4, 50.00),
(20230232, 1, 50.00),
(20230232, 2, 41.41),
(20230232, 3, 700.00),
(20230232, 4, 100.00),
(20230233, 1, 0.00),
(20230233, 2, 212.79),
(20230233, 3, 1149.31),
(20230233, 4, 70.00),
(20230234, 1, 50.00),
(20230234, 2, 224.20),
(20230234, 3, 599.31),
(20230234, 4, 100.00),
(20230235, 1, 50.00),
(20230235, 2, 224.20),
(20230235, 3, 528.62),
(20230235, 4, 100.00),
(20230236, 1, 50.00),
(20230236, 2, 124.23),
(20230236, 3, 760.00),
(20230236, 4, 90.00),
(20230237, 1, 170.00),
(20230237, 2, 165.64),
(20230237, 3, 390.00),
(20230237, 4, 150.00),
(20230238, 1, 140.00),
(20230238, 2, 236.33),
(20230238, 3, 1150.00),
(20230238, 4, 50.00),
(20230239, 1, 150.00),
(20230239, 2, 336.30),
(20230239, 3, 499.31),
(20230239, 4, 50.00),
(20230240, 1, 50.00),
(20230240, 2, 307.74),
(20230240, 3, 1029.31),
(20230240, 4, 200.00),
(20230241, 1, 0.00),
(20230241, 2, 277.74),
(20230241, 3, 399.31),
(20230241, 4, 100.00),
(20230242, 1, 170.00),
(20230242, 2, 80.31),
(20230242, 3, 420.00),
(20230242, 4, 0.00),
(20230243, 1, 90.00),
(20230243, 2, 182.79),
(20230243, 3, 608.62),
(20230243, 4, 0.00),
(20230245, 1, 0.00),
(20230245, 2, 265.61),
(20230245, 3, 568.62),
(20230245, 4, 90.00),
(20230246, 1, 90.00),
(20230246, 2, 224.20),
(20230246, 3, 549.31),
(20230246, 4, 50.00),
(20230247, 1, 0.00),
(20230247, 2, 68.90),
(20230247, 3, 320.00),
(20230247, 4, 50.00),
(20230248, 1, 0.00),
(20230248, 2, 337.02),
(20230248, 3, 880.00),
(20230248, 4, 90.00),
(20230249, 1, 90.00),
(20230249, 2, 224.92),
(20230249, 3, 599.31),
(20230249, 4, 140.00),
(20230250, 1, 0.00),
(20230250, 2, 477.68),
(20230250, 3, 618.62),
(20230250, 4, 120.00),
(20230251, 1, 90.00),
(20230251, 2, 182.79),
(20230251, 3, 819.31),
(20230251, 4, 0.00),
(20230252, 1, 0.00),
(20230252, 2, 41.41),
(20230252, 3, 400.00),
(20230252, 4, 0.00);

-- --------------------------------------------------------

--
-- Structure de la table `table_type_jour`
--

CREATE TABLE `table_type_jour` (
  `id_t_jour` int(8) NOT NULL,
  `type_jour` varchar(20) NOT NULL
) ENGINE=InnoDB DEFAULT CHARSET=utf8mb4 COLLATE=utf8mb4_general_ci;

--
-- Déchargement des données de la table `table_type_jour`
--

INSERT INTO `table_type_jour` (`id_t_jour`, `type_jour`) VALUES
(1, 'Travaille'),
(2, 'Non Travaille'),
(3, 'Férié');

-- --------------------------------------------------------

--
-- Structure de la table `table_type_paiement`
--

CREATE TABLE `table_type_paiement` (
  `id_paiement` int(8) NOT NULL,
  `type_paiement` varchar(20) NOT NULL
) ENGINE=InnoDB DEFAULT CHARSET=utf8mb4 COLLATE=utf8mb4_general_ci;

--
-- Déchargement des données de la table `table_type_paiement`
--

INSERT INTO `table_type_paiement` (`id_paiement`, `type_paiement`) VALUES
(1, 'ESPÈCES'),
(2, 'CHÈQUE'),
(3, 'VIREMENT'),
(4, 'CB');

-- --------------------------------------------------------

--
-- Structure de la table `table_type_patient`
--

CREATE TABLE `table_type_patient` (
  `id_patient` int(8) NOT NULL,
  `type_patient` varchar(20) NOT NULL
) ENGINE=InnoDB DEFAULT CHARSET=utf8mb4 COLLATE=utf8mb4_general_ci;

--
-- Déchargement des données de la table `table_type_patient`
--

INSERT INTO `table_type_patient` (`id_patient`, `type_patient`) VALUES
(1, 'CMU'),
(2, 'NON_CMU');

-- --------------------------------------------------------

--
-- Structure de la table `table_t_annee`
--

CREATE TABLE `table_t_annee` (
  `id_A` int(4) NOT NULL,
  `annee` varchar(20) NOT NULL
) ENGINE=InnoDB DEFAULT CHARSET=utf8mb4 COLLATE=utf8mb4_general_ci;

--
-- Déchargement des données de la table `table_t_annee`
--

INSERT INTO `table_t_annee` (`id_A`, `annee`) VALUES
(17, '2017'),
(18, '2018'),
(19, '2019'),
(20, '2020'),
(21, '2021'),
(22, '2022'),
(23, '2023');

-- --------------------------------------------------------

--
-- Structure de la table `table_t_date`
--

CREATE TABLE `table_t_date` (
  `id_D` int(8) NOT NULL,
  `date_R` date NOT NULL,
  `jour` int(8) NOT NULL,
  `mois` int(8) NOT NULL,
  `annee` int(8) NOT NULL,
  `semaine` int(8) NOT NULL,
  `id_t_jour` int(8) NOT NULL,
  `id_M` int(4) NOT NULL,
  `id_S` int(8) NOT NULL
) ENGINE=InnoDB DEFAULT CHARSET=utf8mb4 COLLATE=utf8mb4_general_ci;

--
-- Déchargement des données de la table `table_t_date`
--

INSERT INTO `table_t_date` (`id_D`, `date_R`, `jour`, `mois`, `annee`, `semaine`, `id_t_jour`, `id_M`, `id_S`) VALUES
(20170001, '0000-00-00', 2, 1, 2017, 1, 1, 1, 1),
(20170002, '0000-00-00', 3, 1, 2017, 1, 1, 1, 1),
(20170003, '0000-00-00', 4, 1, 2017, 1, 1, 1, 1),
(20170004, '0000-00-00', 5, 1, 2017, 1, 1, 1, 1),
(20170005, '0000-00-00', 6, 1, 2017, 1, 1, 1, 1),
(20170006, '0000-00-00', 9, 1, 2017, 2, 1, 1, 2),
(20170007, '0000-00-00', 10, 1, 2017, 2, 1, 1, 2),
(20170008, '0000-00-00', 11, 1, 2017, 2, 1, 1, 2),
(20170009, '0000-00-00', 12, 1, 2017, 2, 1, 1, 2),
(20170010, '0000-00-00', 13, 1, 2017, 2, 1, 1, 2),
(20170011, '0000-00-00', 16, 1, 2017, 3, 1, 1, 3),
(20170012, '0000-00-00', 17, 1, 2017, 3, 1, 1, 3),
(20170013, '0000-00-00', 18, 1, 2017, 3, 1, 1, 3),
(20170014, '0000-00-00', 19, 1, 2017, 3, 1, 1, 3),
(20170015, '0000-00-00', 20, 1, 2017, 3, 1, 1, 3),
(20170016, '0000-00-00', 23, 1, 2017, 4, 1, 1, 4),
(20170017, '0000-00-00', 24, 1, 2017, 4, 1, 1, 4),
(20170018, '0000-00-00', 25, 1, 2017, 4, 1, 1, 4),
(20170019, '0000-00-00', 26, 1, 2017, 4, 1, 1, 4),
(20170020, '0000-00-00', 27, 1, 2017, 4, 1, 1, 4),
(20170021, '0000-00-00', 30, 1, 2017, 5, 1, 1, 5),
(20170022, '0000-00-00', 31, 1, 2017, 5, 1, 1, 5),
(20170023, '0000-00-00', 1, 2, 2017, 5, 1, 2, 5),
(20170024, '0000-00-00', 2, 2, 2017, 5, 1, 2, 5),
(20170025, '0000-00-00', 3, 2, 2017, 5, 1, 2, 5),
(20170026, '0000-00-00', 6, 2, 2017, 6, 1, 2, 6),
(20170027, '0000-00-00', 7, 2, 2017, 6, 1, 2, 6),
(20170028, '0000-00-00', 8, 2, 2017, 6, 1, 2, 6),
(20170029, '0000-00-00', 9, 2, 2017, 6, 1, 2, 6),
(20170030, '0000-00-00', 10, 2, 2017, 6, 1, 2, 6),
(20170031, '0000-00-00', 13, 2, 2017, 7, 1, 2, 7),
(20170032, '0000-00-00', 14, 2, 2017, 7, 1, 2, 7),
(20170033, '0000-00-00', 15, 2, 2017, 7, 1, 2, 7),
(20170034, '0000-00-00', 16, 2, 2017, 7, 1, 2, 7),
(20170035, '0000-00-00', 17, 2, 2017, 7, 1, 2, 7),
(20170036, '0000-00-00', 20, 2, 2017, 8, 1, 2, 8),
(20170037, '0000-00-00', 21, 2, 2017, 8, 1, 2, 8),
(20170038, '0000-00-00', 22, 2, 2017, 8, 1, 2, 8),
(20170039, '0000-00-00', 23, 2, 2017, 8, 1, 2, 8),
(20170040, '0000-00-00', 24, 2, 2017, 8, 1, 2, 8),
(20170041, '0000-00-00', 27, 2, 2017, 9, 1, 2, 9),
(20170042, '0000-00-00', 28, 2, 2017, 9, 1, 2, 9),
(20170043, '0000-00-00', 1, 3, 2017, 9, 1, 3, 9),
(20170044, '0000-00-00', 2, 3, 2017, 9, 1, 3, 9),
(20170045, '0000-00-00', 3, 3, 2017, 9, 1, 3, 9),
(20170046, '0000-00-00', 6, 3, 2017, 10, 1, 3, 10),
(20170047, '0000-00-00', 7, 3, 2017, 10, 1, 3, 10),
(20170048, '0000-00-00', 8, 3, 2017, 10, 1, 3, 10),
(20170049, '0000-00-00', 9, 3, 2017, 10, 1, 3, 10),
(20170050, '0000-00-00', 10, 3, 2017, 10, 1, 3, 10),
(20170051, '0000-00-00', 13, 3, 2017, 11, 1, 3, 11),
(20170052, '0000-00-00', 14, 3, 2017, 11, 1, 3, 11),
(20170053, '0000-00-00', 15, 3, 2017, 11, 1, 3, 11),
(20170054, '0000-00-00', 16, 3, 2017, 11, 1, 3, 11),
(20170055, '0000-00-00', 17, 3, 2017, 11, 1, 3, 11),
(20170056, '0000-00-00', 20, 3, 2017, 12, 1, 3, 12),
(20170057, '0000-00-00', 21, 3, 2017, 12, 1, 3, 12),
(20170058, '0000-00-00', 22, 3, 2017, 12, 1, 3, 12),
(20170059, '0000-00-00', 23, 3, 2017, 12, 1, 3, 12),
(20170060, '0000-00-00', 24, 3, 2017, 12, 1, 3, 12),
(20170061, '0000-00-00', 27, 3, 2017, 13, 1, 3, 13),
(20170062, '0000-00-00', 28, 3, 2017, 13, 1, 3, 13),
(20170063, '0000-00-00', 31, 3, 2017, 13, 1, 3, 13),
(20170064, '0000-00-00', 3, 4, 2017, 14, 1, 4, 14),
(20170065, '0000-00-00', 4, 4, 2017, 14, 1, 4, 14),
(20170066, '0000-00-00', 5, 4, 2017, 14, 1, 4, 14),
(20170067, '0000-00-00', 6, 4, 2017, 14, 1, 4, 14),
(20170068, '0000-00-00', 7, 4, 2017, 14, 1, 4, 14),
(20170069, '0000-00-00', 10, 4, 2017, 15, 1, 4, 15),
(20170070, '0000-00-00', 11, 4, 2017, 15, 1, 4, 15),
(20170071, '0000-00-00', 12, 4, 2017, 15, 1, 4, 15),
(20170072, '0000-00-00', 13, 4, 2017, 15, 1, 4, 15),
(20170073, '0000-00-00', 14, 4, 2017, 15, 1, 4, 15),
(20170074, '0000-00-00', 17, 4, 2017, 16, 1, 4, 16),
(20170075, '0000-00-00', 18, 4, 2017, 16, 1, 4, 16),
(20170076, '0000-00-00', 19, 4, 2017, 16, 1, 4, 16),
(20170077, '0000-00-00', 20, 4, 2017, 16, 1, 4, 16),
(20170078, '0000-00-00', 21, 4, 2017, 16, 1, 4, 16),
(20170079, '0000-00-00', 24, 4, 2017, 17, 1, 4, 17),
(20170080, '0000-00-00', 25, 4, 2017, 17, 1, 4, 17),
(20170081, '0000-00-00', 26, 4, 2017, 17, 1, 4, 17),
(20170082, '0000-00-00', 27, 4, 2017, 17, 1, 4, 17),
(20170083, '0000-00-00', 28, 4, 2017, 17, 1, 4, 17),
(20170084, '0000-00-00', 2, 5, 2017, 18, 1, 5, 18),
(20170085, '0000-00-00', 3, 5, 2017, 18, 1, 5, 18),
(20170086, '0000-00-00', 4, 5, 2017, 18, 1, 5, 18),
(20170087, '0000-00-00', 5, 5, 2017, 18, 1, 5, 18),
(20170088, '0000-00-00', 8, 5, 2017, 19, 1, 5, 19),
(20170089, '0000-00-00', 9, 5, 2017, 19, 1, 5, 19),
(20170090, '0000-00-00', 10, 5, 2017, 19, 1, 5, 19),
(20170091, '0000-00-00', 11, 5, 2017, 19, 1, 5, 19),
(20170092, '0000-00-00', 12, 5, 2017, 19, 1, 5, 19),
(20170093, '0000-00-00', 15, 5, 2017, 20, 1, 5, 20),
(20170094, '0000-00-00', 16, 5, 2017, 20, 1, 5, 20),
(20170095, '0000-00-00', 17, 5, 2017, 20, 1, 5, 20),
(20170096, '0000-00-00', 18, 5, 2017, 20, 1, 5, 20),
(20170097, '0000-00-00', 19, 5, 2017, 20, 1, 5, 20),
(20170098, '0000-00-00', 22, 5, 2017, 21, 1, 5, 21),
(20170099, '0000-00-00', 23, 5, 2017, 21, 1, 5, 21),
(20170100, '0000-00-00', 24, 5, 2017, 21, 1, 5, 21),
(20170101, '0000-00-00', 25, 5, 2017, 21, 1, 5, 21),
(20170102, '0000-00-00', 26, 5, 2017, 21, 1, 5, 21),
(20170103, '0000-00-00', 29, 5, 2017, 22, 1, 5, 22),
(20170104, '0000-00-00', 30, 5, 2017, 22, 1, 5, 22),
(20170105, '0000-00-00', 31, 5, 2017, 22, 1, 5, 22),
(20170106, '0000-00-00', 1, 6, 2017, 22, 1, 6, 22),
(20170107, '0000-00-00', 2, 6, 2017, 22, 1, 6, 22),
(20170108, '0000-00-00', 5, 6, 2017, 23, 1, 6, 23),
(20170109, '0000-00-00', 6, 6, 2017, 23, 1, 6, 23),
(20170110, '0000-00-00', 7, 6, 2017, 23, 1, 6, 23),
(20170111, '0000-00-00', 8, 6, 2017, 23, 1, 6, 23),
(20170112, '0000-00-00', 9, 6, 2017, 23, 1, 6, 23),
(20170113, '0000-00-00', 12, 6, 2017, 24, 1, 6, 24),
(20170114, '0000-00-00', 13, 6, 2017, 24, 1, 6, 24),
(20170115, '0000-00-00', 14, 6, 2017, 24, 1, 6, 24),
(20170116, '0000-00-00', 15, 6, 2017, 24, 1, 6, 24),
(20170117, '0000-00-00', 16, 6, 2017, 24, 1, 6, 24),
(20170118, '0000-00-00', 19, 6, 2017, 25, 1, 6, 25),
(20170119, '0000-00-00', 20, 6, 2017, 25, 1, 6, 25),
(20170120, '0000-00-00', 21, 6, 2017, 25, 1, 6, 25),
(20170121, '0000-00-00', 22, 6, 2017, 25, 1, 6, 25),
(20170122, '0000-00-00', 23, 6, 2017, 25, 1, 6, 25),
(20170123, '0000-00-00', 26, 6, 2017, 26, 1, 6, 26),
(20170124, '0000-00-00', 27, 6, 2017, 26, 1, 6, 26),
(20170125, '0000-00-00', 28, 6, 2017, 26, 1, 6, 26),
(20170126, '0000-00-00', 29, 6, 2017, 26, 1, 6, 26),
(20170127, '0000-00-00', 30, 6, 2017, 26, 1, 6, 26),
(20170128, '0000-00-00', 3, 7, 2017, 27, 1, 7, 27),
(20170129, '0000-00-00', 4, 7, 2017, 27, 1, 7, 27),
(20170130, '0000-00-00', 5, 7, 2017, 27, 1, 7, 27),
(20170131, '0000-00-00', 6, 7, 2017, 27, 1, 7, 27),
(20170132, '0000-00-00', 7, 7, 2017, 27, 1, 7, 27),
(20170133, '0000-00-00', 10, 7, 2017, 28, 1, 7, 28),
(20170134, '0000-00-00', 11, 7, 2017, 28, 1, 7, 28),
(20170135, '0000-00-00', 12, 7, 2017, 28, 1, 7, 28),
(20170136, '0000-00-00', 13, 7, 2017, 28, 1, 7, 28),
(20170137, '0000-00-00', 14, 7, 2017, 28, 1, 7, 28),
(20170138, '0000-00-00', 17, 7, 2017, 29, 1, 7, 29),
(20170139, '0000-00-00', 18, 7, 2017, 29, 1, 7, 29),
(20170140, '0000-00-00', 19, 7, 2017, 29, 1, 7, 29),
(20170141, '0000-00-00', 20, 7, 2017, 29, 1, 7, 29),
(20170142, '0000-00-00', 21, 7, 2017, 29, 1, 7, 29),
(20170143, '0000-00-00', 24, 7, 2017, 30, 1, 7, 30),
(20170144, '0000-00-00', 25, 7, 2017, 30, 1, 7, 30),
(20170145, '0000-00-00', 26, 7, 2017, 30, 1, 7, 30),
(20170146, '0000-00-00', 27, 7, 2017, 30, 1, 7, 30),
(20170147, '0000-00-00', 28, 7, 2017, 30, 1, 7, 30),
(20170148, '0000-00-00', 31, 7, 2017, 31, 1, 7, 31),
(20170149, '0000-00-00', 1, 8, 2017, 31, 1, 8, 31),
(20170150, '0000-00-00', 2, 8, 2017, 31, 1, 8, 31),
(20170151, '0000-00-00', 3, 8, 2017, 31, 1, 8, 31),
(20170152, '0000-00-00', 4, 8, 2017, 31, 1, 8, 31),
(20170153, '0000-00-00', 7, 8, 2017, 32, 1, 8, 32),
(20170154, '0000-00-00', 8, 8, 2017, 32, 1, 8, 32),
(20170155, '0000-00-00', 9, 8, 2017, 32, 1, 8, 32),
(20170156, '0000-00-00', 10, 8, 2017, 32, 1, 8, 32),
(20170157, '0000-00-00', 11, 8, 2017, 32, 1, 8, 32),
(20170158, '0000-00-00', 14, 8, 2017, 33, 1, 8, 33),
(20170159, '0000-00-00', 15, 8, 2017, 33, 1, 8, 33),
(20170160, '0000-00-00', 16, 8, 2017, 33, 1, 8, 33),
(20170161, '0000-00-00', 17, 8, 2017, 33, 1, 8, 33),
(20170162, '0000-00-00', 18, 8, 2017, 33, 1, 8, 33),
(20170163, '0000-00-00', 21, 8, 2017, 34, 1, 8, 34),
(20170164, '0000-00-00', 22, 8, 2017, 34, 1, 8, 34),
(20170165, '0000-00-00', 23, 8, 2017, 34, 1, 8, 34),
(20170166, '0000-00-00', 24, 8, 2017, 34, 1, 8, 34),
(20170167, '0000-00-00', 25, 8, 2017, 34, 1, 8, 34),
(20170168, '0000-00-00', 28, 8, 2017, 35, 1, 8, 35),
(20170169, '0000-00-00', 31, 8, 2017, 35, 1, 8, 35),
(20170170, '0000-00-00', 1, 9, 2017, 35, 1, 9, 35),
(20170171, '0000-00-00', 4, 9, 2017, 36, 1, 9, 36),
(20170172, '0000-00-00', 5, 9, 2017, 36, 1, 9, 36),
(20170173, '0000-00-00', 6, 9, 2017, 36, 1, 9, 36),
(20170174, '0000-00-00', 7, 9, 2017, 36, 1, 9, 36),
(20170175, '0000-00-00', 8, 9, 2017, 36, 1, 9, 36),
(20170176, '0000-00-00', 11, 9, 2017, 37, 1, 9, 37),
(20170177, '0000-00-00', 12, 9, 2017, 37, 1, 9, 37),
(20170178, '0000-00-00', 13, 9, 2017, 37, 1, 9, 37),
(20170179, '0000-00-00', 14, 9, 2017, 37, 1, 9, 37),
(20170180, '0000-00-00', 15, 9, 2017, 37, 1, 9, 37),
(20170181, '0000-00-00', 18, 9, 2017, 38, 1, 9, 38),
(20170182, '0000-00-00', 19, 9, 2017, 38, 1, 9, 38),
(20170183, '0000-00-00', 20, 9, 2017, 38, 1, 9, 38),
(20170184, '0000-00-00', 21, 9, 2017, 38, 1, 9, 38),
(20170185, '0000-00-00', 22, 9, 2017, 38, 1, 9, 38),
(20170186, '0000-00-00', 25, 9, 2017, 39, 1, 9, 39),
(20170187, '0000-00-00', 26, 9, 2017, 39, 1, 9, 39),
(20170188, '0000-00-00', 27, 9, 2017, 39, 1, 9, 39),
(20170189, '0000-00-00', 28, 9, 2017, 39, 1, 9, 39),
(20170190, '0000-00-00', 29, 9, 2017, 39, 1, 9, 39),
(20170191, '0000-00-00', 2, 10, 2017, 40, 1, 10, 40),
(20170192, '0000-00-00', 3, 10, 2017, 40, 1, 10, 40),
(20170193, '0000-00-00', 4, 10, 2017, 40, 1, 10, 40),
(20170194, '0000-00-00', 5, 10, 2017, 40, 1, 10, 40),
(20170195, '0000-00-00', 6, 10, 2017, 40, 1, 10, 40),
(20170196, '0000-00-00', 9, 10, 2017, 41, 1, 10, 41),
(20170197, '0000-00-00', 10, 10, 2017, 41, 1, 10, 41),
(20170198, '0000-00-00', 11, 10, 2017, 41, 1, 10, 41),
(20170199, '0000-00-00', 12, 10, 2017, 41, 1, 10, 41),
(20170200, '0000-00-00', 13, 10, 2017, 41, 1, 10, 41),
(20170201, '0000-00-00', 16, 10, 2017, 42, 1, 10, 42),
(20170202, '0000-00-00', 17, 10, 2017, 42, 1, 10, 42),
(20170203, '0000-00-00', 18, 10, 2017, 42, 1, 10, 42),
(20170204, '0000-00-00', 19, 10, 2017, 42, 1, 10, 42),
(20170205, '0000-00-00', 20, 10, 2017, 42, 1, 10, 42),
(20170206, '0000-00-00', 23, 10, 2017, 43, 1, 10, 43),
(20170207, '0000-00-00', 24, 10, 2017, 43, 1, 10, 43),
(20170208, '0000-00-00', 25, 10, 2017, 43, 1, 10, 43),
(20170209, '0000-00-00', 26, 10, 2017, 43, 1, 10, 43),
(20170210, '0000-00-00', 27, 10, 2017, 43, 1, 10, 43),
(20170211, '0000-00-00', 30, 10, 2017, 44, 1, 10, 44),
(20170212, '0000-00-00', 31, 10, 2017, 44, 1, 10, 44),
(20170213, '0000-00-00', 1, 11, 2017, 44, 1, 11, 44),
(20170214, '0000-00-00', 2, 11, 2017, 44, 1, 11, 44),
(20170215, '0000-00-00', 3, 11, 2017, 44, 1, 11, 44),
(20170216, '0000-00-00', 6, 11, 2017, 45, 1, 11, 45),
(20170217, '0000-00-00', 7, 11, 2017, 45, 1, 11, 45),
(20170218, '0000-00-00', 8, 11, 2017, 45, 1, 11, 45),
(20170219, '0000-00-00', 9, 11, 2017, 45, 1, 11, 45),
(20170220, '0000-00-00', 10, 11, 2017, 45, 1, 11, 45),
(20170221, '0000-00-00', 13, 11, 2017, 46, 1, 11, 46),
(20170222, '0000-00-00', 14, 11, 2017, 46, 1, 11, 46),
(20170223, '0000-00-00', 15, 11, 2017, 46, 1, 11, 46),
(20170224, '0000-00-00', 16, 11, 2017, 46, 1, 11, 46),
(20170225, '0000-00-00', 17, 11, 2017, 46, 1, 11, 46),
(20170226, '0000-00-00', 20, 11, 2017, 47, 1, 11, 47),
(20170227, '0000-00-00', 21, 11, 2017, 47, 1, 11, 47),
(20170228, '0000-00-00', 22, 11, 2017, 47, 1, 11, 47),
(20170229, '0000-00-00', 23, 11, 2017, 47, 1, 11, 47),
(20170230, '0000-00-00', 24, 11, 2017, 47, 1, 11, 47),
(20170231, '0000-00-00', 27, 11, 2017, 48, 1, 11, 48),
(20170232, '0000-00-00', 28, 11, 2017, 48, 1, 11, 48),
(20170233, '0000-00-00', 29, 11, 2017, 48, 1, 11, 48),
(20170234, '0000-00-00', 30, 11, 2017, 48, 1, 11, 48),
(20170235, '0000-00-00', 1, 12, 2017, 48, 1, 12, 48),
(20170236, '0000-00-00', 4, 12, 2017, 49, 1, 12, 49),
(20170237, '0000-00-00', 5, 12, 2017, 49, 1, 12, 49),
(20170238, '0000-00-00', 6, 12, 2017, 49, 1, 12, 49),
(20170239, '0000-00-00', 7, 12, 2017, 49, 1, 12, 49),
(20170240, '0000-00-00', 8, 12, 2017, 49, 1, 12, 49),
(20170241, '0000-00-00', 11, 12, 2017, 50, 1, 12, 50),
(20170242, '0000-00-00', 12, 12, 2017, 50, 1, 12, 50),
(20170243, '0000-00-00', 13, 12, 2017, 50, 1, 12, 50),
(20170244, '0000-00-00', 14, 12, 2017, 50, 1, 12, 50),
(20170245, '0000-00-00', 15, 12, 2017, 50, 1, 12, 50),
(20170246, '0000-00-00', 18, 12, 2017, 51, 1, 12, 51),
(20170247, '0000-00-00', 19, 12, 2017, 51, 1, 12, 51),
(20170248, '0000-00-00', 20, 12, 2017, 51, 1, 12, 51),
(20170249, '0000-00-00', 21, 12, 2017, 51, 1, 12, 51),
(20170250, '0000-00-00', 22, 12, 2017, 51, 1, 12, 51),
(20170251, '0000-00-00', 25, 12, 2017, 52, 1, 12, 52),
(20170252, '0000-00-00', 26, 12, 2017, 52, 1, 12, 52),
(20170253, '0000-00-00', 27, 12, 2017, 52, 1, 12, 52),
(20170254, '0000-00-00', 28, 12, 2017, 52, 1, 12, 52),
(20170255, '0000-00-00', 29, 12, 2017, 52, 1, 12, 52),
(20180001, '0000-00-00', 1, 1, 2018, 1, 1, 13, 53),
(20180002, '0000-00-00', 2, 1, 2018, 1, 1, 13, 53),
(20180003, '0000-00-00', 3, 1, 2018, 1, 1, 13, 53),
(20180004, '0000-00-00', 4, 1, 2018, 1, 1, 13, 53),
(20180005, '0000-00-00', 5, 1, 2018, 1, 1, 13, 53),
(20180006, '0000-00-00', 8, 1, 2018, 2, 1, 13, 54),
(20180007, '0000-00-00', 9, 1, 2018, 2, 1, 13, 54),
(20180008, '0000-00-00', 10, 1, 2018, 2, 1, 13, 54),
(20180009, '0000-00-00', 11, 1, 2018, 2, 1, 13, 54),
(20180010, '0000-00-00', 12, 1, 2018, 2, 1, 13, 54),
(20180011, '0000-00-00', 15, 1, 2018, 3, 1, 13, 55),
(20180012, '0000-00-00', 16, 1, 2018, 3, 1, 13, 55),
(20180013, '0000-00-00', 17, 1, 2018, 3, 1, 13, 55),
(20180014, '0000-00-00', 18, 1, 2018, 3, 1, 13, 55),
(20180015, '0000-00-00', 19, 1, 2018, 3, 1, 13, 55),
(20180016, '0000-00-00', 22, 1, 2018, 4, 1, 13, 56),
(20180017, '0000-00-00', 23, 1, 2018, 4, 1, 13, 56),
(20180018, '0000-00-00', 24, 1, 2018, 4, 1, 13, 56),
(20180019, '0000-00-00', 25, 1, 2018, 4, 1, 13, 56),
(20180020, '0000-00-00', 26, 1, 2018, 4, 1, 13, 56),
(20180021, '0000-00-00', 29, 1, 2018, 5, 1, 13, 57),
(20180022, '0000-00-00', 30, 1, 2018, 5, 1, 13, 57),
(20180023, '0000-00-00', 31, 1, 2018, 5, 1, 13, 57),
(20180024, '0000-00-00', 1, 2, 2018, 5, 1, 14, 57),
(20180025, '0000-00-00', 2, 2, 2018, 5, 1, 14, 57),
(20180026, '0000-00-00', 5, 2, 2018, 6, 1, 14, 58),
(20180027, '0000-00-00', 6, 2, 2018, 6, 1, 14, 58),
(20180028, '0000-00-00', 7, 2, 2018, 6, 1, 14, 58),
(20180029, '0000-00-00', 8, 2, 2018, 6, 1, 14, 58),
(20180030, '0000-00-00', 9, 2, 2018, 6, 1, 14, 58),
(20180031, '0000-00-00', 12, 2, 2018, 7, 1, 14, 59),
(20180032, '0000-00-00', 13, 2, 2018, 7, 1, 14, 59),
(20180033, '0000-00-00', 14, 2, 2018, 7, 1, 14, 59),
(20180034, '0000-00-00', 15, 2, 2018, 7, 1, 14, 59),
(20180035, '0000-00-00', 16, 2, 2018, 7, 1, 14, 59),
(20180036, '0000-00-00', 19, 2, 2018, 8, 1, 14, 60),
(20180037, '0000-00-00', 20, 2, 2018, 8, 1, 14, 60),
(20180038, '0000-00-00', 21, 2, 2018, 8, 1, 14, 60),
(20180039, '0000-00-00', 22, 2, 2018, 8, 1, 14, 60),
(20180040, '0000-00-00', 23, 2, 2018, 8, 1, 14, 60),
(20180041, '0000-00-00', 26, 2, 2018, 9, 1, 14, 61),
(20180042, '0000-00-00', 27, 2, 2018, 9, 1, 14, 61),
(20180043, '0000-00-00', 28, 2, 2018, 9, 1, 14, 61),
(20180044, '0000-00-00', 1, 3, 2018, 9, 1, 15, 61),
(20180045, '0000-00-00', 2, 3, 2018, 9, 1, 15, 61),
(20180046, '0000-00-00', 5, 3, 2018, 10, 1, 15, 62),
(20180047, '0000-00-00', 6, 3, 2018, 10, 1, 15, 62),
(20180048, '0000-00-00', 7, 3, 2018, 10, 1, 15, 62),
(20180049, '0000-00-00', 8, 3, 2018, 10, 1, 15, 62),
(20180050, '0000-00-00', 9, 3, 2018, 10, 1, 15, 62),
(20180051, '0000-00-00', 12, 3, 2018, 11, 1, 15, 63),
(20180052, '0000-00-00', 13, 3, 2018, 11, 1, 15, 63),
(20180053, '0000-00-00', 14, 3, 2018, 11, 1, 15, 63),
(20180054, '0000-00-00', 15, 3, 2018, 11, 1, 15, 63),
(20180055, '0000-00-00', 16, 3, 2018, 11, 1, 15, 63),
(20180056, '0000-00-00', 19, 3, 2018, 12, 1, 15, 64),
(20180057, '0000-00-00', 20, 3, 2018, 12, 1, 15, 64),
(20180058, '0000-00-00', 21, 3, 2018, 12, 1, 15, 64),
(20180059, '0000-00-00', 22, 3, 2018, 12, 1, 15, 64),
(20180060, '0000-00-00', 23, 3, 2018, 12, 1, 15, 64),
(20180061, '0000-00-00', 26, 3, 2018, 13, 1, 15, 65),
(20180062, '0000-00-00', 27, 3, 2018, 13, 1, 15, 65),
(20180063, '0000-00-00', 30, 3, 2018, 13, 1, 15, 65),
(20180064, '0000-00-00', 2, 4, 2018, 14, 1, 16, 66),
(20180065, '0000-00-00', 3, 4, 2018, 14, 1, 16, 66),
(20180066, '0000-00-00', 4, 4, 2018, 14, 1, 16, 66),
(20180067, '0000-00-00', 5, 4, 2018, 14, 1, 16, 66),
(20180068, '0000-00-00', 6, 4, 2018, 14, 1, 16, 66),
(20180069, '0000-00-00', 9, 4, 2018, 15, 1, 16, 67),
(20180070, '0000-00-00', 10, 4, 2018, 15, 1, 16, 67),
(20180071, '0000-00-00', 11, 4, 2018, 15, 1, 16, 67),
(20180072, '0000-00-00', 12, 4, 2018, 15, 1, 16, 67),
(20180073, '0000-00-00', 13, 4, 2018, 15, 1, 16, 67),
(20180074, '0000-00-00', 16, 4, 2018, 16, 1, 16, 68),
(20180075, '0000-00-00', 17, 4, 2018, 16, 1, 16, 68),
(20180076, '0000-00-00', 18, 4, 2018, 16, 1, 16, 68),
(20180077, '0000-00-00', 19, 4, 2018, 16, 1, 16, 68),
(20180078, '0000-00-00', 20, 4, 2018, 16, 1, 16, 68),
(20180079, '0000-00-00', 23, 4, 2018, 17, 1, 16, 69),
(20180080, '0000-00-00', 24, 4, 2018, 17, 1, 16, 69),
(20180081, '0000-00-00', 25, 4, 2018, 17, 1, 16, 69),
(20180082, '0000-00-00', 26, 4, 2018, 17, 1, 16, 69),
(20180083, '0000-00-00', 27, 4, 2018, 17, 1, 16, 69),
(20180084, '0000-00-00', 30, 4, 2018, 18, 1, 16, 70),
(20180085, '0000-00-00', 1, 5, 2018, 18, 1, 17, 70),
(20180086, '0000-00-00', 2, 5, 2018, 18, 1, 17, 70),
(20180087, '0000-00-00', 3, 5, 2018, 18, 1, 17, 70),
(20180088, '0000-00-00', 4, 5, 2018, 18, 1, 17, 70),
(20180089, '0000-00-00', 7, 5, 2018, 19, 1, 17, 71),
(20180090, '0000-00-00', 8, 5, 2018, 19, 1, 17, 71),
(20180091, '0000-00-00', 9, 5, 2018, 19, 1, 17, 71),
(20180092, '0000-00-00', 10, 5, 2018, 19, 1, 17, 71),
(20180093, '0000-00-00', 11, 5, 2018, 19, 1, 17, 71),
(20180094, '0000-00-00', 14, 5, 2018, 20, 1, 17, 72),
(20180095, '0000-00-00', 15, 5, 2018, 20, 1, 17, 72),
(20180096, '0000-00-00', 16, 5, 2018, 20, 1, 17, 72),
(20180097, '0000-00-00', 17, 5, 2018, 20, 1, 17, 72),
(20180098, '0000-00-00', 18, 5, 2018, 20, 1, 17, 72),
(20180099, '0000-00-00', 21, 5, 2018, 21, 1, 17, 73),
(20180100, '0000-00-00', 22, 5, 2018, 21, 1, 17, 73),
(20180101, '0000-00-00', 23, 5, 2018, 21, 1, 17, 73),
(20180102, '0000-00-00', 24, 5, 2018, 21, 1, 17, 73),
(20180103, '0000-00-00', 25, 5, 2018, 21, 1, 17, 73),
(20180104, '0000-00-00', 28, 5, 2018, 22, 1, 17, 74),
(20180105, '0000-00-00', 29, 5, 2018, 22, 1, 17, 74),
(20180106, '0000-00-00', 30, 5, 2018, 22, 1, 17, 74),
(20180107, '0000-00-00', 31, 5, 2018, 22, 1, 17, 74),
(20180108, '0000-00-00', 1, 6, 2018, 22, 1, 18, 74),
(20180109, '0000-00-00', 4, 6, 2018, 23, 1, 18, 75),
(20180110, '0000-00-00', 5, 6, 2018, 23, 1, 18, 75),
(20180111, '0000-00-00', 6, 6, 2018, 23, 1, 18, 75),
(20180112, '0000-00-00', 7, 6, 2018, 23, 1, 18, 75),
(20180113, '0000-00-00', 8, 6, 2018, 23, 1, 18, 75),
(20180114, '0000-00-00', 11, 6, 2018, 24, 1, 18, 76),
(20180115, '0000-00-00', 12, 6, 2018, 24, 1, 18, 76),
(20180116, '0000-00-00', 13, 6, 2018, 24, 1, 18, 76),
(20180117, '0000-00-00', 14, 6, 2018, 24, 1, 18, 76),
(20180118, '0000-00-00', 15, 6, 2018, 24, 1, 18, 76),
(20180119, '0000-00-00', 18, 6, 2018, 25, 1, 18, 77),
(20180120, '0000-00-00', 19, 6, 2018, 25, 1, 18, 77),
(20180121, '0000-00-00', 20, 6, 2018, 25, 1, 18, 77),
(20180122, '0000-00-00', 21, 6, 2018, 25, 1, 18, 77),
(20180123, '0000-00-00', 22, 6, 2018, 25, 1, 18, 77),
(20180124, '0000-00-00', 25, 6, 2018, 26, 1, 18, 78),
(20180125, '0000-00-00', 26, 6, 2018, 26, 1, 18, 78),
(20180126, '0000-00-00', 27, 6, 2018, 26, 1, 18, 78),
(20180127, '0000-00-00', 28, 6, 2018, 26, 1, 18, 78),
(20180128, '0000-00-00', 29, 6, 2018, 26, 1, 18, 78),
(20180129, '0000-00-00', 2, 7, 2018, 27, 1, 19, 79),
(20180130, '0000-00-00', 3, 7, 2018, 27, 1, 19, 79),
(20180131, '0000-00-00', 4, 7, 2018, 27, 1, 19, 79),
(20180132, '0000-00-00', 5, 7, 2018, 27, 1, 19, 79),
(20180133, '0000-00-00', 6, 7, 2018, 27, 1, 19, 79),
(20180134, '0000-00-00', 9, 7, 2018, 28, 1, 19, 80),
(20180135, '0000-00-00', 10, 7, 2018, 28, 1, 19, 80),
(20180136, '0000-00-00', 11, 7, 2018, 28, 1, 19, 80),
(20180137, '0000-00-00', 12, 7, 2018, 28, 1, 19, 80),
(20180138, '0000-00-00', 13, 7, 2018, 28, 1, 19, 80),
(20180139, '0000-00-00', 16, 7, 2018, 29, 1, 19, 81),
(20180140, '0000-00-00', 17, 7, 2018, 29, 1, 19, 81),
(20180141, '0000-00-00', 18, 7, 2018, 29, 1, 19, 81),
(20180142, '0000-00-00', 19, 7, 2018, 29, 1, 19, 81),
(20180143, '0000-00-00', 20, 7, 2018, 29, 1, 19, 81),
(20180144, '0000-00-00', 23, 7, 2018, 30, 1, 19, 82),
(20180145, '0000-00-00', 24, 7, 2018, 30, 1, 19, 82),
(20180146, '0000-00-00', 25, 7, 2018, 30, 1, 19, 82),
(20180147, '0000-00-00', 26, 7, 2018, 30, 1, 19, 82),
(20180148, '0000-00-00', 27, 7, 2018, 30, 1, 19, 82),
(20180149, '0000-00-00', 30, 7, 2018, 31, 1, 19, 83),
(20180150, '0000-00-00', 31, 7, 2018, 31, 1, 19, 83),
(20180151, '0000-00-00', 1, 8, 2018, 31, 1, 20, 83),
(20180152, '0000-00-00', 3, 9, 2018, 36, 1, 21, 88),
(20180153, '0000-00-00', 4, 9, 2018, 36, 1, 21, 88),
(20180154, '0000-00-00', 5, 9, 2018, 36, 1, 21, 88),
(20180155, '0000-00-00', 6, 9, 2018, 36, 1, 21, 88),
(20180156, '0000-00-00', 7, 9, 2018, 36, 1, 21, 88),
(20180157, '0000-00-00', 10, 9, 2018, 37, 1, 21, 89),
(20180158, '0000-00-00', 11, 9, 2018, 37, 1, 21, 89),
(20180159, '0000-00-00', 12, 9, 2018, 37, 1, 21, 89),
(20180160, '0000-00-00', 13, 9, 2018, 37, 1, 21, 89),
(20180161, '0000-00-00', 14, 9, 2018, 37, 1, 21, 89),
(20180162, '0000-00-00', 17, 9, 2018, 38, 1, 21, 90),
(20180163, '0000-00-00', 18, 9, 2018, 38, 1, 21, 90),
(20180164, '0000-00-00', 19, 9, 2018, 38, 1, 21, 90),
(20180165, '0000-00-00', 20, 9, 2018, 38, 1, 21, 90),
(20180166, '0000-00-00', 21, 9, 2018, 38, 1, 21, 90),
(20180167, '0000-00-00', 24, 9, 2018, 39, 1, 21, 91),
(20180168, '0000-00-00', 25, 9, 2018, 39, 1, 21, 91),
(20180169, '0000-00-00', 26, 9, 2018, 39, 1, 21, 91),
(20180170, '0000-00-00', 27, 9, 2018, 39, 1, 21, 91),
(20180171, '0000-00-00', 28, 9, 2018, 39, 1, 21, 91),
(20180172, '0000-00-00', 1, 10, 2018, 40, 1, 22, 92),
(20180173, '0000-00-00', 2, 10, 2018, 40, 1, 22, 92),
(20180174, '0000-00-00', 3, 10, 2018, 40, 1, 22, 92),
(20180175, '0000-00-00', 4, 10, 2018, 40, 1, 22, 92),
(20180176, '0000-00-00', 5, 10, 2018, 40, 1, 22, 92),
(20180177, '0000-00-00', 8, 10, 2018, 41, 1, 22, 93),
(20180178, '0000-00-00', 9, 10, 2018, 41, 1, 22, 93),
(20180179, '0000-00-00', 10, 10, 2018, 41, 1, 22, 93),
(20180180, '0000-00-00', 11, 10, 2018, 41, 1, 22, 93),
(20180181, '0000-00-00', 12, 10, 2018, 41, 1, 22, 93),
(20180182, '0000-00-00', 15, 10, 2018, 42, 1, 22, 94),
(20180183, '0000-00-00', 16, 10, 2018, 42, 1, 22, 94),
(20180184, '0000-00-00', 17, 10, 2018, 42, 1, 22, 94),
(20180185, '0000-00-00', 18, 10, 2018, 42, 1, 22, 94),
(20180186, '0000-00-00', 19, 10, 2018, 42, 1, 22, 94),
(20180187, '0000-00-00', 22, 10, 2018, 43, 1, 22, 95),
(20180188, '0000-00-00', 23, 10, 2018, 43, 1, 22, 95),
(20180189, '0000-00-00', 24, 10, 2018, 43, 1, 22, 95),
(20180190, '0000-00-00', 25, 10, 2018, 43, 1, 22, 95),
(20180191, '0000-00-00', 26, 10, 2018, 43, 1, 22, 95),
(20180192, '0000-00-00', 29, 10, 2018, 44, 1, 22, 96),
(20180193, '0000-00-00', 30, 10, 2018, 44, 1, 22, 96),
(20180194, '0000-00-00', 1, 11, 2018, 44, 1, 23, 96),
(20180195, '0000-00-00', 2, 11, 2018, 44, 1, 23, 96),
(20180196, '0000-00-00', 5, 11, 2018, 45, 1, 23, 97),
(20180197, '0000-00-00', 6, 11, 2018, 45, 1, 23, 97),
(20180198, '0000-00-00', 7, 11, 2018, 45, 1, 23, 97),
(20180199, '0000-00-00', 8, 11, 2018, 45, 1, 23, 97),
(20180200, '0000-00-00', 9, 11, 2018, 45, 1, 23, 97),
(20180201, '0000-00-00', 12, 11, 2018, 46, 1, 23, 98),
(20180202, '0000-00-00', 13, 11, 2018, 46, 1, 23, 98),
(20180203, '0000-00-00', 14, 11, 2018, 46, 1, 23, 98),
(20180204, '0000-00-00', 15, 11, 2018, 46, 1, 23, 98),
(20180205, '0000-00-00', 16, 11, 2018, 46, 1, 23, 98),
(20180206, '0000-00-00', 19, 11, 2018, 47, 1, 23, 99),
(20180207, '0000-00-00', 20, 11, 2018, 47, 1, 23, 99),
(20180208, '0000-00-00', 21, 11, 2018, 47, 1, 23, 99),
(20180209, '0000-00-00', 22, 11, 2018, 47, 1, 23, 99),
(20180210, '0000-00-00', 23, 11, 2018, 47, 1, 23, 99),
(20180211, '0000-00-00', 26, 11, 2018, 48, 1, 23, 100),
(20180212, '0000-00-00', 27, 11, 2018, 48, 1, 23, 100),
(20180213, '0000-00-00', 28, 11, 2018, 48, 1, 23, 100),
(20180214, '0000-00-00', 29, 11, 2018, 48, 1, 23, 100),
(20180215, '0000-00-00', 30, 11, 2018, 48, 1, 23, 100),
(20180216, '0000-00-00', 3, 12, 2018, 49, 1, 24, 101),
(20180217, '0000-00-00', 4, 12, 2018, 49, 1, 24, 101),
(20180218, '0000-00-00', 5, 12, 2018, 49, 1, 24, 101),
(20180219, '0000-00-00', 6, 12, 2018, 49, 1, 24, 101),
(20180220, '0000-00-00', 7, 12, 2018, 49, 1, 24, 101),
(20180221, '0000-00-00', 10, 12, 2018, 50, 1, 24, 102),
(20180222, '0000-00-00', 11, 12, 2018, 50, 1, 24, 102),
(20180223, '0000-00-00', 12, 12, 2018, 50, 1, 24, 102),
(20180224, '0000-00-00', 13, 12, 2018, 50, 1, 24, 102),
(20180225, '0000-00-00', 14, 12, 2018, 50, 1, 24, 102),
(20180226, '0000-00-00', 17, 12, 2018, 51, 1, 24, 103),
(20180227, '0000-00-00', 18, 12, 2018, 51, 1, 24, 103),
(20180228, '0000-00-00', 19, 12, 2018, 51, 1, 24, 103),
(20180229, '0000-00-00', 20, 12, 2018, 51, 1, 24, 103),
(20180230, '0000-00-00', 21, 12, 2018, 51, 1, 24, 103),
(20180231, '0000-00-00', 24, 12, 2018, 52, 1, 24, 104),
(20180232, '0000-00-00', 25, 12, 2018, 52, 1, 24, 104),
(20180233, '0000-00-00', 26, 12, 2018, 52, 1, 24, 104),
(20180234, '0000-00-00', 27, 12, 2018, 52, 1, 24, 104),
(20180235, '0000-00-00', 28, 12, 2018, 52, 1, 24, 104),
(20180236, '0000-00-00', 31, 12, 2018, 1, 1, 24, 53),
(20190001, '0000-00-00', 1, 1, 2019, 1, 1, 25, 105),
(20190002, '0000-00-00', 2, 1, 2019, 1, 1, 25, 105),
(20190003, '0000-00-00', 3, 1, 2019, 1, 1, 25, 105),
(20190004, '0000-00-00', 4, 1, 2019, 1, 1, 25, 105),
(20190005, '0000-00-00', 7, 1, 2019, 2, 1, 25, 106),
(20190006, '0000-00-00', 8, 1, 2019, 2, 1, 25, 106),
(20190007, '0000-00-00', 9, 1, 2019, 2, 1, 25, 106),
(20190008, '0000-00-00', 10, 1, 2019, 2, 1, 25, 106),
(20190009, '0000-00-00', 11, 1, 2019, 2, 1, 25, 106),
(20190010, '0000-00-00', 14, 1, 2019, 3, 1, 25, 107),
(20190011, '0000-00-00', 15, 1, 2019, 3, 1, 25, 107),
(20190012, '0000-00-00', 16, 1, 2019, 3, 1, 25, 107),
(20190013, '0000-00-00', 17, 1, 2019, 3, 1, 25, 107),
(20190014, '0000-00-00', 18, 1, 2019, 3, 1, 25, 107),
(20190015, '0000-00-00', 21, 1, 2019, 4, 1, 25, 108),
(20190016, '0000-00-00', 22, 1, 2019, 4, 1, 25, 108),
(20190017, '0000-00-00', 23, 1, 2019, 4, 1, 25, 108),
(20190018, '0000-00-00', 24, 1, 2019, 4, 1, 25, 108),
(20190019, '0000-00-00', 25, 1, 2019, 4, 1, 25, 108),
(20190020, '0000-00-00', 28, 1, 2019, 5, 1, 25, 109),
(20190021, '0000-00-00', 29, 1, 2019, 5, 1, 25, 109),
(20190022, '0000-00-00', 30, 1, 2019, 5, 1, 25, 109),
(20190023, '0000-00-00', 4, 2, 2019, 6, 1, 26, 110),
(20190024, '0000-00-00', 5, 2, 2019, 6, 1, 26, 110),
(20190025, '0000-00-00', 6, 2, 2019, 6, 1, 26, 110),
(20190026, '0000-00-00', 7, 2, 2019, 6, 1, 26, 110),
(20190027, '0000-00-00', 8, 2, 2019, 6, 1, 26, 110),
(20190028, '0000-00-00', 11, 2, 2019, 7, 1, 26, 111),
(20190029, '0000-00-00', 12, 2, 2019, 7, 1, 26, 111),
(20190030, '0000-00-00', 13, 2, 2019, 7, 1, 26, 111),
(20190031, '0000-00-00', 14, 2, 2019, 7, 1, 26, 111),
(20190032, '0000-00-00', 15, 2, 2019, 7, 1, 26, 111),
(20190033, '0000-00-00', 18, 2, 2019, 8, 1, 26, 112),
(20190034, '0000-00-00', 19, 2, 2019, 8, 1, 26, 112),
(20190035, '0000-00-00', 20, 2, 2019, 8, 1, 26, 112),
(20190036, '0000-00-00', 21, 2, 2019, 8, 1, 26, 112),
(20190037, '0000-00-00', 22, 2, 2019, 8, 1, 26, 112),
(20190038, '0000-00-00', 25, 2, 2019, 9, 1, 26, 113),
(20190039, '0000-00-00', 26, 2, 2019, 9, 1, 26, 113),
(20190040, '0000-00-00', 27, 2, 2019, 9, 1, 26, 113),
(20190041, '0000-00-00', 28, 2, 2019, 9, 1, 26, 113),
(20190042, '0000-00-00', 1, 4, 2019, 14, 1, 28, 118),
(20190043, '0000-00-00', 2, 4, 2019, 14, 1, 28, 118),
(20190044, '0000-00-00', 3, 4, 2019, 14, 1, 28, 118),
(20190045, '0000-00-00', 4, 4, 2019, 14, 1, 28, 118),
(20190046, '0000-00-00', 5, 4, 2019, 14, 1, 28, 118),
(20190047, '0000-00-00', 8, 4, 2019, 15, 1, 28, 119),
(20190048, '0000-00-00', 9, 4, 2019, 15, 1, 28, 119),
(20190049, '0000-00-00', 10, 4, 2019, 15, 1, 28, 119),
(20190050, '0000-00-00', 11, 4, 2019, 15, 1, 28, 119),
(20190051, '0000-00-00', 12, 4, 2019, 15, 1, 28, 119),
(20190052, '0000-00-00', 15, 4, 2019, 16, 1, 28, 120),
(20190053, '0000-00-00', 16, 4, 2019, 16, 1, 28, 120),
(20190054, '0000-00-00', 17, 4, 2019, 16, 1, 28, 120),
(20190055, '0000-00-00', 18, 4, 2019, 16, 1, 28, 120),
(20190056, '0000-00-00', 19, 4, 2019, 16, 1, 28, 120),
(20190057, '0000-00-00', 22, 4, 2019, 17, 1, 28, 121),
(20190058, '0000-00-00', 23, 4, 2019, 17, 1, 28, 121),
(20190059, '0000-00-00', 24, 4, 2019, 17, 1, 28, 121),
(20190060, '0000-00-00', 25, 4, 2019, 17, 1, 28, 121),
(20190061, '0000-00-00', 26, 4, 2019, 17, 1, 28, 121),
(20190062, '0000-00-00', 29, 4, 2019, 18, 1, 28, 122),
(20190063, '0000-00-00', 30, 4, 2019, 18, 1, 28, 122),
(20190064, '0000-00-00', 1, 5, 2019, 18, 1, 29, 122),
(20190065, '0000-00-00', 2, 5, 2019, 18, 1, 29, 122),
(20190066, '0000-00-00', 3, 5, 2019, 18, 1, 29, 122),
(20190067, '0000-00-00', 6, 5, 2019, 19, 1, 29, 123),
(20190068, '0000-00-00', 7, 5, 2019, 19, 1, 29, 123),
(20190069, '0000-00-00', 8, 5, 2019, 19, 1, 29, 123),
(20190070, '0000-00-00', 9, 5, 2019, 19, 1, 29, 123),
(20190071, '0000-00-00', 10, 5, 2019, 19, 1, 29, 123),
(20190072, '0000-00-00', 13, 5, 2019, 20, 1, 29, 124),
(20190073, '0000-00-00', 14, 5, 2019, 20, 1, 29, 124),
(20190074, '0000-00-00', 15, 5, 2019, 20, 1, 29, 124),
(20190075, '0000-00-00', 16, 5, 2019, 20, 1, 29, 124),
(20190076, '0000-00-00', 17, 5, 2019, 20, 1, 29, 124),
(20190077, '0000-00-00', 20, 5, 2019, 21, 1, 29, 125),
(20190078, '0000-00-00', 21, 5, 2019, 21, 1, 29, 125),
(20190079, '0000-00-00', 22, 5, 2019, 21, 1, 29, 125),
(20190080, '0000-00-00', 23, 5, 2019, 21, 1, 29, 125),
(20190081, '0000-00-00', 24, 5, 2019, 21, 1, 29, 125),
(20190082, '0000-00-00', 27, 5, 2019, 22, 1, 29, 126),
(20190083, '0000-00-00', 28, 5, 2019, 22, 1, 29, 126),
(20190084, '0000-00-00', 29, 5, 2019, 22, 1, 29, 126),
(20190085, '0000-00-00', 30, 5, 2019, 22, 1, 29, 126),
(20190086, '0000-00-00', 31, 5, 2019, 22, 1, 29, 126),
(20190087, '0000-00-00', 3, 6, 2019, 23, 1, 30, 127),
(20190088, '0000-00-00', 4, 6, 2019, 23, 1, 30, 127),
(20190089, '0000-00-00', 5, 6, 2019, 23, 1, 30, 127),
(20190090, '0000-00-00', 6, 6, 2019, 23, 1, 30, 127),
(20190091, '0000-00-00', 7, 6, 2019, 23, 1, 30, 127),
(20190092, '0000-00-00', 10, 6, 2019, 24, 1, 30, 128),
(20190093, '0000-00-00', 11, 6, 2019, 24, 1, 30, 128),
(20190094, '0000-00-00', 12, 6, 2019, 24, 1, 30, 128),
(20190095, '0000-00-00', 13, 6, 2019, 24, 1, 30, 128),
(20190096, '0000-00-00', 14, 6, 2019, 24, 1, 30, 128),
(20190097, '0000-00-00', 17, 6, 2019, 25, 1, 30, 129),
(20190098, '0000-00-00', 18, 6, 2019, 25, 1, 30, 129),
(20190099, '0000-00-00', 19, 6, 2019, 25, 1, 30, 129),
(20190100, '0000-00-00', 20, 6, 2019, 25, 1, 30, 129),
(20190101, '0000-00-00', 21, 6, 2019, 25, 1, 30, 129),
(20190102, '0000-00-00', 24, 6, 2019, 26, 1, 30, 130),
(20190103, '0000-00-00', 25, 6, 2019, 26, 1, 30, 130),
(20190104, '0000-00-00', 26, 6, 2019, 26, 1, 30, 130),
(20190105, '0000-00-00', 27, 6, 2019, 26, 1, 30, 130),
(20190106, '0000-00-00', 28, 6, 2019, 26, 1, 30, 130),
(20190107, '0000-00-00', 1, 7, 2019, 27, 1, 31, 131),
(20190108, '0000-00-00', 2, 7, 2019, 27, 1, 31, 131),
(20190109, '0000-00-00', 3, 7, 2019, 27, 1, 31, 131),
(20190110, '0000-00-00', 4, 7, 2019, 27, 1, 31, 131),
(20190111, '0000-00-00', 5, 7, 2019, 27, 1, 31, 131),
(20190112, '0000-00-00', 8, 7, 2019, 28, 1, 31, 132),
(20190113, '0000-00-00', 9, 7, 2019, 28, 1, 31, 132),
(20190114, '0000-00-00', 10, 7, 2019, 28, 1, 31, 132),
(20190115, '0000-00-00', 11, 7, 2019, 28, 1, 31, 132),
(20190116, '0000-00-00', 12, 7, 2019, 28, 1, 31, 132),
(20190117, '0000-00-00', 15, 7, 2019, 29, 1, 31, 133),
(20190118, '0000-00-00', 16, 7, 2019, 29, 1, 31, 133),
(20190119, '0000-00-00', 17, 7, 2019, 29, 1, 31, 133),
(20190120, '0000-00-00', 18, 7, 2019, 29, 1, 31, 133),
(20190121, '0000-00-00', 19, 7, 2019, 29, 1, 31, 133),
(20190122, '0000-00-00', 22, 7, 2019, 30, 1, 31, 134),
(20190123, '0000-00-00', 23, 7, 2019, 30, 1, 31, 134),
(20190124, '0000-00-00', 24, 7, 2019, 30, 1, 31, 134),
(20190125, '0000-00-00', 25, 7, 2019, 30, 1, 31, 134),
(20190126, '0000-00-00', 26, 7, 2019, 30, 1, 31, 134),
(20190127, '0000-00-00', 29, 7, 2019, 31, 1, 31, 135),
(20190128, '0000-00-00', 30, 7, 2019, 31, 1, 31, 135),
(20190129, '0000-00-00', 31, 7, 2019, 31, 1, 31, 135),
(20190130, '0000-00-00', 1, 8, 2019, 31, 1, 32, 135),
(20190131, '0000-00-00', 2, 8, 2019, 31, 1, 32, 135),
(20190132, '0000-00-00', 5, 8, 2019, 32, 1, 32, 136),
(20190133, '0000-00-00', 6, 8, 2019, 32, 1, 32, 136),
(20190134, '0000-00-00', 7, 8, 2019, 32, 1, 32, 136),
(20190135, '0000-00-00', 8, 8, 2019, 32, 1, 32, 136),
(20190136, '0000-00-00', 9, 8, 2019, 32, 1, 32, 136),
(20190137, '0000-00-00', 12, 8, 2019, 33, 1, 32, 137),
(20190138, '0000-00-00', 13, 8, 2019, 33, 1, 32, 137),
(20190139, '0000-00-00', 14, 8, 2019, 33, 1, 32, 137),
(20190140, '0000-00-00', 15, 8, 2019, 33, 1, 32, 137),
(20190141, '0000-00-00', 16, 8, 2019, 33, 1, 32, 137),
(20190142, '0000-00-00', 19, 8, 2019, 34, 1, 32, 138),
(20190143, '0000-00-00', 20, 8, 2019, 34, 1, 32, 138),
(20190144, '0000-00-00', 21, 8, 2019, 34, 1, 32, 138),
(20190145, '0000-00-00', 22, 8, 2019, 34, 1, 32, 138),
(20190146, '0000-00-00', 23, 8, 2019, 34, 1, 32, 138),
(20190147, '0000-00-00', 26, 8, 2019, 35, 1, 32, 139),
(20190148, '0000-00-00', 27, 8, 2019, 35, 1, 32, 139),
(20190149, '0000-00-00', 28, 8, 2019, 35, 1, 32, 139),
(20190150, '0000-00-00', 29, 8, 2019, 35, 1, 32, 139),
(20190151, '0000-00-00', 30, 8, 2019, 35, 1, 32, 139),
(20190152, '0000-00-00', 2, 9, 2019, 36, 1, 33, 140),
(20190153, '0000-00-00', 3, 9, 2019, 36, 1, 33, 140),
(20190154, '0000-00-00', 4, 9, 2019, 36, 1, 33, 140),
(20190155, '0000-00-00', 5, 9, 2019, 36, 1, 33, 140),
(20190156, '0000-00-00', 6, 9, 2019, 36, 1, 33, 140),
(20190157, '0000-00-00', 9, 9, 2019, 37, 1, 33, 141),
(20190158, '0000-00-00', 10, 9, 2019, 37, 1, 33, 141),
(20190159, '0000-00-00', 11, 9, 2019, 37, 1, 33, 141),
(20190160, '0000-00-00', 12, 9, 2019, 37, 1, 33, 141),
(20190161, '0000-00-00', 13, 9, 2019, 37, 1, 33, 141),
(20190162, '0000-00-00', 16, 9, 2019, 38, 1, 33, 142),
(20190163, '0000-00-00', 17, 9, 2019, 38, 1, 33, 142),
(20190164, '0000-00-00', 18, 9, 2019, 38, 1, 33, 142),
(20190165, '0000-00-00', 19, 9, 2019, 38, 1, 33, 142),
(20190166, '0000-00-00', 20, 9, 2019, 38, 1, 33, 142),
(20190167, '0000-00-00', 23, 9, 2019, 39, 1, 33, 143),
(20190168, '0000-00-00', 24, 9, 2019, 39, 1, 33, 143),
(20190169, '0000-00-00', 27, 9, 2019, 39, 1, 33, 143),
(20190170, '0000-00-00', 30, 9, 2019, 40, 1, 33, 144),
(20190171, '0000-00-00', 3, 10, 2019, 40, 1, 34, 144),
(20190172, '0000-00-00', 4, 10, 2019, 40, 1, 34, 144),
(20190173, '0000-00-00', 5, 10, 2019, 40, 1, 34, 144),
(20190174, '0000-00-00', 6, 10, 2019, 40, 1, 34, 144),
(20190175, '0000-00-00', 7, 10, 2019, 41, 1, 34, 145),
(20190176, '0000-00-00', 10, 10, 2019, 41, 1, 34, 145),
(20190177, '0000-00-00', 11, 10, 2019, 41, 1, 34, 145),
(20190178, '0000-00-00', 12, 10, 2019, 41, 1, 34, 145),
(20190179, '0000-00-00', 13, 10, 2019, 41, 1, 34, 145),
(20190180, '0000-00-00', 14, 10, 2019, 42, 1, 34, 146),
(20190181, '0000-00-00', 17, 10, 2019, 42, 1, 34, 146),
(20190182, '0000-00-00', 18, 10, 2019, 42, 1, 34, 146),
(20190183, '0000-00-00', 19, 10, 2019, 42, 1, 34, 146),
(20190184, '0000-00-00', 20, 10, 2019, 42, 1, 34, 146),
(20190185, '0000-00-00', 21, 10, 2019, 43, 1, 34, 147),
(20190186, '0000-00-00', 24, 10, 2019, 43, 1, 34, 147),
(20190187, '0000-00-00', 25, 10, 2019, 43, 1, 34, 147),
(20190188, '0000-00-00', 26, 10, 2019, 43, 1, 34, 147),
(20190189, '0000-00-00', 27, 10, 2019, 43, 1, 34, 147),
(20190190, '0000-00-00', 28, 10, 2019, 44, 1, 34, 148),
(20190191, '0000-00-00', 2, 12, 2019, 49, 1, 36, 153),
(20190192, '0000-00-00', 3, 12, 2019, 49, 1, 36, 153),
(20190193, '0000-00-00', 4, 12, 2019, 49, 1, 36, 153),
(20190194, '0000-00-00', 5, 12, 2019, 49, 1, 36, 153),
(20190195, '0000-00-00', 6, 12, 2019, 49, 1, 36, 153),
(20190196, '0000-00-00', 9, 12, 2019, 50, 1, 36, 154),
(20190197, '0000-00-00', 10, 12, 2019, 50, 1, 36, 154),
(20190198, '0000-00-00', 11, 12, 2019, 50, 1, 36, 154),
(20190199, '0000-00-00', 12, 12, 2019, 50, 1, 36, 154),
(20190200, '0000-00-00', 13, 12, 2019, 50, 1, 36, 154),
(20190201, '0000-00-00', 16, 12, 2019, 51, 1, 36, 155),
(20190202, '0000-00-00', 17, 12, 2019, 51, 1, 36, 155),
(20190203, '0000-00-00', 18, 12, 2019, 51, 1, 36, 155),
(20190204, '0000-00-00', 19, 12, 2019, 51, 1, 36, 155),
(20190205, '0000-00-00', 20, 12, 2019, 51, 1, 36, 155),
(20190206, '0000-00-00', 23, 12, 2019, 52, 1, 36, 156),
(20190207, '0000-00-00', 24, 12, 2019, 52, 1, 36, 156),
(20190208, '0000-00-00', 25, 12, 2019, 52, 1, 36, 156),
(20190209, '0000-00-00', 26, 12, 2019, 52, 1, 36, 156),
(20190210, '0000-00-00', 27, 12, 2019, 52, 1, 36, 156),
(20190211, '0000-00-00', 30, 12, 2019, 1, 1, 36, 105),
(20200001, '0000-00-00', 1, 1, 2020, 1, 1, 37, 157),
(20200002, '0000-00-00', 2, 1, 2020, 1, 1, 37, 157),
(20200003, '0000-00-00', 3, 1, 2020, 1, 1, 37, 157),
(20200004, '0000-00-00', 6, 1, 2020, 2, 1, 37, 158),
(20200005, '0000-00-00', 7, 1, 2020, 2, 1, 37, 158),
(20200006, '0000-00-00', 8, 1, 2020, 2, 1, 37, 158),
(20200007, '0000-00-00', 9, 1, 2020, 2, 1, 37, 158),
(20200008, '0000-00-00', 10, 1, 2020, 2, 1, 37, 158),
(20200009, '0000-00-00', 13, 1, 2020, 3, 1, 37, 159),
(20200010, '0000-00-00', 14, 1, 2020, 3, 1, 37, 159),
(20200011, '0000-00-00', 15, 1, 2020, 3, 1, 37, 159),
(20200012, '0000-00-00', 16, 1, 2020, 3, 1, 37, 159),
(20200013, '0000-00-00', 17, 1, 2020, 3, 1, 37, 159),
(20200014, '0000-00-00', 20, 1, 2020, 4, 1, 37, 160),
(20200015, '0000-00-00', 21, 1, 2020, 4, 1, 37, 160),
(20200016, '0000-00-00', 22, 1, 2020, 4, 1, 37, 160),
(20200017, '0000-00-00', 23, 1, 2020, 4, 1, 37, 160),
(20200018, '0000-00-00', 24, 1, 2020, 4, 1, 37, 160),
(20200019, '0000-00-00', 27, 1, 2020, 5, 1, 37, 161),
(20200020, '0000-00-00', 28, 1, 2020, 5, 1, 37, 161),
(20200021, '0000-00-00', 29, 1, 2020, 5, 1, 37, 161),
(20200022, '0000-00-00', 30, 1, 2020, 5, 1, 37, 161),
(20200023, '0000-00-00', 31, 1, 2020, 5, 1, 37, 161),
(20200024, '0000-00-00', 3, 2, 2020, 6, 1, 38, 162),
(20200025, '0000-00-00', 4, 2, 2020, 6, 1, 38, 162),
(20200026, '0000-00-00', 5, 2, 2020, 6, 1, 38, 162),
(20200027, '0000-00-00', 6, 2, 2020, 6, 1, 38, 162),
(20200028, '0000-00-00', 7, 2, 2020, 6, 1, 38, 162),
(20200029, '0000-00-00', 10, 2, 2020, 7, 1, 38, 163),
(20200030, '0000-00-00', 11, 2, 2020, 7, 1, 38, 163),
(20200031, '0000-00-00', 12, 2, 2020, 7, 1, 38, 163),
(20200032, '0000-00-00', 13, 2, 2020, 7, 1, 38, 163),
(20200033, '0000-00-00', 14, 2, 2020, 7, 1, 38, 163),
(20200034, '0000-00-00', 17, 2, 2020, 8, 1, 38, 164),
(20200035, '0000-00-00', 18, 2, 2020, 8, 1, 38, 164),
(20200036, '0000-00-00', 19, 2, 2020, 8, 1, 38, 164),
(20200037, '0000-00-00', 20, 2, 2020, 8, 1, 38, 164),
(20200038, '0000-00-00', 21, 2, 2020, 8, 1, 38, 164),
(20200039, '0000-00-00', 24, 2, 2020, 9, 1, 38, 165),
(20200040, '0000-00-00', 25, 2, 2020, 9, 1, 38, 165),
(20200041, '0000-00-00', 26, 2, 2020, 9, 1, 38, 165),
(20200042, '0000-00-00', 27, 2, 2020, 9, 1, 38, 165),
(20200043, '0000-00-00', 28, 2, 2020, 9, 1, 38, 165),
(20200044, '0000-00-00', 2, 3, 2020, 10, 1, 39, 166),
(20200045, '0000-00-00', 3, 3, 2020, 10, 1, 39, 166),
(20200046, '0000-00-00', 4, 3, 2020, 10, 1, 39, 166),
(20200047, '0000-00-00', 5, 3, 2020, 10, 1, 39, 166),
(20200048, '0000-00-00', 6, 3, 2020, 10, 1, 39, 166),
(20200049, '0000-00-00', 9, 3, 2020, 11, 1, 39, 167),
(20200050, '0000-00-00', 10, 3, 2020, 11, 1, 39, 167),
(20200051, '0000-00-00', 11, 3, 2020, 11, 1, 39, 167),
(20200052, '0000-00-00', 12, 3, 2020, 11, 1, 39, 167),
(20200053, '0000-00-00', 13, 3, 2020, 11, 1, 39, 167),
(20200054, '0000-00-00', 16, 3, 2020, 12, 1, 39, 168),
(20200055, '0000-00-00', 17, 3, 2020, 12, 1, 39, 168),
(20200056, '0000-00-00', 18, 3, 2020, 12, 1, 39, 168),
(20200057, '0000-00-00', 19, 3, 2020, 12, 1, 39, 168),
(20200058, '0000-00-00', 20, 3, 2020, 12, 1, 39, 168),
(20200059, '0000-00-00', 23, 3, 2020, 13, 1, 39, 169),
(20200060, '0000-00-00', 24, 3, 2020, 13, 1, 39, 169),
(20200061, '0000-00-00', 27, 3, 2020, 13, 1, 39, 169),
(20200062, '0000-00-00', 1, 4, 2020, 14, 1, 40, 170),
(20200063, '0000-00-00', 2, 4, 2020, 14, 1, 40, 170),
(20200064, '0000-00-00', 3, 4, 2020, 14, 1, 40, 170),
(20200065, '0000-00-00', 6, 4, 2020, 15, 1, 40, 171),
(20200066, '0000-00-00', 7, 4, 2020, 15, 1, 40, 171),
(20200067, '0000-00-00', 8, 4, 2020, 15, 1, 40, 171),
(20200068, '0000-00-00', 9, 4, 2020, 15, 1, 40, 171),
(20200069, '0000-00-00', 10, 4, 2020, 15, 1, 40, 171),
(20200070, '0000-00-00', 13, 4, 2020, 16, 1, 40, 172),
(20200071, '0000-00-00', 14, 4, 2020, 16, 1, 40, 172),
(20200072, '0000-00-00', 15, 4, 2020, 16, 1, 40, 172),
(20200073, '0000-00-00', 16, 4, 2020, 16, 1, 40, 172),
(20200074, '0000-00-00', 17, 4, 2020, 16, 1, 40, 172),
(20200075, '0000-00-00', 20, 4, 2020, 17, 1, 40, 173),
(20200076, '0000-00-00', 21, 4, 2020, 17, 1, 40, 173),
(20200077, '0000-00-00', 22, 4, 2020, 17, 1, 40, 173),
(20200078, '0000-00-00', 23, 4, 2020, 17, 1, 40, 173),
(20200079, '0000-00-00', 24, 4, 2020, 17, 1, 40, 173),
(20200080, '0000-00-00', 27, 4, 2020, 18, 1, 40, 174),
(20200081, '0000-00-00', 28, 4, 2020, 18, 1, 40, 174),
(20200082, '0000-00-00', 29, 4, 2020, 18, 1, 40, 174),
(20200083, '0000-00-00', 30, 4, 2020, 18, 1, 40, 174),
(20200084, '0000-00-00', 1, 5, 2020, 18, 1, 41, 174),
(20200085, '0000-00-00', 4, 5, 2020, 19, 1, 41, 175),
(20200086, '0000-00-00', 5, 5, 2020, 19, 1, 41, 175),
(20200087, '0000-00-00', 6, 5, 2020, 19, 1, 41, 175),
(20200088, '0000-00-00', 7, 5, 2020, 19, 1, 41, 175),
(20200089, '0000-00-00', 8, 5, 2020, 19, 1, 41, 175),
(20200090, '0000-00-00', 11, 5, 2020, 20, 1, 41, 176),
(20200091, '0000-00-00', 12, 5, 2020, 20, 1, 41, 176),
(20200092, '0000-00-00', 13, 5, 2020, 20, 1, 41, 176),
(20200093, '0000-00-00', 14, 5, 2020, 20, 1, 41, 176),
(20200094, '0000-00-00', 15, 5, 2020, 20, 1, 41, 176),
(20200095, '0000-00-00', 18, 5, 2020, 21, 1, 41, 177),
(20200096, '0000-00-00', 19, 5, 2020, 21, 1, 41, 177),
(20200097, '0000-00-00', 20, 5, 2020, 21, 1, 41, 177),
(20200098, '0000-00-00', 21, 5, 2020, 21, 1, 41, 177),
(20200099, '0000-00-00', 22, 5, 2020, 21, 1, 41, 177),
(20200100, '0000-00-00', 25, 5, 2020, 22, 1, 41, 178),
(20200101, '0000-00-00', 26, 5, 2020, 22, 1, 41, 178),
(20200102, '0000-00-00', 27, 5, 2020, 22, 1, 41, 178),
(20200103, '0000-00-00', 28, 5, 2020, 22, 1, 41, 178),
(20200104, '0000-00-00', 29, 5, 2020, 22, 1, 41, 178),
(20200105, '0000-00-00', 1, 6, 2020, 23, 1, 42, 179),
(20200106, '0000-00-00', 2, 6, 2020, 23, 1, 42, 179),
(20200107, '0000-00-00', 3, 6, 2020, 23, 1, 42, 179),
(20200108, '0000-00-00', 4, 6, 2020, 23, 1, 42, 179),
(20200109, '0000-00-00', 5, 6, 2020, 23, 1, 42, 179),
(20200110, '0000-00-00', 8, 6, 2020, 24, 1, 42, 180),
(20200111, '0000-00-00', 9, 6, 2020, 24, 1, 42, 180),
(20200112, '0000-00-00', 10, 6, 2020, 24, 1, 42, 180),
(20200113, '0000-00-00', 11, 6, 2020, 24, 1, 42, 180),
(20200114, '0000-00-00', 12, 6, 2020, 24, 1, 42, 180),
(20200115, '0000-00-00', 15, 6, 2020, 25, 1, 42, 181),
(20200116, '0000-00-00', 16, 6, 2020, 25, 1, 42, 181),
(20200117, '0000-00-00', 17, 6, 2020, 25, 1, 42, 181),
(20200118, '0000-00-00', 18, 6, 2020, 25, 1, 42, 181),
(20200119, '0000-00-00', 19, 6, 2020, 25, 1, 42, 181),
(20200120, '0000-00-00', 22, 6, 2020, 26, 1, 42, 182),
(20200121, '0000-00-00', 23, 6, 2020, 26, 1, 42, 182),
(20200122, '0000-00-00', 24, 6, 2020, 26, 1, 42, 182),
(20200123, '0000-00-00', 25, 6, 2020, 26, 1, 42, 182),
(20200124, '0000-00-00', 26, 6, 2020, 26, 1, 42, 182),
(20200125, '0000-00-00', 29, 6, 2020, 27, 1, 42, 183),
(20200126, '0000-00-00', 30, 6, 2020, 27, 1, 42, 183),
(20200127, '0000-00-00', 1, 7, 2020, 27, 1, 43, 183),
(20200128, '0000-00-00', 2, 7, 2020, 27, 1, 43, 183),
(20200129, '0000-00-00', 3, 7, 2020, 27, 1, 43, 183),
(20200130, '0000-00-00', 6, 7, 2020, 28, 1, 43, 184),
(20200131, '0000-00-00', 7, 7, 2020, 28, 1, 43, 184),
(20200132, '0000-00-00', 8, 7, 2020, 28, 1, 43, 184),
(20200133, '0000-00-00', 9, 7, 2020, 28, 1, 43, 184),
(20200134, '0000-00-00', 10, 7, 2020, 28, 1, 43, 184),
(20200135, '0000-00-00', 13, 7, 2020, 29, 1, 43, 185),
(20200136, '0000-00-00', 14, 7, 2020, 29, 1, 43, 185),
(20200137, '0000-00-00', 15, 7, 2020, 29, 1, 43, 185),
(20200138, '0000-00-00', 16, 7, 2020, 29, 1, 43, 185),
(20200139, '0000-00-00', 17, 7, 2020, 29, 1, 43, 185),
(20200140, '0000-00-00', 20, 7, 2020, 30, 1, 43, 186),
(20200141, '0000-00-00', 21, 7, 2020, 30, 1, 43, 186),
(20200142, '0000-00-00', 22, 7, 2020, 30, 1, 43, 186),
(20200143, '0000-00-00', 23, 7, 2020, 30, 1, 43, 186),
(20200144, '0000-00-00', 24, 7, 2020, 30, 1, 43, 186),
(20200145, '0000-00-00', 27, 7, 2020, 31, 1, 43, 187),
(20200146, '0000-00-00', 28, 7, 2020, 31, 1, 43, 187),
(20200147, '0000-00-00', 29, 7, 2020, 31, 1, 43, 187),
(20200148, '0000-00-00', 30, 7, 2020, 31, 1, 43, 187),
(20200149, '0000-00-00', 31, 7, 2020, 31, 1, 43, 187),
(20200150, '0000-00-00', 3, 8, 2020, 32, 1, 44, 188),
(20200151, '0000-00-00', 4, 8, 2020, 32, 1, 44, 188),
(20200152, '0000-00-00', 5, 8, 2020, 32, 1, 44, 188),
(20200153, '0000-00-00', 6, 8, 2020, 32, 1, 44, 188),
(20200154, '0000-00-00', 7, 8, 2020, 32, 1, 44, 188),
(20200155, '0000-00-00', 10, 8, 2020, 33, 1, 44, 189),
(20200156, '0000-00-00', 11, 8, 2020, 33, 1, 44, 189),
(20200157, '0000-00-00', 12, 8, 2020, 33, 1, 44, 189),
(20200158, '0000-00-00', 13, 8, 2020, 33, 1, 44, 189),
(20200159, '0000-00-00', 14, 8, 2020, 33, 1, 44, 189),
(20200160, '0000-00-00', 17, 8, 2020, 34, 1, 44, 190),
(20200161, '0000-00-00', 18, 8, 2020, 34, 1, 44, 190),
(20200162, '0000-00-00', 19, 8, 2020, 34, 1, 44, 190),
(20200163, '0000-00-00', 20, 8, 2020, 34, 1, 44, 190),
(20200164, '0000-00-00', 21, 8, 2020, 34, 1, 44, 190),
(20200165, '0000-00-00', 24, 8, 2020, 35, 1, 44, 191),
(20200166, '0000-00-00', 25, 8, 2020, 35, 1, 44, 191),
(20200167, '0000-00-00', 26, 8, 2020, 35, 1, 44, 191),
(20200168, '0000-00-00', 27, 8, 2020, 35, 1, 44, 191),
(20200169, '0000-00-00', 28, 8, 2020, 35, 1, 44, 191),
(20200170, '0000-00-00', 31, 8, 2020, 36, 1, 44, 192),
(20200171, '0000-00-00', 1, 9, 2020, 36, 1, 45, 192),
(20200172, '0000-00-00', 2, 9, 2020, 36, 1, 45, 192),
(20200173, '0000-00-00', 3, 9, 2020, 36, 1, 45, 192),
(20200174, '0000-00-00', 4, 9, 2020, 36, 1, 45, 192),
(20200175, '0000-00-00', 7, 9, 2020, 37, 1, 45, 193),
(20200176, '0000-00-00', 8, 9, 2020, 37, 1, 45, 193),
(20200177, '0000-00-00', 9, 9, 2020, 37, 1, 45, 193),
(20200178, '0000-00-00', 10, 9, 2020, 37, 1, 45, 193),
(20200179, '0000-00-00', 11, 9, 2020, 37, 1, 45, 193),
(20200180, '0000-00-00', 14, 9, 2020, 38, 1, 45, 194),
(20200181, '0000-00-00', 15, 9, 2020, 38, 1, 45, 194),
(20200182, '0000-00-00', 16, 9, 2020, 38, 1, 45, 194),
(20200183, '0000-00-00', 17, 9, 2020, 38, 1, 45, 194),
(20200184, '0000-00-00', 18, 9, 2020, 38, 1, 45, 194),
(20200185, '0000-00-00', 21, 9, 2020, 39, 1, 45, 195),
(20200186, '0000-00-00', 22, 9, 2020, 39, 1, 45, 195),
(20200187, '0000-00-00', 25, 9, 2020, 39, 1, 45, 195),
(20200188, '0000-00-00', 28, 9, 2020, 40, 1, 45, 196),
(20200189, '0000-00-00', 29, 9, 2020, 40, 1, 45, 196),
(20200190, '0000-00-00', 30, 9, 2020, 40, 1, 45, 196),
(20200191, '0000-00-00', 1, 10, 2020, 40, 1, 46, 196),
(20200192, '0000-00-00', 2, 10, 2020, 40, 1, 46, 196),
(20200193, '0000-00-00', 5, 10, 2020, 41, 1, 46, 197),
(20200194, '0000-00-00', 6, 10, 2020, 41, 1, 46, 197),
(20200195, '0000-00-00', 7, 10, 2020, 41, 1, 46, 197),
(20200196, '0000-00-00', 8, 10, 2020, 41, 1, 46, 197),
(20200197, '0000-00-00', 9, 10, 2020, 41, 1, 46, 197),
(20200198, '0000-00-00', 12, 10, 2020, 42, 1, 46, 198),
(20200199, '0000-00-00', 13, 10, 2020, 42, 1, 46, 198),
(20200200, '0000-00-00', 14, 10, 2020, 42, 1, 46, 198),
(20200201, '0000-00-00', 15, 10, 2020, 42, 1, 46, 198),
(20200202, '0000-00-00', 16, 10, 2020, 42, 1, 46, 198),
(20200203, '0000-00-00', 19, 10, 2020, 43, 1, 46, 199),
(20200204, '0000-00-00', 20, 10, 2020, 43, 1, 46, 199),
(20200205, '0000-00-00', 21, 10, 2020, 43, 1, 46, 199),
(20200206, '0000-00-00', 22, 10, 2020, 43, 1, 46, 199),
(20200207, '0000-00-00', 23, 10, 2020, 43, 1, 46, 199),
(20200208, '0000-00-00', 26, 10, 2020, 44, 1, 46, 200),
(20200209, '0000-00-00', 27, 10, 2020, 44, 1, 46, 200),
(20200210, '0000-00-00', 28, 10, 2020, 44, 1, 46, 200),
(20200211, '0000-00-00', 29, 10, 2020, 44, 1, 46, 200),
(20200212, '0000-00-00', 30, 10, 2020, 44, 1, 46, 200),
(20200213, '0000-00-00', 2, 11, 2020, 45, 1, 47, 201),
(20200214, '0000-00-00', 3, 11, 2020, 45, 1, 47, 201),
(20200215, '0000-00-00', 4, 11, 2020, 45, 1, 47, 201),
(20200216, '0000-00-00', 5, 11, 2020, 45, 1, 47, 201),
(20200217, '0000-00-00', 6, 11, 2020, 45, 1, 47, 201),
(20200218, '0000-00-00', 9, 11, 2020, 46, 1, 47, 202),
(20200219, '0000-00-00', 10, 11, 2020, 46, 1, 47, 202),
(20200220, '0000-00-00', 11, 11, 2020, 46, 1, 47, 202),
(20200221, '0000-00-00', 12, 11, 2020, 46, 1, 47, 202),
(20200222, '0000-00-00', 13, 11, 2020, 46, 1, 47, 202),
(20200223, '0000-00-00', 16, 11, 2020, 47, 1, 47, 203),
(20200224, '0000-00-00', 17, 11, 2020, 47, 1, 47, 203),
(20200225, '0000-00-00', 18, 11, 2020, 47, 1, 47, 203),
(20200226, '0000-00-00', 19, 11, 2020, 47, 1, 47, 203),
(20200227, '0000-00-00', 20, 11, 2020, 47, 1, 47, 203),
(20200228, '0000-00-00', 23, 11, 2020, 48, 1, 47, 204),
(20200229, '0000-00-00', 24, 11, 2020, 48, 1, 47, 204),
(20200230, '0000-00-00', 25, 11, 2020, 48, 1, 47, 204),
(20200231, '0000-00-00', 26, 11, 2020, 48, 1, 47, 204),
(20200232, '0000-00-00', 27, 11, 2020, 48, 1, 47, 204),
(20200233, '0000-00-00', 30, 11, 2020, 49, 1, 47, 205),
(20200234, '0000-00-00', 1, 12, 2020, 49, 1, 48, 205),
(20200235, '0000-00-00', 2, 12, 2020, 49, 1, 48, 205),
(20200236, '0000-00-00', 3, 12, 2020, 49, 1, 48, 205),
(20200237, '0000-00-00', 4, 12, 2020, 49, 1, 48, 205),
(20200238, '0000-00-00', 7, 12, 2020, 50, 1, 48, 206),
(20200239, '0000-00-00', 8, 12, 2020, 50, 1, 48, 206),
(20200240, '0000-00-00', 9, 12, 2020, 50, 1, 48, 206),
(20200241, '0000-00-00', 10, 12, 2020, 50, 1, 48, 206),
(20200242, '0000-00-00', 11, 12, 2020, 50, 1, 48, 206),
(20200243, '0000-00-00', 14, 12, 2020, 51, 1, 48, 207),
(20200244, '0000-00-00', 15, 12, 2020, 51, 1, 48, 207),
(20200245, '0000-00-00', 16, 12, 2020, 51, 1, 48, 207),
(20200246, '0000-00-00', 17, 12, 2020, 51, 1, 48, 207),
(20200247, '0000-00-00', 18, 12, 2020, 51, 1, 48, 207),
(20200248, '0000-00-00', 21, 12, 2020, 52, 1, 48, 208),
(20200249, '0000-00-00', 22, 12, 2020, 52, 1, 48, 208),
(20200250, '0000-00-00', 23, 12, 2020, 52, 1, 48, 208),
(20200251, '0000-00-00', 24, 12, 2020, 52, 1, 48, 208),
(20200252, '0000-00-00', 25, 12, 2020, 52, 1, 48, 208),
(20210001, '0000-00-00', 4, 1, 2021, 1, 1, 49, 209),
(20210002, '0000-00-00', 5, 1, 2021, 1, 1, 49, 209),
(20210003, '0000-00-00', 6, 1, 2021, 1, 1, 49, 209),
(20210004, '0000-00-00', 7, 1, 2021, 1, 1, 49, 209);
INSERT INTO `table_t_date` (`id_D`, `date_R`, `jour`, `mois`, `annee`, `semaine`, `id_t_jour`, `id_M`, `id_S`) VALUES
(20210005, '0000-00-00', 8, 1, 2021, 1, 1, 49, 209),
(20210006, '0000-00-00', 11, 1, 2021, 2, 1, 49, 210),
(20210007, '0000-00-00', 12, 1, 2021, 2, 1, 49, 210),
(20210008, '0000-00-00', 13, 1, 2021, 2, 1, 49, 210),
(20210009, '0000-00-00', 14, 1, 2021, 2, 1, 49, 210),
(20210010, '0000-00-00', 15, 1, 2021, 2, 1, 49, 210),
(20210011, '0000-00-00', 18, 1, 2021, 3, 1, 49, 211),
(20210012, '0000-00-00', 19, 1, 2021, 3, 1, 49, 211),
(20210013, '0000-00-00', 20, 1, 2021, 3, 1, 49, 211),
(20210014, '0000-00-00', 21, 1, 2021, 3, 1, 49, 211),
(20210015, '0000-00-00', 22, 1, 2021, 3, 1, 49, 211),
(20210016, '0000-00-00', 25, 1, 2021, 4, 1, 49, 212),
(20210017, '0000-00-00', 26, 1, 2021, 4, 1, 49, 212),
(20210018, '0000-00-00', 27, 1, 2021, 4, 1, 49, 212),
(20210019, '0000-00-00', 28, 1, 2021, 4, 1, 49, 212),
(20210020, '0000-00-00', 29, 1, 2021, 4, 1, 49, 212),
(20210021, '0000-00-00', 1, 2, 2021, 5, 1, 50, 213),
(20210022, '0000-00-00', 2, 2, 2021, 5, 1, 50, 213),
(20210023, '0000-00-00', 3, 2, 2021, 5, 1, 50, 213),
(20210024, '0000-00-00', 4, 2, 2021, 5, 1, 50, 213),
(20210025, '0000-00-00', 5, 2, 2021, 5, 1, 50, 213),
(20210026, '0000-00-00', 8, 2, 2021, 6, 1, 50, 214),
(20210027, '0000-00-00', 9, 2, 2021, 6, 1, 50, 214),
(20210028, '0000-00-00', 10, 2, 2021, 6, 1, 50, 214),
(20210029, '0000-00-00', 11, 2, 2021, 6, 1, 50, 214),
(20210030, '0000-00-00', 12, 2, 2021, 6, 1, 50, 214),
(20210031, '0000-00-00', 15, 2, 2021, 7, 1, 50, 215),
(20210032, '0000-00-00', 16, 2, 2021, 7, 1, 50, 215),
(20210033, '0000-00-00', 17, 2, 2021, 7, 1, 50, 215),
(20210034, '0000-00-00', 18, 2, 2021, 7, 1, 50, 215),
(20210035, '0000-00-00', 19, 2, 2021, 7, 1, 50, 215),
(20210036, '0000-00-00', 22, 2, 2021, 8, 1, 50, 216),
(20210037, '0000-00-00', 23, 2, 2021, 8, 1, 50, 216),
(20210038, '0000-00-00', 24, 2, 2021, 8, 1, 50, 216),
(20210039, '0000-00-00', 25, 2, 2021, 8, 1, 50, 216),
(20210040, '0000-00-00', 26, 2, 2021, 8, 1, 50, 216),
(20210041, '0000-00-00', 1, 3, 2021, 9, 1, 51, 217),
(20210042, '0000-00-00', 2, 3, 2021, 9, 1, 51, 217),
(20210043, '0000-00-00', 3, 3, 2021, 9, 1, 51, 217),
(20210044, '0000-00-00', 4, 3, 2021, 9, 1, 51, 217),
(20210045, '0000-00-00', 5, 3, 2021, 9, 1, 51, 217),
(20210046, '0000-00-00', 8, 3, 2021, 10, 1, 51, 218),
(20210047, '0000-00-00', 9, 3, 2021, 10, 1, 51, 218),
(20210048, '0000-00-00', 10, 3, 2021, 10, 1, 51, 218),
(20210049, '0000-00-00', 11, 3, 2021, 10, 1, 51, 218),
(20210050, '0000-00-00', 12, 3, 2021, 10, 1, 51, 218),
(20210051, '0000-00-00', 15, 3, 2021, 11, 1, 51, 219),
(20210052, '0000-00-00', 16, 3, 2021, 11, 1, 51, 219),
(20210053, '0000-00-00', 17, 3, 2021, 11, 1, 51, 219),
(20210054, '0000-00-00', 18, 3, 2021, 11, 1, 51, 219),
(20210055, '0000-00-00', 19, 3, 2021, 11, 1, 51, 219),
(20210056, '0000-00-00', 22, 3, 2021, 12, 1, 51, 220),
(20210057, '0000-00-00', 23, 3, 2021, 12, 1, 51, 220),
(20210058, '0000-00-00', 24, 3, 2021, 12, 1, 51, 220),
(20210059, '0000-00-00', 25, 3, 2021, 12, 1, 51, 220),
(20210060, '0000-00-00', 26, 3, 2021, 12, 1, 51, 220),
(20210061, '0000-00-00', 29, 3, 2021, 13, 1, 51, 221),
(20210062, '0000-00-00', 30, 3, 2021, 13, 1, 51, 221),
(20210063, '0000-00-00', 31, 3, 2021, 13, 1, 51, 221),
(20210064, '0000-00-00', 1, 4, 2021, 13, 1, 52, 221),
(20210065, '0000-00-00', 2, 4, 2021, 13, 1, 52, 221),
(20210066, '0000-00-00', 5, 4, 2021, 14, 1, 52, 222),
(20210067, '0000-00-00', 6, 4, 2021, 14, 1, 52, 222),
(20210068, '0000-00-00', 7, 4, 2021, 14, 1, 52, 222),
(20210069, '0000-00-00', 8, 4, 2021, 14, 1, 52, 222),
(20210070, '0000-00-00', 9, 4, 2021, 14, 1, 52, 222),
(20210071, '0000-00-00', 12, 4, 2021, 15, 1, 52, 223),
(20210072, '0000-00-00', 13, 4, 2021, 15, 1, 52, 223),
(20210073, '0000-00-00', 14, 4, 2021, 15, 1, 52, 223),
(20210074, '0000-00-00', 15, 4, 2021, 15, 1, 52, 223),
(20210075, '0000-00-00', 16, 4, 2021, 15, 1, 52, 223),
(20210076, '0000-00-00', 19, 4, 2021, 16, 1, 52, 224),
(20210077, '0000-00-00', 20, 4, 2021, 16, 1, 52, 224),
(20210078, '0000-00-00', 21, 4, 2021, 16, 1, 52, 224),
(20210079, '0000-00-00', 22, 4, 2021, 16, 1, 52, 224),
(20210080, '0000-00-00', 23, 4, 2021, 16, 1, 52, 224),
(20210081, '0000-00-00', 26, 4, 2021, 17, 1, 52, 225),
(20210082, '0000-00-00', 27, 4, 2021, 17, 1, 52, 225),
(20210083, '0000-00-00', 28, 4, 2021, 17, 1, 52, 225),
(20210084, '0000-00-00', 29, 4, 2021, 17, 1, 52, 225),
(20210085, '0000-00-00', 30, 4, 2021, 17, 1, 52, 225),
(20210086, '0000-00-00', 3, 5, 2021, 18, 1, 53, 226),
(20210087, '0000-00-00', 4, 5, 2021, 18, 1, 53, 226),
(20210088, '0000-00-00', 5, 5, 2021, 18, 1, 53, 226),
(20210089, '0000-00-00', 6, 5, 2021, 18, 1, 53, 226),
(20210090, '0000-00-00', 7, 5, 2021, 18, 1, 53, 226),
(20210091, '0000-00-00', 10, 5, 2021, 19, 1, 53, 227),
(20210092, '0000-00-00', 11, 5, 2021, 19, 1, 53, 227),
(20210093, '0000-00-00', 12, 5, 2021, 19, 1, 53, 227),
(20210094, '0000-00-00', 13, 5, 2021, 19, 1, 53, 227),
(20210095, '0000-00-00', 14, 5, 2021, 19, 1, 53, 227),
(20210096, '0000-00-00', 17, 5, 2021, 20, 1, 53, 228),
(20210097, '0000-00-00', 18, 5, 2021, 20, 1, 53, 228),
(20210098, '0000-00-00', 19, 5, 2021, 20, 1, 53, 228),
(20210099, '0000-00-00', 20, 5, 2021, 20, 1, 53, 228),
(20210100, '0000-00-00', 21, 5, 2021, 20, 1, 53, 228),
(20210101, '0000-00-00', 24, 5, 2021, 21, 1, 53, 229),
(20210102, '0000-00-00', 25, 5, 2021, 21, 1, 53, 229),
(20210103, '0000-00-00', 26, 5, 2021, 21, 1, 53, 229),
(20210104, '0000-00-00', 27, 5, 2021, 21, 1, 53, 229),
(20210105, '0000-00-00', 28, 5, 2021, 21, 1, 53, 229),
(20210106, '0000-00-00', 31, 5, 2021, 22, 1, 53, 230),
(20210107, '0000-00-00', 1, 6, 2021, 22, 1, 54, 230),
(20210108, '0000-00-00', 2, 6, 2021, 22, 1, 54, 230),
(20210109, '0000-00-00', 3, 6, 2021, 22, 1, 54, 230),
(20210110, '0000-00-00', 4, 6, 2021, 22, 1, 54, 230),
(20210111, '0000-00-00', 7, 6, 2021, 23, 1, 54, 231),
(20210112, '0000-00-00', 8, 6, 2021, 23, 1, 54, 231),
(20210113, '0000-00-00', 9, 6, 2021, 23, 1, 54, 231),
(20210114, '0000-00-00', 10, 6, 2021, 23, 1, 54, 231),
(20210115, '0000-00-00', 11, 6, 2021, 23, 1, 54, 231),
(20210116, '0000-00-00', 14, 6, 2021, 24, 1, 54, 232),
(20210117, '0000-00-00', 15, 6, 2021, 24, 1, 54, 232),
(20210118, '0000-00-00', 16, 6, 2021, 24, 1, 54, 232),
(20210119, '0000-00-00', 17, 6, 2021, 24, 1, 54, 232),
(20210120, '0000-00-00', 18, 6, 2021, 24, 1, 54, 232),
(20210121, '0000-00-00', 21, 6, 2021, 25, 1, 54, 233),
(20210122, '0000-00-00', 22, 6, 2021, 25, 1, 54, 233),
(20210123, '0000-00-00', 23, 6, 2021, 25, 1, 54, 233),
(20210124, '0000-00-00', 24, 6, 2021, 25, 1, 54, 233),
(20210125, '0000-00-00', 25, 6, 2021, 25, 1, 54, 233),
(20210126, '0000-00-00', 28, 6, 2021, 26, 1, 54, 234),
(20210127, '0000-00-00', 29, 6, 2021, 26, 1, 54, 234),
(20210128, '0000-00-00', 30, 6, 2021, 26, 1, 54, 234),
(20210129, '0000-00-00', 1, 7, 2021, 26, 1, 55, 234),
(20210130, '0000-00-00', 2, 7, 2021, 26, 1, 55, 234),
(20210131, '0000-00-00', 5, 7, 2021, 27, 1, 55, 235),
(20210132, '0000-00-00', 6, 7, 2021, 27, 1, 55, 235),
(20210133, '0000-00-00', 7, 7, 2021, 27, 1, 55, 235),
(20210134, '0000-00-00', 8, 7, 2021, 27, 1, 55, 235),
(20210135, '0000-00-00', 9, 7, 2021, 27, 1, 55, 235),
(20210136, '0000-00-00', 12, 7, 2021, 28, 1, 55, 236),
(20210137, '0000-00-00', 13, 7, 2021, 28, 1, 55, 236),
(20210138, '0000-00-00', 14, 7, 2021, 28, 1, 55, 236),
(20210139, '0000-00-00', 15, 7, 2021, 28, 1, 55, 236),
(20210140, '0000-00-00', 16, 7, 2021, 28, 1, 55, 236),
(20210141, '0000-00-00', 19, 7, 2021, 29, 1, 55, 237),
(20210142, '0000-00-00', 20, 7, 2021, 29, 1, 55, 237),
(20210143, '0000-00-00', 21, 7, 2021, 29, 1, 55, 237),
(20210144, '0000-00-00', 22, 7, 2021, 29, 1, 55, 237),
(20210145, '0000-00-00', 23, 7, 2021, 29, 1, 55, 237),
(20210146, '0000-00-00', 26, 7, 2021, 30, 1, 55, 238),
(20210147, '0000-00-00', 27, 7, 2021, 30, 1, 55, 238),
(20210148, '0000-00-00', 28, 7, 2021, 30, 1, 55, 238),
(20210149, '0000-00-00', 29, 7, 2021, 30, 1, 55, 238),
(20210150, '0000-00-00', 30, 7, 2021, 30, 1, 55, 238),
(20210151, '0000-00-00', 2, 8, 2021, 31, 1, 56, 239),
(20210152, '0000-00-00', 3, 8, 2021, 31, 1, 56, 239),
(20210153, '0000-00-00', 4, 8, 2021, 31, 1, 56, 239),
(20210154, '0000-00-00', 5, 8, 2021, 31, 1, 56, 239),
(20210155, '0000-00-00', 6, 8, 2021, 31, 1, 56, 239),
(20210156, '0000-00-00', 9, 8, 2021, 32, 1, 56, 240),
(20210157, '0000-00-00', 10, 8, 2021, 32, 1, 56, 240),
(20210158, '0000-00-00', 11, 8, 2021, 32, 1, 56, 240),
(20210159, '0000-00-00', 12, 8, 2021, 32, 1, 56, 240),
(20210160, '0000-00-00', 13, 8, 2021, 32, 1, 56, 240),
(20210161, '0000-00-00', 16, 8, 2021, 33, 1, 56, 241),
(20210162, '0000-00-00', 17, 8, 2021, 33, 1, 56, 241),
(20210163, '0000-00-00', 18, 8, 2021, 33, 1, 56, 241),
(20210164, '0000-00-00', 19, 8, 2021, 33, 1, 56, 241),
(20210165, '0000-00-00', 20, 8, 2021, 33, 1, 56, 241),
(20210166, '0000-00-00', 23, 8, 2021, 34, 1, 56, 242),
(20210167, '0000-00-00', 24, 8, 2021, 34, 1, 56, 242),
(20210168, '0000-00-00', 25, 8, 2021, 34, 1, 56, 242),
(20210169, '0000-00-00', 26, 8, 2021, 34, 1, 56, 242),
(20210170, '0000-00-00', 27, 8, 2021, 34, 1, 56, 242),
(20210171, '0000-00-00', 30, 8, 2021, 35, 1, 56, 243),
(20210172, '0000-00-00', 31, 8, 2021, 35, 1, 56, 243),
(20210173, '0000-00-00', 1, 10, 2021, 39, 1, 58, 247),
(20210174, '0000-00-00', 4, 10, 2021, 40, 1, 58, 248),
(20210175, '0000-00-00', 5, 10, 2021, 40, 1, 58, 248),
(20210176, '0000-00-00', 6, 10, 2021, 40, 1, 58, 248),
(20210177, '0000-00-00', 7, 10, 2021, 40, 1, 58, 248),
(20210178, '0000-00-00', 8, 10, 2021, 40, 1, 58, 248),
(20210179, '0000-00-00', 11, 10, 2021, 41, 1, 58, 249),
(20210180, '0000-00-00', 12, 10, 2021, 41, 1, 58, 249),
(20210181, '0000-00-00', 13, 10, 2021, 41, 1, 58, 249),
(20210182, '0000-00-00', 14, 10, 2021, 41, 1, 58, 249),
(20210183, '0000-00-00', 15, 10, 2021, 41, 1, 58, 249),
(20210184, '0000-00-00', 18, 10, 2021, 42, 1, 58, 250),
(20210185, '0000-00-00', 19, 10, 2021, 42, 1, 58, 250),
(20210186, '0000-00-00', 20, 10, 2021, 42, 1, 58, 250),
(20210187, '0000-00-00', 21, 10, 2021, 42, 1, 58, 250),
(20210188, '0000-00-00', 22, 10, 2021, 42, 1, 58, 250),
(20210189, '0000-00-00', 25, 10, 2021, 43, 1, 58, 251),
(20210190, '0000-00-00', 26, 10, 2021, 43, 1, 58, 251),
(20210191, '0000-00-00', 27, 10, 2021, 43, 1, 58, 251),
(20210192, '0000-00-00', 28, 10, 2021, 43, 1, 58, 251),
(20210193, '0000-00-00', 29, 10, 2021, 43, 1, 58, 251),
(20210194, '0000-00-00', 1, 11, 2021, 44, 1, 59, 252),
(20210195, '0000-00-00', 2, 11, 2021, 44, 1, 59, 252),
(20210196, '0000-00-00', 3, 11, 2021, 44, 1, 59, 252),
(20210197, '0000-00-00', 4, 11, 2021, 44, 1, 59, 252),
(20210198, '0000-00-00', 5, 11, 2021, 44, 1, 59, 252),
(20210199, '0000-00-00', 8, 11, 2021, 45, 1, 59, 253),
(20210200, '0000-00-00', 9, 11, 2021, 45, 1, 59, 253),
(20210201, '0000-00-00', 10, 11, 2021, 45, 1, 59, 253),
(20210202, '0000-00-00', 11, 11, 2021, 45, 1, 59, 253),
(20210203, '0000-00-00', 12, 11, 2021, 45, 1, 59, 253),
(20210204, '0000-00-00', 15, 11, 2021, 46, 1, 59, 254),
(20210205, '0000-00-00', 16, 11, 2021, 46, 1, 59, 254),
(20210206, '0000-00-00', 17, 11, 2021, 46, 1, 59, 254),
(20210207, '0000-00-00', 18, 11, 2021, 46, 1, 59, 254),
(20210208, '0000-00-00', 19, 11, 2021, 46, 1, 59, 254),
(20210209, '0000-00-00', 22, 11, 2021, 47, 1, 59, 255),
(20210210, '0000-00-00', 23, 11, 2021, 47, 1, 59, 255),
(20210211, '0000-00-00', 24, 11, 2021, 47, 1, 59, 255),
(20210212, '0000-00-00', 25, 11, 2021, 47, 1, 59, 255),
(20210213, '0000-00-00', 26, 11, 2021, 47, 1, 59, 255),
(20210214, '0000-00-00', 29, 11, 2021, 48, 1, 59, 256),
(20210215, '0000-00-00', 30, 11, 2021, 48, 1, 59, 256),
(20210216, '0000-00-00', 1, 12, 2021, 48, 1, 60, 256),
(20210217, '0000-00-00', 2, 12, 2021, 48, 1, 60, 256),
(20210218, '0000-00-00', 3, 12, 2021, 48, 1, 60, 256),
(20210219, '0000-00-00', 6, 12, 2021, 49, 1, 60, 257),
(20210220, '0000-00-00', 7, 12, 2021, 49, 1, 60, 257),
(20210221, '0000-00-00', 8, 12, 2021, 49, 1, 60, 257),
(20210222, '0000-00-00', 9, 12, 2021, 49, 1, 60, 257),
(20210223, '0000-00-00', 10, 12, 2021, 49, 1, 60, 257),
(20210224, '0000-00-00', 13, 12, 2021, 50, 1, 60, 258),
(20210225, '0000-00-00', 14, 12, 2021, 50, 1, 60, 258),
(20210226, '0000-00-00', 15, 12, 2021, 50, 1, 60, 258),
(20210227, '0000-00-00', 16, 12, 2021, 50, 1, 60, 258),
(20210228, '0000-00-00', 17, 12, 2021, 50, 1, 60, 258),
(20210229, '0000-00-00', 20, 12, 2021, 51, 1, 60, 259),
(20210230, '0000-00-00', 21, 12, 2021, 51, 1, 60, 259),
(20210231, '0000-00-00', 22, 12, 2021, 51, 1, 60, 259),
(20210232, '0000-00-00', 23, 12, 2021, 51, 1, 60, 259),
(20210233, '0000-00-00', 24, 12, 2021, 51, 1, 60, 259),
(20210234, '0000-00-00', 27, 12, 2021, 52, 1, 60, 260),
(20210235, '0000-00-00', 28, 12, 2021, 52, 1, 60, 260),
(20210236, '0000-00-00', 29, 12, 2021, 52, 1, 60, 260),
(20210237, '0000-00-00', 30, 12, 2021, 52, 1, 60, 260),
(20210238, '0000-00-00', 31, 12, 2021, 52, 1, 60, 260),
(20220001, '0000-00-00', 3, 1, 2022, 1, 1, 61, 261),
(20220002, '0000-00-00', 4, 1, 2022, 1, 1, 61, 261),
(20220003, '0000-00-00', 5, 1, 2022, 1, 1, 61, 261),
(20220004, '0000-00-00', 6, 1, 2022, 1, 1, 61, 261),
(20220005, '0000-00-00', 7, 1, 2022, 1, 1, 61, 261),
(20220006, '0000-00-00', 10, 1, 2022, 2, 1, 61, 262),
(20220007, '0000-00-00', 11, 1, 2022, 2, 1, 61, 262),
(20220008, '0000-00-00', 12, 1, 2022, 2, 1, 61, 262),
(20220009, '0000-00-00', 13, 1, 2022, 2, 1, 61, 262),
(20220010, '0000-00-00', 14, 1, 2022, 2, 1, 61, 262),
(20220011, '0000-00-00', 17, 1, 2022, 3, 1, 61, 263),
(20220012, '0000-00-00', 18, 1, 2022, 3, 1, 61, 263),
(20220013, '0000-00-00', 19, 1, 2022, 3, 1, 61, 263),
(20220014, '0000-00-00', 20, 1, 2022, 3, 1, 61, 263),
(20220015, '0000-00-00', 21, 1, 2022, 3, 1, 61, 263),
(20220016, '0000-00-00', 24, 1, 2022, 4, 1, 61, 264),
(20220017, '0000-00-00', 25, 1, 2022, 4, 1, 61, 264),
(20220018, '0000-00-00', 26, 1, 2022, 4, 1, 61, 264),
(20220019, '0000-00-00', 27, 1, 2022, 4, 1, 61, 264),
(20220020, '0000-00-00', 28, 1, 2022, 4, 1, 61, 264),
(20220021, '0000-00-00', 29, 1, 2022, 4, 1, 61, 264),
(20220022, '0000-00-00', 1, 2, 2022, 5, 1, 62, 265),
(20220023, '0000-00-00', 2, 2, 2022, 5, 1, 62, 265),
(20220024, '0000-00-00', 3, 2, 2022, 5, 1, 62, 265),
(20220025, '0000-00-00', 4, 2, 2022, 5, 1, 62, 265),
(20220026, '0000-00-00', 7, 2, 2022, 6, 1, 62, 266),
(20220027, '0000-00-00', 8, 2, 2022, 6, 1, 62, 266),
(20220028, '0000-00-00', 9, 2, 2022, 6, 1, 62, 266),
(20220029, '0000-00-00', 10, 2, 2022, 6, 1, 62, 266),
(20220030, '0000-00-00', 11, 2, 2022, 6, 1, 62, 266),
(20220031, '0000-00-00', 14, 2, 2022, 7, 1, 62, 267),
(20220032, '0000-00-00', 15, 2, 2022, 7, 1, 62, 267),
(20220033, '0000-00-00', 16, 2, 2022, 7, 1, 62, 267),
(20220034, '0000-00-00', 17, 2, 2022, 7, 1, 62, 267),
(20220035, '0000-00-00', 18, 2, 2022, 7, 1, 62, 267),
(20220036, '0000-00-00', 21, 2, 2022, 8, 1, 62, 268),
(20220037, '0000-00-00', 22, 2, 2022, 8, 1, 62, 268),
(20220038, '0000-00-00', 23, 2, 2022, 8, 1, 62, 268),
(20220039, '0000-00-00', 24, 2, 2022, 8, 1, 62, 268),
(20220040, '0000-00-00', 25, 2, 2022, 8, 1, 62, 268),
(20220041, '0000-00-00', 28, 2, 2022, 9, 1, 62, 269),
(20220042, '0000-00-00', 1, 3, 2022, 9, 1, 63, 269),
(20220043, '0000-00-00', 2, 3, 2022, 9, 1, 63, 269),
(20220044, '0000-00-00', 3, 3, 2022, 9, 1, 63, 269),
(20220045, '0000-00-00', 4, 3, 2022, 9, 1, 63, 269),
(20220046, '0000-00-00', 7, 3, 2022, 10, 1, 63, 270),
(20220047, '0000-00-00', 8, 3, 2022, 10, 1, 63, 270),
(20220048, '0000-00-00', 9, 3, 2022, 10, 1, 63, 270),
(20220049, '0000-00-00', 10, 3, 2022, 10, 1, 63, 270),
(20220050, '0000-00-00', 11, 3, 2022, 10, 1, 63, 270),
(20220051, '0000-00-00', 14, 3, 2022, 11, 1, 63, 271),
(20220052, '0000-00-00', 15, 3, 2022, 11, 1, 63, 271),
(20220053, '0000-00-00', 16, 3, 2022, 11, 1, 63, 271),
(20220054, '0000-00-00', 17, 3, 2022, 11, 1, 63, 271),
(20220055, '0000-00-00', 18, 3, 2022, 11, 1, 63, 271),
(20220056, '0000-00-00', 21, 3, 2022, 12, 1, 63, 272),
(20220057, '0000-00-00', 22, 3, 2022, 12, 1, 63, 272),
(20220058, '0000-00-00', 23, 3, 2022, 12, 1, 63, 272),
(20220059, '0000-00-00', 24, 3, 2022, 12, 1, 63, 272),
(20220060, '0000-00-00', 25, 3, 2022, 12, 1, 63, 272),
(20220061, '0000-00-00', 28, 3, 2022, 13, 1, 63, 273),
(20220062, '0000-00-00', 29, 3, 2022, 13, 1, 63, 273),
(20220063, '0000-00-00', 30, 3, 2022, 13, 1, 63, 273),
(20220064, '0000-00-00', 31, 3, 2022, 13, 1, 63, 273),
(20220065, '0000-00-00', 1, 4, 2022, 13, 1, 64, 273),
(20220066, '0000-00-00', 4, 4, 2022, 14, 1, 64, 274),
(20220067, '0000-00-00', 5, 4, 2022, 14, 1, 64, 274),
(20220068, '0000-00-00', 6, 4, 2022, 14, 1, 64, 274),
(20220069, '0000-00-00', 7, 4, 2022, 14, 1, 64, 274),
(20220070, '0000-00-00', 8, 4, 2022, 14, 1, 64, 274),
(20220071, '0000-00-00', 11, 4, 2022, 15, 1, 64, 275),
(20220072, '0000-00-00', 12, 4, 2022, 15, 1, 64, 275),
(20220073, '0000-00-00', 13, 4, 2022, 15, 1, 64, 275),
(20220074, '0000-00-00', 14, 4, 2022, 15, 1, 64, 275),
(20220075, '0000-00-00', 15, 4, 2022, 15, 1, 64, 275),
(20220076, '0000-00-00', 18, 4, 2022, 16, 1, 64, 276),
(20220077, '0000-00-00', 19, 4, 2022, 16, 1, 64, 276),
(20220078, '0000-00-00', 20, 4, 2022, 16, 1, 64, 276),
(20220079, '0000-00-00', 21, 4, 2022, 16, 1, 64, 276),
(20220080, '0000-00-00', 22, 4, 2022, 16, 1, 64, 276),
(20220081, '0000-00-00', 25, 4, 2022, 17, 1, 64, 277),
(20220082, '0000-00-00', 26, 4, 2022, 17, 1, 64, 277),
(20220083, '0000-00-00', 27, 4, 2022, 17, 1, 64, 277),
(20220084, '0000-00-00', 28, 4, 2022, 17, 1, 64, 277),
(20220085, '0000-00-00', 29, 4, 2022, 17, 1, 64, 277),
(20220086, '0000-00-00', 2, 5, 2022, 18, 1, 65, 278),
(20220087, '0000-00-00', 3, 5, 2022, 18, 1, 65, 278),
(20220088, '0000-00-00', 4, 5, 2022, 18, 1, 65, 278),
(20220089, '0000-00-00', 5, 5, 2022, 18, 1, 65, 278),
(20220090, '0000-00-00', 6, 5, 2022, 18, 1, 65, 278),
(20220091, '0000-00-00', 9, 5, 2022, 19, 1, 65, 279),
(20220092, '0000-00-00', 10, 5, 2022, 19, 1, 65, 279),
(20220093, '0000-00-00', 11, 5, 2022, 19, 1, 65, 279),
(20220094, '0000-00-00', 12, 5, 2022, 19, 1, 65, 279),
(20220095, '0000-00-00', 13, 5, 2022, 19, 1, 65, 279),
(20220096, '0000-00-00', 16, 5, 2022, 20, 1, 65, 280),
(20220097, '0000-00-00', 17, 5, 2022, 20, 1, 65, 280),
(20220098, '0000-00-00', 18, 5, 2022, 20, 1, 65, 280),
(20220099, '0000-00-00', 19, 5, 2022, 20, 1, 65, 280),
(20220100, '0000-00-00', 20, 5, 2022, 20, 1, 65, 280),
(20220101, '0000-00-00', 23, 5, 2022, 21, 1, 65, 281),
(20220102, '0000-00-00', 24, 5, 2022, 21, 1, 65, 281),
(20220103, '0000-00-00', 25, 5, 2022, 21, 1, 65, 281),
(20220104, '0000-00-00', 26, 5, 2022, 21, 1, 65, 281),
(20220105, '0000-00-00', 27, 5, 2022, 21, 1, 65, 281),
(20220106, '0000-00-00', 30, 5, 2022, 22, 1, 65, 282),
(20220107, '0000-00-00', 1, 6, 2022, 22, 1, 66, 282),
(20220108, '0000-00-00', 2, 6, 2022, 22, 1, 66, 282),
(20220109, '0000-00-00', 3, 6, 2022, 22, 1, 66, 282),
(20220110, '0000-00-00', 6, 6, 2022, 23, 1, 66, 283),
(20220111, '0000-00-00', 7, 6, 2022, 23, 1, 66, 283),
(20220112, '0000-00-00', 8, 6, 2022, 23, 1, 66, 283),
(20220113, '0000-00-00', 9, 6, 2022, 23, 1, 66, 283),
(20220114, '0000-00-00', 10, 6, 2022, 23, 1, 66, 283),
(20220115, '0000-00-00', 13, 6, 2022, 24, 1, 66, 284),
(20220116, '0000-00-00', 14, 6, 2022, 24, 1, 66, 284),
(20220117, '0000-00-00', 15, 6, 2022, 24, 1, 66, 284),
(20220118, '0000-00-00', 16, 6, 2022, 24, 1, 66, 284),
(20220119, '0000-00-00', 17, 6, 2022, 24, 1, 66, 284),
(20220120, '0000-00-00', 20, 6, 2022, 25, 1, 66, 285),
(20220121, '0000-00-00', 21, 6, 2022, 25, 1, 66, 285),
(20220122, '0000-00-00', 22, 6, 2022, 25, 1, 66, 285),
(20220123, '0000-00-00', 23, 6, 2022, 25, 1, 66, 285),
(20220124, '0000-00-00', 24, 6, 2022, 25, 1, 66, 285),
(20220125, '0000-00-00', 27, 6, 2022, 26, 1, 66, 286),
(20220126, '0000-00-00', 28, 6, 2022, 26, 1, 66, 286),
(20220127, '0000-00-00', 1, 7, 2022, 26, 1, 67, 286),
(20220128, '0000-00-00', 4, 7, 2022, 27, 1, 67, 287),
(20220129, '0000-00-00', 5, 7, 2022, 27, 1, 67, 287),
(20220130, '0000-00-00', 6, 7, 2022, 27, 1, 67, 287),
(20220131, '0000-00-00', 7, 7, 2022, 27, 1, 67, 287),
(20220132, '0000-00-00', 8, 7, 2022, 27, 1, 67, 287),
(20220133, '0000-00-00', 11, 7, 2022, 28, 1, 67, 288),
(20220134, '0000-00-00', 12, 7, 2022, 28, 1, 67, 288),
(20220135, '0000-00-00', 13, 7, 2022, 28, 1, 67, 288),
(20220136, '0000-00-00', 14, 7, 2022, 28, 1, 67, 288),
(20220137, '0000-00-00', 15, 7, 2022, 28, 1, 67, 288),
(20220138, '0000-00-00', 18, 7, 2022, 29, 1, 67, 289),
(20220139, '0000-00-00', 19, 7, 2022, 29, 1, 67, 289),
(20220140, '0000-00-00', 20, 7, 2022, 29, 1, 67, 289),
(20220141, '0000-00-00', 21, 7, 2022, 29, 1, 67, 289),
(20220142, '0000-00-00', 22, 7, 2022, 29, 1, 67, 289),
(20220143, '0000-00-00', 25, 7, 2022, 30, 1, 67, 290),
(20220144, '0000-00-00', 26, 7, 2022, 30, 1, 67, 290),
(20220145, '0000-00-00', 27, 7, 2022, 30, 1, 67, 290),
(20220146, '0000-00-00', 28, 7, 2022, 30, 1, 67, 290),
(20220147, '0000-00-00', 29, 7, 2022, 30, 1, 67, 290),
(20220148, '0000-00-00', 1, 8, 2022, 31, 1, 68, 291),
(20220149, '0000-00-00', 2, 8, 2022, 31, 1, 68, 291),
(20220150, '0000-00-00', 3, 8, 2022, 31, 1, 68, 291),
(20220151, '0000-00-00', 4, 8, 2022, 31, 1, 68, 291),
(20220152, '0000-00-00', 5, 8, 2022, 31, 1, 68, 291),
(20220153, '0000-00-00', 8, 8, 2022, 32, 1, 68, 292),
(20220154, '0000-00-00', 9, 8, 2022, 32, 1, 68, 292),
(20220155, '0000-00-00', 10, 8, 2022, 32, 1, 68, 292),
(20220156, '0000-00-00', 11, 8, 2022, 32, 1, 68, 292),
(20220157, '0000-00-00', 12, 8, 2022, 32, 1, 68, 292),
(20220158, '0000-00-00', 15, 8, 2022, 33, 1, 68, 293),
(20220159, '0000-00-00', 16, 8, 2022, 33, 1, 68, 293),
(20220160, '0000-00-00', 17, 8, 2022, 33, 1, 68, 293),
(20220161, '0000-00-00', 18, 8, 2022, 33, 1, 68, 293),
(20220162, '0000-00-00', 19, 8, 2022, 33, 1, 68, 293),
(20220163, '0000-00-00', 22, 8, 2022, 34, 1, 68, 294),
(20220164, '0000-00-00', 23, 8, 2022, 34, 1, 68, 294),
(20220165, '0000-00-00', 24, 8, 2022, 34, 1, 68, 294),
(20220166, '0000-00-00', 25, 8, 2022, 34, 1, 68, 294),
(20220167, '0000-00-00', 26, 8, 2022, 34, 1, 68, 294),
(20220168, '0000-00-00', 29, 8, 2022, 35, 1, 68, 295),
(20220169, '0000-00-00', 30, 8, 2022, 35, 1, 68, 295),
(20220170, '0000-00-00', 31, 8, 2022, 35, 1, 68, 295),
(20220171, '0000-00-00', 1, 9, 2022, 35, 1, 69, 295),
(20220172, '0000-00-00', 2, 9, 2022, 35, 1, 69, 295),
(20220173, '0000-00-00', 5, 9, 2022, 36, 1, 69, 296),
(20220174, '0000-00-00', 6, 9, 2022, 36, 1, 69, 296),
(20220175, '0000-00-00', 7, 9, 2022, 36, 1, 69, 296),
(20220176, '0000-00-00', 8, 9, 2022, 36, 1, 69, 296),
(20220177, '0000-00-00', 9, 9, 2022, 36, 1, 69, 296),
(20220178, '0000-00-00', 12, 9, 2022, 37, 1, 69, 297),
(20220179, '0000-00-00', 13, 9, 2022, 37, 1, 69, 297),
(20220180, '0000-00-00', 14, 9, 2022, 37, 1, 69, 297),
(20220181, '0000-00-00', 15, 9, 2022, 37, 1, 69, 297),
(20220182, '0000-00-00', 16, 9, 2022, 37, 1, 69, 297),
(20220183, '0000-00-00', 19, 9, 2022, 38, 1, 69, 298),
(20220184, '0000-00-00', 20, 9, 2022, 38, 1, 69, 298),
(20220185, '0000-00-00', 21, 9, 2022, 38, 1, 69, 298),
(20220186, '0000-00-00', 22, 9, 2022, 38, 1, 69, 298),
(20220187, '0000-00-00', 23, 9, 2022, 38, 1, 69, 298),
(20220188, '0000-00-00', 26, 9, 2022, 39, 1, 69, 299),
(20220189, '0000-00-00', 27, 9, 2022, 39, 1, 69, 299),
(20220190, '0000-00-00', 28, 9, 2022, 39, 1, 69, 299),
(20220191, '0000-00-00', 29, 9, 2022, 39, 1, 69, 299),
(20220192, '0000-00-00', 30, 9, 2022, 39, 1, 69, 299),
(20220193, '0000-00-00', 3, 10, 2022, 40, 1, 70, 300),
(20220194, '0000-00-00', 4, 10, 2022, 40, 1, 70, 300),
(20220195, '0000-00-00', 5, 10, 2022, 40, 1, 70, 300),
(20220196, '0000-00-00', 6, 10, 2022, 40, 1, 70, 300),
(20220197, '0000-00-00', 7, 10, 2022, 40, 1, 70, 300),
(20220198, '0000-00-00', 10, 10, 2022, 41, 1, 70, 301),
(20220199, '0000-00-00', 11, 10, 2022, 41, 1, 70, 301),
(20220200, '0000-00-00', 12, 10, 2022, 41, 1, 70, 301),
(20220201, '0000-00-00', 13, 10, 2022, 41, 1, 70, 301),
(20220202, '0000-00-00', 14, 10, 2022, 41, 1, 70, 301),
(20220203, '0000-00-00', 17, 10, 2022, 42, 1, 70, 302),
(20220204, '0000-00-00', 18, 10, 2022, 42, 1, 70, 302),
(20220205, '0000-00-00', 19, 10, 2022, 42, 1, 70, 302),
(20220206, '0000-00-00', 20, 10, 2022, 42, 1, 70, 302),
(20220207, '0000-00-00', 21, 10, 2022, 42, 1, 70, 302),
(20220208, '0000-00-00', 24, 10, 2022, 43, 1, 70, 303),
(20220209, '0000-00-00', 25, 10, 2022, 43, 1, 70, 303),
(20220210, '0000-00-00', 26, 10, 2022, 43, 1, 70, 303),
(20220211, '0000-00-00', 27, 10, 2022, 43, 1, 70, 303),
(20220212, '0000-00-00', 28, 10, 2022, 43, 1, 70, 303),
(20220213, '0000-00-00', 31, 10, 2022, 44, 1, 70, 304),
(20220214, '0000-00-00', 1, 11, 2022, 44, 1, 71, 304),
(20220215, '0000-00-00', 2, 11, 2022, 44, 1, 71, 304),
(20220216, '0000-00-00', 3, 11, 2022, 44, 1, 71, 304),
(20220217, '0000-00-00', 4, 11, 2022, 44, 1, 71, 304),
(20220218, '0000-00-00', 7, 11, 2022, 45, 1, 71, 305),
(20220219, '0000-00-00', 8, 11, 2022, 45, 1, 71, 305),
(20220220, '0000-00-00', 9, 11, 2022, 45, 1, 71, 305),
(20220221, '0000-00-00', 10, 11, 2022, 45, 1, 71, 305),
(20220222, '0000-00-00', 11, 11, 2022, 45, 1, 71, 305),
(20220223, '0000-00-00', 14, 11, 2022, 46, 1, 71, 306),
(20220224, '0000-00-00', 15, 11, 2022, 46, 1, 71, 306),
(20220225, '0000-00-00', 16, 11, 2022, 46, 1, 71, 306),
(20220226, '0000-00-00', 17, 11, 2022, 46, 1, 71, 306),
(20220227, '0000-00-00', 18, 11, 2022, 46, 1, 71, 306),
(20220228, '0000-00-00', 21, 11, 2022, 47, 1, 71, 307),
(20220229, '0000-00-00', 22, 11, 2022, 47, 1, 71, 307),
(20220230, '0000-00-00', 23, 11, 2022, 47, 1, 71, 307),
(20220231, '0000-00-00', 24, 11, 2022, 47, 1, 71, 307),
(20220232, '0000-00-00', 25, 11, 2022, 47, 1, 71, 307),
(20220233, '0000-00-00', 28, 11, 2022, 48, 1, 71, 308),
(20220234, '0000-00-00', 29, 11, 2022, 48, 1, 71, 308),
(20220235, '0000-00-00', 30, 11, 2022, 48, 1, 71, 308),
(20220236, '0000-00-00', 1, 12, 2022, 48, 1, 72, 308),
(20220237, '0000-00-00', 2, 12, 2022, 48, 1, 72, 308),
(20220238, '0000-00-00', 5, 12, 2022, 49, 1, 72, 309),
(20220239, '0000-00-00', 6, 12, 2022, 49, 1, 72, 309),
(20220240, '0000-00-00', 7, 12, 2022, 49, 1, 72, 309),
(20220241, '0000-00-00', 8, 12, 2022, 49, 1, 72, 309),
(20220242, '0000-00-00', 9, 12, 2022, 49, 1, 72, 309),
(20220243, '0000-00-00', 12, 12, 2022, 50, 1, 72, 310),
(20220244, '0000-00-00', 13, 12, 2022, 50, 1, 72, 310),
(20220245, '0000-00-00', 14, 12, 2022, 50, 1, 72, 310),
(20220246, '0000-00-00', 15, 12, 2022, 50, 1, 72, 310),
(20220247, '0000-00-00', 16, 12, 2022, 50, 1, 72, 310),
(20220248, '0000-00-00', 19, 12, 2022, 51, 1, 72, 311),
(20220249, '0000-00-00', 20, 12, 2022, 51, 1, 72, 311),
(20220250, '0000-00-00', 21, 12, 2022, 51, 1, 72, 311),
(20220251, '0000-00-00', 22, 12, 2022, 51, 1, 72, 311),
(20220252, '0000-00-00', 23, 12, 2022, 51, 1, 72, 311),
(20220253, '0000-00-00', 26, 12, 2022, 52, 1, 72, 312),
(20220254, '0000-00-00', 27, 12, 2022, 52, 1, 72, 312),
(20220255, '0000-00-00', 28, 12, 2022, 52, 1, 72, 312),
(20220256, '0000-00-00', 29, 12, 2022, 52, 1, 72, 312),
(20230001, '0000-00-00', 2, 1, 2023, 1, 1, 73, 313),
(20230002, '0000-00-00', 3, 1, 2023, 1, 1, 73, 313),
(20230003, '0000-00-00', 4, 1, 2023, 1, 1, 73, 313),
(20230004, '0000-00-00', 5, 1, 2023, 1, 1, 73, 313),
(20230005, '0000-00-00', 6, 1, 2023, 1, 1, 73, 313),
(20230006, '0000-00-00', 9, 1, 2023, 2, 1, 73, 314),
(20230007, '0000-00-00', 10, 1, 2023, 2, 1, 73, 314),
(20230008, '0000-00-00', 11, 1, 2023, 2, 1, 73, 314),
(20230009, '0000-00-00', 12, 1, 2023, 2, 1, 73, 314),
(20230010, '0000-00-00', 13, 1, 2023, 2, 1, 73, 314),
(20230011, '0000-00-00', 16, 1, 2023, 3, 1, 73, 315),
(20230012, '0000-00-00', 17, 1, 2023, 3, 1, 73, 315),
(20230013, '0000-00-00', 18, 1, 2023, 3, 1, 73, 315),
(20230014, '0000-00-00', 19, 1, 2023, 3, 1, 73, 315),
(20230015, '0000-00-00', 20, 1, 2023, 3, 1, 73, 315),
(20230016, '0000-00-00', 23, 1, 2023, 4, 1, 73, 316),
(20230017, '0000-00-00', 24, 1, 2023, 4, 1, 73, 316),
(20230018, '0000-00-00', 25, 1, 2023, 4, 1, 73, 316),
(20230019, '0000-00-00', 26, 1, 2023, 4, 1, 73, 316),
(20230020, '0000-00-00', 27, 1, 2023, 4, 1, 73, 316),
(20230021, '0000-00-00', 30, 1, 2023, 5, 1, 73, 317),
(20230022, '0000-00-00', 31, 1, 2023, 5, 1, 73, 317),
(20230023, '0000-00-00', 1, 2, 2023, 5, 1, 74, 317),
(20230024, '0000-00-00', 2, 2, 2023, 5, 1, 74, 317),
(20230025, '0000-00-00', 3, 2, 2023, 5, 1, 74, 317),
(20230026, '0000-00-00', 6, 2, 2023, 6, 1, 74, 318),
(20230027, '0000-00-00', 7, 2, 2023, 6, 1, 74, 318),
(20230028, '0000-00-00', 8, 2, 2023, 6, 1, 74, 318),
(20230029, '0000-00-00', 9, 2, 2023, 6, 1, 74, 318),
(20230030, '0000-00-00', 10, 2, 2023, 6, 1, 74, 318),
(20230031, '0000-00-00', 13, 2, 2023, 7, 1, 74, 319),
(20230032, '0000-00-00', 14, 2, 2023, 7, 1, 74, 319),
(20230033, '0000-00-00', 15, 2, 2023, 7, 1, 74, 319),
(20230034, '0000-00-00', 16, 2, 2023, 7, 1, 74, 319),
(20230035, '0000-00-00', 17, 2, 2023, 7, 1, 74, 319),
(20230036, '0000-00-00', 20, 2, 2023, 8, 1, 74, 320),
(20230037, '0000-00-00', 21, 2, 2023, 8, 1, 74, 320),
(20230038, '0000-00-00', 22, 2, 2023, 8, 1, 74, 320),
(20230039, '0000-00-00', 23, 2, 2023, 8, 1, 74, 320),
(20230040, '0000-00-00', 24, 2, 2023, 8, 1, 74, 320),
(20230041, '0000-00-00', 27, 2, 2023, 9, 1, 74, 321),
(20230042, '0000-00-00', 28, 2, 2023, 9, 1, 74, 321),
(20230043, '0000-00-00', 1, 3, 2023, 9, 1, 75, 321),
(20230044, '0000-00-00', 2, 3, 2023, 9, 1, 75, 321),
(20230045, '0000-00-00', 3, 3, 2023, 9, 1, 75, 321),
(20230046, '0000-00-00', 6, 3, 2023, 10, 1, 75, 322),
(20230047, '0000-00-00', 7, 3, 2023, 10, 1, 75, 322),
(20230048, '0000-00-00', 8, 3, 2023, 10, 1, 75, 322),
(20230049, '0000-00-00', 9, 3, 2023, 10, 1, 75, 322),
(20230050, '0000-00-00', 10, 3, 2023, 10, 1, 75, 322),
(20230051, '0000-00-00', 13, 3, 2023, 11, 1, 75, 323),
(20230052, '0000-00-00', 14, 3, 2023, 11, 1, 75, 323),
(20230053, '0000-00-00', 15, 3, 2023, 11, 1, 75, 323),
(20230054, '0000-00-00', 16, 3, 2023, 11, 1, 75, 323),
(20230055, '0000-00-00', 17, 3, 2023, 11, 1, 75, 323),
(20230056, '0000-00-00', 20, 3, 2023, 12, 1, 75, 324),
(20230057, '0000-00-00', 21, 3, 2023, 12, 1, 75, 324),
(20230058, '0000-00-00', 22, 3, 2023, 12, 1, 75, 324),
(20230059, '0000-00-00', 23, 3, 2023, 12, 1, 75, 324),
(20230060, '0000-00-00', 24, 3, 2023, 12, 1, 75, 324),
(20230061, '0000-00-00', 27, 3, 2023, 13, 1, 75, 325),
(20230062, '0000-00-00', 28, 3, 2023, 13, 1, 75, 325),
(20230063, '0000-00-00', 29, 3, 2023, 13, 1, 75, 325),
(20230064, '0000-00-00', 30, 3, 2023, 13, 1, 75, 325),
(20230065, '0000-00-00', 31, 3, 2023, 13, 1, 75, 325),
(20230066, '0000-00-00', 3, 4, 2023, 14, 1, 76, 326),
(20230067, '0000-00-00', 4, 4, 2023, 14, 1, 76, 326),
(20230068, '0000-00-00', 5, 4, 2023, 14, 1, 76, 326),
(20230069, '0000-00-00', 6, 4, 2023, 14, 1, 76, 326),
(20230070, '0000-00-00', 7, 4, 2023, 14, 1, 76, 326),
(20230071, '0000-00-00', 10, 4, 2023, 15, 1, 76, 327),
(20230072, '0000-00-00', 11, 4, 2023, 15, 1, 76, 327),
(20230073, '0000-00-00', 12, 4, 2023, 15, 1, 76, 327),
(20230074, '0000-00-00', 13, 4, 2023, 15, 1, 76, 327),
(20230075, '0000-00-00', 14, 4, 2023, 15, 1, 76, 327),
(20230076, '0000-00-00', 17, 4, 2023, 16, 1, 76, 328),
(20230077, '0000-00-00', 18, 4, 2023, 16, 1, 76, 328),
(20230078, '0000-00-00', 19, 4, 2023, 16, 1, 76, 328),
(20230079, '0000-00-00', 20, 4, 2023, 16, 1, 76, 328),
(20230080, '0000-00-00', 21, 4, 2023, 16, 1, 76, 328),
(20230081, '0000-00-00', 24, 4, 2023, 17, 1, 76, 329),
(20230082, '0000-00-00', 25, 4, 2023, 17, 1, 76, 329),
(20230083, '0000-00-00', 26, 4, 2023, 17, 1, 76, 329),
(20230084, '0000-00-00', 27, 4, 2023, 17, 1, 76, 329),
(20230085, '0000-00-00', 28, 4, 2023, 17, 1, 76, 329),
(20230086, '0000-00-00', 1, 5, 2023, 18, 1, 77, 330),
(20230087, '0000-00-00', 2, 5, 2023, 18, 1, 77, 330),
(20230088, '0000-00-00', 3, 5, 2023, 18, 1, 77, 330),
(20230089, '0000-00-00', 4, 5, 2023, 18, 1, 77, 330),
(20230090, '0000-00-00', 5, 5, 2023, 18, 1, 77, 330),
(20230091, '0000-00-00', 8, 5, 2023, 19, 1, 77, 331),
(20230092, '0000-00-00', 9, 5, 2023, 19, 1, 77, 331),
(20230093, '0000-00-00', 10, 5, 2023, 19, 1, 77, 331),
(20230094, '0000-00-00', 11, 5, 2023, 19, 1, 77, 331),
(20230095, '0000-00-00', 12, 5, 2023, 19, 1, 77, 331),
(20230096, '0000-00-00', 15, 5, 2023, 20, 1, 77, 332),
(20230097, '0000-00-00', 16, 5, 2023, 20, 1, 77, 332),
(20230098, '0000-00-00', 17, 5, 2023, 20, 1, 77, 332),
(20230099, '0000-00-00', 18, 5, 2023, 20, 1, 77, 332),
(20230100, '0000-00-00', 19, 5, 2023, 20, 1, 77, 332),
(20230101, '0000-00-00', 22, 5, 2023, 21, 1, 77, 333),
(20230102, '0000-00-00', 23, 5, 2023, 21, 1, 77, 333),
(20230103, '0000-00-00', 24, 5, 2023, 21, 1, 77, 333),
(20230104, '0000-00-00', 25, 5, 2023, 21, 1, 77, 333),
(20230105, '0000-00-00', 26, 5, 2023, 21, 1, 77, 333),
(20230106, '0000-00-00', 29, 5, 2023, 22, 1, 77, 334),
(20230107, '0000-00-00', 30, 5, 2023, 22, 1, 77, 334),
(20230108, '0000-00-00', 31, 5, 2023, 22, 1, 77, 334),
(20230109, '0000-00-00', 1, 6, 2023, 22, 1, 78, 334),
(20230110, '0000-00-00', 2, 6, 2023, 22, 1, 78, 334),
(20230111, '0000-00-00', 5, 6, 2023, 23, 1, 78, 335),
(20230112, '0000-00-00', 6, 6, 2023, 23, 1, 78, 335),
(20230113, '0000-00-00', 7, 6, 2023, 23, 1, 78, 335),
(20230114, '0000-00-00', 8, 6, 2023, 23, 1, 78, 335),
(20230115, '0000-00-00', 9, 6, 2023, 23, 1, 78, 335),
(20230116, '0000-00-00', 12, 6, 2023, 24, 1, 78, 336),
(20230117, '0000-00-00', 13, 6, 2023, 24, 1, 78, 336),
(20230118, '0000-00-00', 14, 6, 2023, 24, 1, 78, 336),
(20230119, '0000-00-00', 15, 6, 2023, 24, 1, 78, 336),
(20230120, '0000-00-00', 16, 6, 2023, 24, 1, 78, 336),
(20230121, '0000-00-00', 19, 6, 2023, 25, 1, 78, 337),
(20230122, '0000-00-00', 20, 6, 2023, 25, 1, 78, 337),
(20230123, '0000-00-00', 21, 6, 2023, 25, 1, 78, 337),
(20230124, '0000-00-00', 22, 6, 2023, 25, 1, 78, 337),
(20230125, '0000-00-00', 23, 6, 2023, 25, 1, 78, 337),
(20230126, '0000-00-00', 26, 6, 2023, 26, 1, 78, 338),
(20230127, '0000-00-00', 27, 6, 2023, 26, 1, 78, 338),
(20230128, '0000-00-00', 28, 6, 2023, 26, 1, 78, 338),
(20230129, '0000-00-00', 29, 6, 2023, 26, 1, 78, 338),
(20230130, '0000-00-00', 30, 6, 2023, 26, 1, 78, 338),
(20230131, '0000-00-00', 3, 7, 2023, 27, 1, 79, 339),
(20230132, '0000-00-00', 4, 7, 2023, 27, 1, 79, 339),
(20230133, '0000-00-00', 5, 7, 2023, 27, 1, 79, 339),
(20230134, '0000-00-00', 6, 7, 2023, 27, 1, 79, 339),
(20230135, '0000-00-00', 7, 7, 2023, 27, 1, 79, 339),
(20230136, '0000-00-00', 10, 7, 2023, 28, 1, 79, 340),
(20230137, '0000-00-00', 11, 7, 2023, 28, 1, 79, 340),
(20230138, '0000-00-00', 12, 7, 2023, 28, 1, 79, 340),
(20230139, '0000-00-00', 13, 7, 2023, 28, 1, 79, 340),
(20230140, '0000-00-00', 14, 7, 2023, 28, 1, 79, 340),
(20230141, '0000-00-00', 17, 7, 2023, 29, 1, 79, 341),
(20230142, '0000-00-00', 18, 7, 2023, 29, 1, 79, 341),
(20230143, '0000-00-00', 19, 7, 2023, 29, 1, 79, 341),
(20230144, '0000-00-00', 20, 7, 2023, 29, 1, 79, 341),
(20230145, '0000-00-00', 21, 7, 2023, 29, 1, 79, 341),
(20230146, '0000-00-00', 24, 7, 2023, 30, 1, 79, 342),
(20230147, '0000-00-00', 25, 7, 2023, 30, 1, 79, 342),
(20230148, '0000-00-00', 26, 7, 2023, 30, 1, 79, 342),
(20230149, '0000-00-00', 27, 7, 2023, 30, 1, 79, 342),
(20230150, '0000-00-00', 28, 7, 2023, 30, 1, 79, 342),
(20230151, '0000-00-00', 1, 8, 2023, 31, 1, 80, 343),
(20230152, '0000-00-00', 2, 8, 2023, 31, 1, 80, 343),
(20230153, '0000-00-00', 3, 8, 2023, 31, 1, 80, 343),
(20230154, '0000-00-00', 4, 8, 2023, 31, 1, 80, 343),
(20230155, '0000-00-00', 7, 8, 2023, 32, 1, 80, 344),
(20230156, '0000-00-00', 8, 8, 2023, 32, 1, 80, 344),
(20230157, '0000-00-00', 9, 8, 2023, 32, 1, 80, 344),
(20230158, '0000-00-00', 10, 8, 2023, 32, 1, 80, 344),
(20230159, '0000-00-00', 11, 8, 2023, 32, 1, 80, 344),
(20230160, '0000-00-00', 14, 8, 2023, 33, 1, 80, 345),
(20230161, '0000-00-00', 15, 8, 2023, 33, 1, 80, 345),
(20230162, '0000-00-00', 16, 8, 2023, 33, 1, 80, 345),
(20230163, '0000-00-00', 17, 8, 2023, 33, 1, 80, 345),
(20230164, '0000-00-00', 18, 8, 2023, 33, 1, 80, 345),
(20230165, '0000-00-00', 21, 8, 2023, 34, 1, 80, 346),
(20230166, '0000-00-00', 22, 8, 2023, 34, 1, 80, 346),
(20230167, '0000-00-00', 23, 8, 2023, 34, 1, 80, 346),
(20230168, '0000-00-00', 24, 8, 2023, 34, 1, 80, 346),
(20230169, '0000-00-00', 25, 8, 2023, 34, 1, 80, 346),
(20230170, '0000-00-00', 28, 8, 2023, 35, 1, 80, 347),
(20230171, '0000-00-00', 29, 8, 2023, 35, 1, 80, 347),
(20230172, '0000-00-00', 30, 8, 2023, 35, 1, 80, 347),
(20230173, '0000-00-00', 31, 8, 2023, 35, 1, 80, 347),
(20230174, '0000-00-00', 1, 9, 2023, 35, 1, 81, 347),
(20230175, '0000-00-00', 4, 9, 2023, 36, 1, 81, 348),
(20230176, '0000-00-00', 5, 9, 2023, 36, 1, 81, 348),
(20230177, '0000-00-00', 6, 9, 2023, 36, 1, 81, 348),
(20230178, '0000-00-00', 7, 9, 2023, 36, 1, 81, 348),
(20230179, '0000-00-00', 8, 9, 2023, 36, 1, 81, 348),
(20230180, '0000-00-00', 11, 9, 2023, 37, 1, 81, 349),
(20230181, '0000-00-00', 12, 9, 2023, 37, 1, 81, 349),
(20230182, '0000-00-00', 13, 9, 2023, 37, 1, 81, 349),
(20230183, '0000-00-00', 14, 9, 2023, 37, 1, 81, 349),
(20230184, '0000-00-00', 15, 9, 2023, 37, 1, 81, 349),
(20230185, '0000-00-00', 18, 9, 2023, 38, 1, 81, 350),
(20230186, '0000-00-00', 19, 9, 2023, 38, 1, 81, 350),
(20230187, '0000-00-00', 20, 9, 2023, 38, 1, 81, 350),
(20230188, '0000-00-00', 21, 9, 2023, 38, 1, 81, 350),
(20230189, '0000-00-00', 22, 9, 2023, 38, 1, 81, 350),
(20230190, '0000-00-00', 25, 9, 2023, 39, 1, 81, 351),
(20230191, '0000-00-00', 26, 9, 2023, 39, 1, 81, 351),
(20230192, '0000-00-00', 27, 9, 2023, 39, 1, 81, 351),
(20230193, '0000-00-00', 28, 9, 2023, 39, 1, 81, 351),
(20230194, '0000-00-00', 29, 9, 2023, 39, 1, 81, 351),
(20230195, '0000-00-00', 2, 10, 2023, 40, 1, 82, 352),
(20230196, '0000-00-00', 3, 10, 2023, 40, 1, 82, 352),
(20230197, '0000-00-00', 4, 10, 2023, 40, 1, 82, 352),
(20230198, '0000-00-00', 5, 10, 2023, 40, 1, 82, 352),
(20230199, '0000-00-00', 6, 10, 2023, 40, 1, 82, 352),
(20230200, '0000-00-00', 9, 10, 2023, 41, 1, 82, 353),
(20230201, '0000-00-00', 10, 10, 2023, 41, 1, 82, 353),
(20230202, '0000-00-00', 11, 10, 2023, 41, 1, 82, 353),
(20230203, '0000-00-00', 12, 10, 2023, 41, 1, 82, 353),
(20230204, '0000-00-00', 13, 10, 2023, 41, 1, 82, 353),
(20230205, '0000-00-00', 16, 10, 2023, 42, 1, 82, 354),
(20230206, '0000-00-00', 17, 10, 2023, 42, 1, 82, 354),
(20230207, '0000-00-00', 18, 10, 2023, 42, 1, 82, 354),
(20230208, '0000-00-00', 19, 10, 2023, 42, 1, 82, 354),
(20230209, '0000-00-00', 20, 10, 2023, 42, 1, 82, 354),
(20230210, '0000-00-00', 23, 10, 2023, 43, 1, 82, 355),
(20230211, '0000-00-00', 24, 10, 2023, 43, 1, 82, 355),
(20230212, '0000-00-00', 25, 10, 2023, 43, 1, 82, 355),
(20230213, '0000-00-00', 26, 10, 2023, 43, 1, 82, 355),
(20230214, '0000-00-00', 27, 10, 2023, 43, 1, 82, 355),
(20230215, '0000-00-00', 30, 10, 2023, 44, 1, 82, 356),
(20230216, '0000-00-00', 31, 10, 2023, 44, 1, 82, 356),
(20230217, '0000-00-00', 1, 11, 2023, 44, 1, 83, 356),
(20230218, '0000-00-00', 2, 11, 2023, 44, 1, 83, 356),
(20230219, '0000-00-00', 3, 11, 2023, 44, 1, 83, 356),
(20230220, '0000-00-00', 6, 11, 2023, 45, 1, 83, 357),
(20230221, '0000-00-00', 7, 11, 2023, 45, 1, 83, 357),
(20230222, '0000-00-00', 8, 11, 2023, 45, 1, 83, 357),
(20230223, '0000-00-00', 9, 11, 2023, 45, 1, 83, 357),
(20230224, '0000-00-00', 10, 11, 2023, 45, 1, 83, 357),
(20230225, '0000-00-00', 13, 11, 2023, 46, 1, 83, 358),
(20230226, '0000-00-00', 14, 11, 2023, 46, 1, 83, 358),
(20230227, '0000-00-00', 15, 11, 2023, 46, 1, 83, 358),
(20230228, '0000-00-00', 16, 11, 2023, 46, 1, 83, 358),
(20230229, '0000-00-00', 17, 11, 2023, 46, 1, 83, 358),
(20230230, '0000-00-00', 20, 11, 2023, 47, 1, 83, 359),
(20230231, '0000-00-00', 21, 11, 2023, 47, 1, 83, 359),
(20230232, '0000-00-00', 22, 11, 2023, 47, 1, 83, 359),
(20230233, '0000-00-00', 23, 11, 2023, 47, 1, 83, 359),
(20230234, '0000-00-00', 24, 11, 2023, 47, 1, 83, 359),
(20230235, '0000-00-00', 27, 11, 2023, 48, 1, 83, 360),
(20230236, '0000-00-00', 28, 11, 2023, 48, 1, 83, 360),
(20230237, '0000-00-00', 29, 11, 2023, 48, 1, 83, 360),
(20230238, '0000-00-00', 30, 11, 2023, 48, 1, 83, 360),
(20230239, '0000-00-00', 1, 12, 2023, 48, 1, 84, 360),
(20230240, '0000-00-00', 4, 12, 2023, 49, 1, 84, 361),
(20230241, '0000-00-00', 5, 12, 2023, 49, 1, 84, 361),
(20230242, '0000-00-00', 6, 12, 2023, 49, 1, 84, 361),
(20230243, '0000-00-00', 7, 12, 2023, 49, 1, 84, 361),
(20230244, '0000-00-00', 8, 12, 2023, 49, 1, 84, 361),
(20230245, '0000-00-00', 11, 12, 2023, 50, 1, 84, 362),
(20230246, '0000-00-00', 12, 12, 2023, 50, 1, 84, 362),
(20230247, '0000-00-00', 13, 12, 2023, 50, 1, 84, 362),
(20230248, '0000-00-00', 14, 12, 2023, 50, 1, 84, 362),
(20230249, '0000-00-00', 15, 12, 2023, 50, 1, 84, 362),
(20230250, '0000-00-00', 18, 12, 2023, 51, 1, 84, 363),
(20230251, '0000-00-00', 19, 12, 2023, 51, 1, 84, 363),
(20230252, '0000-00-00', 20, 12, 2023, 51, 1, 84, 363),
(20230253, '0000-00-00', 21, 12, 2023, 51, 1, 84, 363),
(20230254, '0000-00-00', 22, 12, 2023, 51, 1, 84, 363),
(20230255, '0000-00-00', 25, 12, 2023, 52, 1, 84, 364),
(20230256, '0000-00-00', 26, 12, 2023, 52, 1, 84, 364),
(20230257, '0000-00-00', 27, 12, 2023, 52, 1, 84, 364),
(20230258, '0000-00-00', 28, 12, 2023, 52, 1, 84, 364);

-- --------------------------------------------------------

--
-- Structure de la table `table_t_mois`
--

CREATE TABLE `table_t_mois` (
  `id_M` int(4) NOT NULL,
  `mois` int(4) NOT NULL,
  `id_A` int(4) NOT NULL
) ENGINE=InnoDB DEFAULT CHARSET=utf8mb4 COLLATE=utf8mb4_general_ci;

--
-- Déchargement des données de la table `table_t_mois`
--

INSERT INTO `table_t_mois` (`id_M`, `mois`, `id_A`) VALUES
(1, 1, 17),
(2, 2, 17),
(3, 3, 17),
(4, 4, 17),
(5, 5, 17),
(6, 6, 17),
(7, 7, 17),
(8, 8, 17),
(9, 9, 17),
(10, 10, 17),
(11, 11, 17),
(12, 12, 17),
(13, 1, 18),
(14, 2, 18),
(15, 3, 18),
(16, 4, 18),
(17, 5, 18),
(18, 6, 18),
(19, 7, 18),
(20, 8, 18),
(21, 9, 18),
(22, 10, 18),
(23, 11, 18),
(24, 12, 18),
(25, 1, 19),
(26, 2, 19),
(27, 3, 19),
(28, 4, 19),
(29, 5, 19),
(30, 6, 19),
(31, 7, 19),
(32, 8, 19),
(33, 9, 19),
(34, 10, 19),
(35, 11, 19),
(36, 12, 19),
(37, 1, 20),
(38, 2, 20),
(39, 3, 20),
(40, 4, 20),
(41, 5, 20),
(42, 6, 20),
(43, 7, 20),
(44, 8, 20),
(45, 9, 20),
(46, 10, 20),
(47, 11, 20),
(48, 12, 20),
(49, 1, 21),
(50, 2, 21),
(51, 3, 21),
(52, 4, 21),
(53, 5, 21),
(54, 6, 21),
(55, 7, 21),
(56, 8, 21),
(57, 9, 21),
(58, 10, 21),
(59, 11, 21),
(60, 12, 21),
(61, 1, 22),
(62, 2, 22),
(63, 3, 22),
(64, 4, 22),
(65, 5, 22),
(66, 6, 22),
(67, 7, 22),
(68, 8, 22),
(69, 9, 22),
(70, 10, 22),
(71, 11, 22),
(72, 12, 22),
(73, 1, 23),
(74, 2, 23),
(75, 3, 23),
(76, 4, 23),
(77, 5, 23),
(78, 6, 23),
(79, 7, 23),
(80, 8, 23),
(81, 9, 23),
(82, 10, 23),
(83, 11, 23),
(84, 12, 23);

-- --------------------------------------------------------

--
-- Structure de la table `table_t_semaine`
--

CREATE TABLE `table_t_semaine` (
  `id_S` int(8) NOT NULL,
  `semaine` int(8) NOT NULL,
  `id_A` int(4) NOT NULL
) ENGINE=InnoDB DEFAULT CHARSET=utf8mb4 COLLATE=utf8mb4_general_ci;

--
-- Déchargement des données de la table `table_t_semaine`
--

INSERT INTO `table_t_semaine` (`id_S`, `semaine`, `id_A`) VALUES
(1, 1, 17),
(2, 2, 17),
(3, 3, 17),
(4, 4, 17),
(5, 5, 17),
(6, 6, 17),
(7, 7, 17),
(8, 8, 17),
(9, 9, 17),
(10, 10, 17),
(11, 11, 17),
(12, 12, 17),
(13, 13, 17),
(14, 14, 17),
(15, 15, 17),
(16, 16, 17),
(17, 17, 17),
(18, 18, 17),
(19, 19, 17),
(20, 20, 17),
(21, 21, 17),
(22, 22, 17),
(23, 23, 17),
(24, 24, 17),
(25, 25, 17),
(26, 26, 17),
(27, 27, 17),
(28, 28, 17),
(29, 29, 17),
(30, 30, 17),
(31, 31, 17),
(32, 32, 17),
(33, 33, 17),
(34, 34, 17),
(35, 35, 17),
(36, 36, 17),
(37, 37, 17),
(38, 38, 17),
(39, 39, 17),
(40, 40, 17),
(41, 41, 17),
(42, 42, 17),
(43, 43, 17),
(44, 44, 17),
(45, 45, 17),
(46, 46, 17),
(47, 47, 17),
(48, 48, 17),
(49, 49, 17),
(50, 50, 17),
(51, 51, 17),
(52, 52, 17),
(53, 1, 18),
(54, 2, 18),
(55, 3, 18),
(56, 4, 18),
(57, 5, 18),
(58, 6, 18),
(59, 7, 18),
(60, 8, 18),
(61, 9, 18),
(62, 10, 18),
(63, 11, 18),
(64, 12, 18),
(65, 13, 18),
(66, 14, 18),
(67, 15, 18),
(68, 16, 18),
(69, 17, 18),
(70, 18, 18),
(71, 19, 18),
(72, 20, 18),
(73, 21, 18),
(74, 22, 18),
(75, 23, 18),
(76, 24, 18),
(77, 25, 18),
(78, 26, 18),
(79, 27, 18),
(80, 28, 18),
(81, 29, 18),
(82, 30, 18),
(83, 31, 18),
(84, 32, 18),
(85, 33, 18),
(86, 34, 18),
(87, 35, 18),
(88, 36, 18),
(89, 37, 18),
(90, 38, 18),
(91, 39, 18),
(92, 40, 18),
(93, 41, 18),
(94, 42, 18),
(95, 43, 18),
(96, 44, 18),
(97, 45, 18),
(98, 46, 18),
(99, 47, 18),
(100, 48, 18),
(101, 49, 18),
(102, 50, 18),
(103, 51, 18),
(104, 52, 18),
(105, 1, 19),
(106, 2, 19),
(107, 3, 19),
(108, 4, 19),
(109, 5, 19),
(110, 6, 19),
(111, 7, 19),
(112, 8, 19),
(113, 9, 19),
(114, 10, 19),
(115, 11, 19),
(116, 12, 19),
(117, 13, 19),
(118, 14, 19),
(119, 15, 19),
(120, 16, 19),
(121, 17, 19),
(122, 18, 19),
(123, 19, 19),
(124, 20, 19),
(125, 21, 19),
(126, 22, 19),
(127, 23, 19),
(128, 24, 19),
(129, 25, 19),
(130, 26, 19),
(131, 27, 19),
(132, 28, 19),
(133, 29, 19),
(134, 30, 19),
(135, 31, 19),
(136, 32, 19),
(137, 33, 19),
(138, 34, 19),
(139, 35, 19),
(140, 36, 19),
(141, 37, 19),
(142, 38, 19),
(143, 39, 19),
(144, 40, 19),
(145, 41, 19),
(146, 42, 19),
(147, 43, 19),
(148, 44, 19),
(149, 45, 19),
(150, 46, 19),
(151, 47, 19),
(152, 48, 19),
(153, 49, 19),
(154, 50, 19),
(155, 51, 19),
(156, 52, 19),
(157, 1, 20),
(158, 2, 20),
(159, 3, 20),
(160, 4, 20),
(161, 5, 20),
(162, 6, 20),
(163, 7, 20),
(164, 8, 20),
(165, 9, 20),
(166, 10, 20),
(167, 11, 20),
(168, 12, 20),
(169, 13, 20),
(170, 14, 20),
(171, 15, 20),
(172, 16, 20),
(173, 17, 20),
(174, 18, 20),
(175, 19, 20),
(176, 20, 20),
(177, 21, 20),
(178, 22, 20),
(179, 23, 20),
(180, 24, 20),
(181, 25, 20),
(182, 26, 20),
(183, 27, 20),
(184, 28, 20),
(185, 29, 20),
(186, 30, 20),
(187, 31, 20),
(188, 32, 20),
(189, 33, 20),
(190, 34, 20),
(191, 35, 20),
(192, 36, 20),
(193, 37, 20),
(194, 38, 20),
(195, 39, 20),
(196, 40, 20),
(197, 41, 20),
(198, 42, 20),
(199, 43, 20),
(200, 44, 20),
(201, 45, 20),
(202, 46, 20),
(203, 47, 20),
(204, 48, 20),
(205, 49, 20),
(206, 50, 20),
(207, 51, 20),
(208, 52, 20),
(209, 1, 21),
(210, 2, 21),
(211, 3, 21),
(212, 4, 21),
(213, 5, 21),
(214, 6, 21),
(215, 7, 21),
(216, 8, 21),
(217, 9, 21),
(218, 10, 21),
(219, 11, 21),
(220, 12, 21),
(221, 13, 21),
(222, 14, 21),
(223, 15, 21),
(224, 16, 21),
(225, 17, 21),
(226, 18, 21),
(227, 19, 21),
(228, 20, 21),
(229, 21, 21),
(230, 22, 21),
(231, 23, 21),
(232, 24, 21),
(233, 25, 21),
(234, 26, 21),
(235, 27, 21),
(236, 28, 21),
(237, 29, 21),
(238, 30, 21),
(239, 31, 21),
(240, 32, 21),
(241, 33, 21),
(242, 34, 21),
(243, 35, 21),
(244, 36, 21),
(245, 37, 21),
(246, 38, 21),
(247, 39, 21),
(248, 40, 21),
(249, 41, 21),
(250, 42, 21),
(251, 43, 21),
(252, 44, 21),
(253, 45, 21),
(254, 46, 21),
(255, 47, 21),
(256, 48, 21),
(257, 49, 21),
(258, 50, 21),
(259, 51, 21),
(260, 52, 21),
(261, 1, 22),
(262, 2, 22),
(263, 3, 22),
(264, 4, 22),
(265, 5, 22),
(266, 6, 22),
(267, 7, 22),
(268, 8, 22),
(269, 9, 22),
(270, 10, 22),
(271, 11, 22),
(272, 12, 22),
(273, 13, 22),
(274, 14, 22),
(275, 15, 22),
(276, 16, 22),
(277, 17, 22),
(278, 18, 22),
(279, 19, 22),
(280, 20, 22),
(281, 21, 22),
(282, 22, 22),
(283, 23, 22),
(284, 24, 22),
(285, 25, 22),
(286, 26, 22),
(287, 27, 22),
(288, 28, 22),
(289, 29, 22),
(290, 30, 22),
(291, 31, 22),
(292, 32, 22),
(293, 33, 22),
(294, 34, 22),
(295, 35, 22),
(296, 36, 22),
(297, 37, 22),
(298, 38, 22),
(299, 39, 22),
(300, 40, 22),
(301, 41, 22),
(302, 42, 22),
(303, 43, 22),
(304, 44, 22),
(305, 45, 22),
(306, 46, 22),
(307, 47, 22),
(308, 48, 22),
(309, 49, 22),
(310, 50, 22),
(311, 51, 22),
(312, 52, 22),
(313, 1, 23),
(314, 2, 23),
(315, 3, 23),
(316, 4, 23),
(317, 5, 23),
(318, 6, 23),
(319, 7, 23),
(320, 8, 23),
(321, 9, 23),
(322, 10, 23),
(323, 11, 23),
(324, 12, 23),
(325, 13, 23),
(326, 14, 23),
(327, 15, 23),
(328, 16, 23),
(329, 17, 23),
(330, 18, 23),
(331, 19, 23),
(332, 20, 23),
(333, 21, 23),
(334, 22, 23),
(335, 23, 23),
(336, 24, 23),
(337, 25, 23),
(338, 26, 23),
(339, 27, 23),
(340, 28, 23),
(341, 29, 23),
(342, 30, 23),
(343, 31, 23),
(344, 32, 23),
(345, 33, 23),
(346, 34, 23),
(347, 35, 23),
(348, 36, 23),
(349, 37, 23),
(350, 38, 23),
(351, 39, 23),
(352, 40, 23),
(353, 41, 23),
(354, 42, 23),
(355, 43, 23),
(356, 44, 23),
(357, 45, 23),
(358, 46, 23),
(359, 47, 23),
(360, 48, 23),
(361, 49, 23),
(362, 50, 23),
(363, 51, 23),
(364, 52, 23);

--
-- Index pour les tables déchargées
--

--
-- Index pour la table `faits_patient`
--
ALTER TABLE `faits_patient`
  ADD KEY `ContrainteFromDate` (`id_D`),
  ADD KEY `ContrainteFromTypePatient` (`id_patient`);

--
-- Index pour la table `faits_recettes`
--
ALTER TABLE `faits_recettes`
  ADD KEY `ContrainteFromTypePaiement` (`id_paiement`),
  ADD KEY `ContrainteFromIDDate` (`id_D`);

--
-- Index pour la table `table_type_jour`
--
ALTER TABLE `table_type_jour`
  ADD PRIMARY KEY (`id_t_jour`);

--
-- Index pour la table `table_type_paiement`
--
ALTER TABLE `table_type_paiement`
  ADD PRIMARY KEY (`id_paiement`);

--
-- Index pour la table `table_type_patient`
--
ALTER TABLE `table_type_patient`
  ADD PRIMARY KEY (`id_patient`);

--
-- Index pour la table `table_t_annee`
--
ALTER TABLE `table_t_annee`
  ADD PRIMARY KEY (`id_A`);

--
-- Index pour la table `table_t_date`
--
ALTER TABLE `table_t_date`
  ADD PRIMARY KEY (`id_D`),
  ADD KEY `ContrainteFromTypeJour` (`id_t_jour`),
  ADD KEY `ContrainteFromMois` (`id_M`),
  ADD KEY `ContrainteFromSemaine` (`id_S`);

--
-- Index pour la table `table_t_mois`
--
ALTER TABLE `table_t_mois`
  ADD PRIMARY KEY (`id_M`),
  ADD KEY `ContrainteFromAnneeMois` (`id_A`);

--
-- Index pour la table `table_t_semaine`
--
ALTER TABLE `table_t_semaine`
  ADD PRIMARY KEY (`id_S`),
  ADD KEY `ContrainteFromAnneeSemaine` (`id_A`);

--
-- Contraintes pour les tables déchargées
--

--
-- Contraintes pour la table `faits_patient`
--
ALTER TABLE `faits_patient`
  ADD CONSTRAINT `ContrainteFromDate` FOREIGN KEY (`id_D`) REFERENCES `table_t_date` (`id_D`),
  ADD CONSTRAINT `ContrainteFromTypePatient` FOREIGN KEY (`id_patient`) REFERENCES `table_type_patient` (`id_patient`);

--
-- Contraintes pour la table `faits_recettes`
--
ALTER TABLE `faits_recettes`
  ADD CONSTRAINT `ContrainteFromIDDate` FOREIGN KEY (`id_D`) REFERENCES `table_t_date` (`id_D`),
  ADD CONSTRAINT `ContrainteFromTypePaiement` FOREIGN KEY (`id_paiement`) REFERENCES `table_type_paiement` (`id_paiement`);

--
-- Contraintes pour la table `table_t_date`
--
ALTER TABLE `table_t_date`
  ADD CONSTRAINT `ContrainteFromMois` FOREIGN KEY (`id_M`) REFERENCES `table_t_mois` (`id_M`),
  ADD CONSTRAINT `ContrainteFromSemaine` FOREIGN KEY (`id_S`) REFERENCES `table_t_semaine` (`id_S`),
  ADD CONSTRAINT `ContrainteFromTypeJour` FOREIGN KEY (`id_t_jour`) REFERENCES `table_type_jour` (`id_t_jour`);

--
-- Contraintes pour la table `table_t_mois`
--
ALTER TABLE `table_t_mois`
  ADD CONSTRAINT `ContrainteFromAnneeMois` FOREIGN KEY (`id_A`) REFERENCES `table_t_annee` (`id_A`);

--
-- Contraintes pour la table `table_t_semaine`
--
ALTER TABLE `table_t_semaine`
  ADD CONSTRAINT `ContrainteFromAnneeSemaine` FOREIGN KEY (`id_A`) REFERENCES `table_t_annee` (`id_A`);
COMMIT;

/*!40101 SET CHARACTER_SET_CLIENT=@OLD_CHARACTER_SET_CLIENT */;
/*!40101 SET CHARACTER_SET_RESULTS=@OLD_CHARACTER_SET_RESULTS */;
/*!40101 SET COLLATION_CONNECTION=@OLD_COLLATION_CONNECTION */;
